manager_id,department_id,department_size,department_satisfaction_score,tenure,n_of_reports,training,employee_satisfaction_score
0,76,843,0.22407651434157,6,4,1,0.2773586221959551
1,76,843,0.22407651434157,4,8,1,-0.4496463935390407
2,76,843,0.22407651434157,6,4,1,0.769703440352199
3,76,843,0.22407651434157,6,4,1,-0.1217627027417321
4,76,843,0.22407651434157,6,4,1,1.5261466461142774
5,76,843,0.22407651434157,6,4,1,0.0096073233984832
6,76,843,0.22407651434157,6,4,1,1.7430329196802925
7,76,843,0.22407651434157,6,4,1,0.9532942616291004
8,76,843,0.22407651434157,6,5,1,2.3677795136271187
9,76,843,0.22407651434157,6,4,1,1.2644091105993496
10,76,843,0.22407651434157,6,5,1,-0.5585651911167572
11,76,843,0.22407651434157,4,4,1,-2.054750982195676
12,76,843,0.22407651434157,6,4,1,-0.2407153805769799
13,76,843,0.22407651434157,6,4,1,0.5391267477171304
14,76,843,0.22407651434157,6,4,1,-0.0291514855226349
15,76,843,0.22407651434157,6,1,1,-0.2498958579292691
16,76,843,0.22407651434157,4,4,1,-0.0603209476653074
17,76,843,0.22407651434157,6,4,1,-0.2452304589993686
18,76,843,0.22407651434157,6,4,1,0.6108029104500056
19,76,843,0.22407651434157,6,4,1,0.5558404833099155
20,76,843,0.22407651434157,7,5,1,2.22271556487665
21,76,843,0.22407651434157,5,4,1,-0.0751669545132035
22,76,843,0.22407651434157,5,4,1,0.3141924121780932
23,76,843,0.22407651434157,5,4,1,0.1637035540548882
24,76,843,0.22407651434157,6,4,1,1.2095314860089044
25,76,843,0.22407651434157,6,4,1,0.5499233260074493
26,76,843,0.22407651434157,6,4,1,0.632926037990199
27,76,843,0.22407651434157,6,8,1,0.853921533182822
28,76,843,0.22407651434157,6,4,1,0.4471281470917828
29,76,843,0.22407651434157,5,4,1,1.1874563553647837
30,76,843,0.22407651434157,5,4,1,-0.1157649431706438
31,76,843,0.22407651434157,3,4,1,-1.395034491328394
32,76,843,0.22407651434157,5,4,1,1.0588272597008583
33,76,843,0.22407651434157,5,4,1,0.3823722858528815
34,76,843,0.22407651434157,3,4,1,-1.9199143394692764
35,76,843,0.22407651434157,6,4,1,1.3705049294877245
36,76,843,0.22407651434157,4,4,1,-0.6130787781085852
37,76,843,0.22407651434157,5,2,1,0.2730025535458719
38,76,843,0.22407651434157,6,4,1,-0.2970697904239424
39,76,843,0.22407651434157,6,4,1,1.7823119044005058
40,76,843,0.22407651434157,5,4,1,-0.1452299622654103
41,76,843,0.22407651434157,6,4,1,1.2909518863913865
42,76,843,0.22407651434157,6,4,1,0.064770078170085
43,76,843,0.22407651434157,6,4,1,-0.136869902479044
44,76,843,0.22407651434157,6,4,1,-0.3934217823513919
45,76,843,0.22407651434157,6,4,1,1.008107133580703
46,76,843,0.22407651434157,6,4,1,0.102684013200241
47,76,843,0.22407651434157,5,4,1,-0.3492188337983056
48,76,843,0.22407651434157,7,1,1,1.3141638057289633
49,76,843,0.22407651434157,5,4,1,-0.3967283731509474
50,76,843,0.22407651434157,5,4,1,1.097802701860085
51,76,843,0.22407651434157,5,4,1,-0.5651123469820004
52,76,843,0.22407651434157,6,4,1,1.155924198223322
53,76,843,0.22407651434157,6,4,1,0.2068342931143423
54,76,843,0.22407651434157,6,4,1,0.5905339423849375
55,76,843,0.22407651434157,5,1,1,-0.0601278033546232
56,76,843,0.22407651434157,5,4,1,2.289310170830184
57,76,843,0.22407651434157,5,5,1,0.4568305339242044
58,76,843,0.22407651434157,3,4,1,-0.9443487145579536
59,76,843,0.22407651434157,6,4,1,-0.144393478104543
60,76,843,0.22407651434157,7,4,1,1.941076886623989
61,76,843,0.22407651434157,4,4,1,-0.1947954864199799
62,76,843,0.22407651434157,7,1,1,0.753741898373472
63,76,843,0.22407651434157,6,4,1,0.1421216074658864
64,75,665,0.230755432558687,6,2,1,0.4680632264318385
65,75,665,0.230755432558687,6,2,1,-0.022177560597407
66,75,665,0.230755432558687,6,2,1,1.0267152696340636
67,75,665,0.230755432558687,6,2,1,1.6800558582625909
68,75,665,0.230755432558687,5,8,1,0.259523701138408
69,75,665,0.230755432558687,6,2,1,0.5162404798590563
70,75,665,0.230755432558687,5,2,1,0.6205637343725224
71,75,665,0.230755432558687,5,2,1,0.704263204639465
72,75,665,0.230755432558687,3,2,1,-0.3813158428597986
73,75,665,0.230755432558687,6,2,1,2.082427488320271
74,75,665,0.230755432558687,5,8,1,1.125322388888297
75,75,665,0.230755432558687,5,2,1,0.0661291114886243
76,75,665,0.230755432558687,6,2,1,-0.1988867411251302
77,75,665,0.230755432558687,5,2,1,0.9165510868882124
78,75,665,0.230755432558687,7,2,1,1.6607820315334565
79,75,665,0.230755432558687,4,8,1,-0.0595065075688608
80,75,665,0.230755432558687,5,8,1,-0.5113706909477093
81,75,665,0.230755432558687,7,8,1,1.3261647162726269
82,75,665,0.230755432558687,6,2,1,-0.9755899808975056
83,75,665,0.230755432558687,4,8,1,-1.127089247246309
84,75,665,0.230755432558687,5,2,1,-0.7773116926147315
85,75,665,0.230755432558687,6,4,1,-0.4480920791215869
86,75,665,0.230755432558687,5,4,1,-0.3832535126942824
87,75,665,0.230755432558687,4,4,1,-1.8192026835151016
88,75,665,0.230755432558687,6,2,1,0.7185083392701863
89,75,665,0.230755432558687,5,8,1,0.5460805631520197
90,75,665,0.230755432558687,5,2,1,-0.7806024506480688
91,75,665,0.230755432558687,6,2,1,1.0361018724229865
92,75,665,0.230755432558687,6,4,1,0.6057983048056981
93,75,665,0.230755432558687,6,2,1,0.6227648265983282
94,75,665,0.230755432558687,6,8,1,1.732434532063609
95,75,665,0.230755432558687,5,2,1,1.1178883064750411
96,75,665,0.230755432558687,5,8,1,-0.1092921950634459
97,75,665,0.230755432558687,6,4,1,-0.2039978955409664
98,75,665,0.230755432558687,7,8,1,2.10245593740564
99,75,665,0.230755432558687,6,8,1,-0.4261707672365498
100,75,665,0.230755432558687,3,2,1,-0.900576322883579
101,75,665,0.230755432558687,4,2,1,-0.0393227666416782
102,75,665,0.230755432558687,4,4,1,-0.3230143841935876
103,75,665,0.230755432558687,3,8,1,-0.2391410597500216
104,75,665,0.230755432558687,3,8,1,-0.3001678910120611
105,75,665,0.230755432558687,6,4,1,0.8252692243830977
106,75,665,0.230755432558687,5,2,1,1.7395991347361976
107,75,665,0.230755432558687,6,4,1,0.6387182808837998
108,75,665,0.230755432558687,6,4,1,-0.4142560214206046
109,75,665,0.230755432558687,5,2,1,0.1206015928470198
110,75,665,0.230755432558687,6,2,1,1.2556061683852116
111,75,665,0.230755432558687,7,2,1,1.0844541517916042
112,75,665,0.230755432558687,5,8,1,0.6486414856210808
113,75,665,0.230755432558687,5,6,1,-0.9756606068747036
114,75,665,0.230755432558687,5,2,1,1.0014318733189689
115,74,1280,-0.65713146933399,5,4,1,-0.0893256208618756
116,74,1280,-0.65713146933399,5,4,1,-0.922160078143416
117,74,1280,-0.65713146933399,5,2,1,-0.2365993766889033
118,74,1280,-0.65713146933399,5,4,1,-1.0449281909480976
119,74,1280,-0.65713146933399,4,8,1,-1.4478514981141954
120,74,1280,-0.65713146933399,3,1,1,-1.6260233653888156
121,74,1280,-0.65713146933399,4,8,1,-0.1615685595686711
122,74,1280,-0.65713146933399,5,5,1,0.3190202397693766
123,74,1280,-0.65713146933399,4,8,1,-0.7285714055466218
124,74,1280,-0.65713146933399,5,4,1,-1.946984008077929
125,74,1280,-0.65713146933399,6,4,1,0.1584944027986407
126,74,1280,-0.65713146933399,7,4,1,0.8598923509069963
127,74,1280,-0.65713146933399,7,1,1,1.136513551491366
128,74,1280,-0.65713146933399,6,4,1,-0.5533068669713664
129,74,1280,-0.65713146933399,7,4,1,0.8803969673750698
130,74,1280,-0.65713146933399,4,8,1,-0.6763693301520698
131,74,1280,-0.65713146933399,3,4,1,-1.3573634750451984
132,74,1280,-0.65713146933399,3,8,1,-1.4007417476186237
133,74,1280,-0.65713146933399,7,8,1,0.18385317944711
134,74,1280,-0.65713146933399,5,1,1,0.821772291716917
135,74,1280,-0.65713146933399,6,2,1,-0.2532574888242209
136,74,1280,-0.65713146933399,5,2,1,-0.6900179095173041
137,74,1280,-0.65713146933399,6,4,1,0.0328719626294189
138,74,1280,-0.65713146933399,3,4,1,0.3012045200211089
139,74,1280,-0.65713146933399,5,4,1,-0.7625334305651255
140,74,1280,-0.65713146933399,6,2,1,-0.0885857263740514
141,74,1280,-0.65713146933399,5,8,1,-0.4775481535303295
142,74,1280,-0.65713146933399,6,4,1,-1.2808526952092694
143,74,1280,-0.65713146933399,4,7,1,-0.8256956402121532
144,74,1280,-0.65713146933399,5,8,1,-1.0263156545690968
145,74,1280,-0.65713146933399,7,8,1,2.5281089252744384
146,74,1280,-0.65713146933399,6,8,1,0.7076136384855716
147,74,1280,-0.65713146933399,4,8,1,-0.0009795581131709
148,74,1280,-0.65713146933399,3,5,1,-0.6792959909278821
149,74,1280,-0.65713146933399,5,8,1,-0.9800548847811592
150,74,1280,-0.65713146933399,6,4,1,-0.1607586637747765
151,74,1280,-0.65713146933399,6,4,1,-0.0100327698329618
152,74,1280,-0.65713146933399,4,4,1,-0.7287804127645146
153,74,1280,-0.65713146933399,6,3,1,0.6879057258906006
154,74,1280,-0.65713146933399,4,2,1,-1.4225052459172465
155,74,1280,-0.65713146933399,5,2,1,-0.1427171052568565
156,74,1280,-0.65713146933399,5,1,1,-0.0831720437846062
157,74,1280,-0.65713146933399,3,4,1,-2.2220291781987256
158,74,1280,-0.65713146933399,7,4,1,0.8264792071893087
159,74,1280,-0.65713146933399,5,4,1,-1.2077832792580203
160,74,1280,-0.65713146933399,6,4,1,-0.4279339483595079
161,74,1280,-0.65713146933399,6,8,1,-0.1978335419201612
162,74,1280,-0.65713146933399,4,8,1,-0.6973143890284152
163,74,1280,-0.65713146933399,6,5,1,0.683917141741073
164,74,1280,-0.65713146933399,5,2,1,-0.9728023343430364
165,74,1280,-0.65713146933399,5,4,1,-0.4752157890945966
166,74,1280,-0.65713146933399,5,8,1,-0.998944741472986
167,74,1280,-0.65713146933399,6,8,1,0.4314869625783967
168,74,1280,-0.65713146933399,5,4,1,-0.090404581720197
169,74,1280,-0.65713146933399,6,2,1,0.2847412545201275
170,74,1280,-0.65713146933399,5,8,1,-0.3188675961112805
171,74,1280,-0.65713146933399,5,4,1,-0.8490691687127979
172,74,1280,-0.65713146933399,3,4,1,-0.2093230127199902
173,74,1280,-0.65713146933399,5,5,1,-1.248065145873143
174,74,1280,-0.65713146933399,5,2,1,-0.9841985187269764
175,74,1280,-0.65713146933399,5,8,1,-0.3006964101471267
176,74,1280,-0.65713146933399,5,4,1,-0.1767193400590329
177,74,1280,-0.65713146933399,3,5,1,0.7947526510990364
178,74,1280,-0.65713146933399,7,5,1,-0.3951295594735802
179,74,1280,-0.65713146933399,6,8,1,0.4441427433382314
180,74,1280,-0.65713146933399,6,2,1,0.3329005872003192
181,74,1280,-0.65713146933399,6,4,1,0.0462982536595434
182,74,1280,-0.65713146933399,6,4,1,0.7020952907868934
183,74,1280,-0.65713146933399,5,4,1,-1.0789147643535515
184,74,1280,-0.65713146933399,7,4,1,2.741310309838717
185,74,1280,-0.65713146933399,6,4,1,-0.4591218774446974
186,74,1280,-0.65713146933399,5,2,1,-0.1153005072493608
187,74,1280,-0.65713146933399,5,4,1,0.4928968692501239
188,74,1280,-0.65713146933399,6,4,1,-0.1440928995707928
189,74,1280,-0.65713146933399,6,4,1,-0.9492129733419296
190,74,1280,-0.65713146933399,5,8,1,0.8052212605665312
191,74,1280,-0.65713146933399,1,2,1,-1.5320332634417957
192,74,1280,-0.65713146933399,5,4,1,-0.0640501363215932
193,74,1280,-0.65713146933399,5,4,1,0.3210104391926315
194,74,1280,-0.65713146933399,7,4,1,1.8184008326984091
195,74,1280,-0.65713146933399,5,8,1,-2.1378216739733364
196,74,1280,-0.65713146933399,6,8,1,-0.0459511266028473
197,73,1192,-0.16984861258633,4,4,1,-0.6515632261282569
198,73,1192,-0.16984861258633,6,4,1,-0.2919331908757997
199,73,1192,-0.16984861258633,5,8,1,-0.2264748041994235
200,73,1192,-0.16984861258633,5,8,1,-0.1538304368849496
201,73,1192,-0.16984861258633,6,4,1,-1.580264363008634
202,73,1192,-0.16984861258633,6,4,1,1.0967955419639135
203,73,1192,-0.16984861258633,5,4,1,-1.8000512588610469
204,73,1192,-0.16984861258633,5,4,1,-1.483539228882856
205,73,1192,-0.16984861258633,6,4,1,0.8313918948785187
206,73,1192,-0.16984861258633,6,4,1,-1.044217795790807
207,73,1192,-0.16984861258633,5,8,1,-1.3026986704747914
208,73,1192,-0.16984861258633,6,4,1,0.1827718503466633
209,73,1192,-0.16984861258633,7,4,1,0.6636864368030297
210,73,1192,-0.16984861258633,6,4,1,0.0925640224329434
211,73,1192,-0.16984861258633,6,8,1,0.497976620007677
212,73,1192,-0.16984861258633,7,4,1,0.5676423721555006
213,73,1192,-0.16984861258633,5,8,1,-0.6283627293906421
214,73,1192,-0.16984861258633,6,4,1,-0.0874417086841478
215,73,1192,-0.16984861258633,6,4,1,-0.4157119706912734
216,73,1192,-0.16984861258633,7,4,1,1.0338687653522962
217,73,1192,-0.16984861258633,5,1,1,-0.7294176399202476
218,73,1192,-0.16984861258633,5,1,1,0.9797898732027572
219,73,1192,-0.16984861258633,5,4,1,-0.6110103311996994
220,73,1192,-0.16984861258633,6,4,1,0.900819680637047
221,73,1192,-0.16984861258633,6,4,1,-1.4657626073455583
222,73,1192,-0.16984861258633,4,4,1,-0.0561795367311292
223,73,1192,-0.16984861258633,7,4,1,0.954590119151501
224,73,1192,-0.16984861258633,6,4,1,0.0790734063729369
225,73,1192,-0.16984861258633,6,4,1,-0.5044443994643171
226,73,1192,-0.16984861258633,6,4,1,-0.4443253123381404
227,73,1192,-0.16984861258633,7,1,1,0.1670012874224852
228,73,1192,-0.16984861258633,6,4,1,0.6498942551587842
229,73,1192,-0.16984861258633,7,4,1,-0.8185072461193281
230,73,1192,-0.16984861258633,6,8,1,1.1666226935877968
231,73,1192,-0.16984861258633,6,1,1,0.6413858684620024
232,73,1192,-0.16984861258633,5,1,1,-0.5065687262967054
233,73,1192,-0.16984861258633,7,4,1,-0.7869895406434357
234,73,1192,-0.16984861258633,5,8,1,-0.2881400213718924
235,73,1192,-0.16984861258633,5,8,1,-0.5332455791757326
236,73,1192,-0.16984861258633,6,8,1,-0.301334637816647
237,73,1192,-0.16984861258633,5,4,1,-1.391668074454586
238,73,1192,-0.16984861258633,4,8,1,-1.528734905524547
239,73,1192,-0.16984861258633,6,4,1,-0.5479149641050883
240,73,1192,-0.16984861258633,6,4,1,-1.6261576850506565
241,73,1192,-0.16984861258633,4,4,1,-0.4638480640226799
242,73,1192,-0.16984861258633,5,2,1,-0.7327946055268484
243,73,1192,-0.16984861258633,6,1,1,-0.7939669625740378
244,73,1192,-0.16984861258633,7,4,1,-0.8591364467512118
245,73,1192,-0.16984861258633,5,4,1,-0.009022938768009
246,73,1192,-0.16984861258633,7,5,1,0.3650429284700895
247,73,1192,-0.16984861258633,6,1,1,1.1093469457114498
248,73,1192,-0.16984861258633,7,4,1,1.5661873376253692
249,73,1192,-0.16984861258633,4,4,1,0.3028049095623468
250,73,1192,-0.16984861258633,6,4,1,-1.3520626634138502
251,73,1192,-0.16984861258633,5,8,1,0.0884933463681592
252,73,1192,-0.16984861258633,6,5,1,1.1393684086756837
253,73,1192,-0.16984861258633,5,8,1,-0.4338957664993171
254,73,1192,-0.16984861258633,5,1,1,-0.4720293385056848
255,73,1192,-0.16984861258633,6,2,1,0.5090574400294354
256,73,1192,-0.16984861258633,5,8,1,0.3406330816945414
257,73,1192,-0.16984861258633,6,4,1,-1.0977287683062102
258,73,1192,-0.16984861258633,6,1,1,1.176010229775731
259,73,1192,-0.16984861258633,5,1,1,1.4808283534280615
260,73,1192,-0.16984861258633,5,1,1,-0.1422682630218516
261,73,1192,-0.16984861258633,5,1,1,-1.4556392868446957
262,73,1192,-0.16984861258633,6,4,1,0.8323512969490017
263,73,1192,-0.16984861258633,3,8,1,0.0248768266413668
264,73,1192,-0.16984861258633,5,4,1,-0.6814975130401127
265,73,1192,-0.16984861258633,6,4,1,-0.455390063320022
266,73,1192,-0.16984861258633,7,5,1,1.1714312538227836
267,73,1192,-0.16984861258633,6,8,1,1.253534862924568
268,73,1192,-0.16984861258633,6,4,1,0.8026762150134639
269,73,1192,-0.16984861258633,6,4,1,2.30073543007368
270,73,1192,-0.16984861258633,6,4,1,0.1020489080602954
271,73,1192,-0.16984861258633,6,4,1,0.5643445899964121
272,73,1192,-0.16984861258633,6,4,1,1.6256520327151864
273,73,1192,-0.16984861258633,7,1,1,-0.1037460128293876
274,73,1192,-0.16984861258633,6,4,1,0.2235912829448636
275,73,1192,-0.16984861258633,7,4,1,-0.3021733181505875
276,73,1192,-0.16984861258633,6,8,1,0.3531780723373064
277,73,1192,-0.16984861258633,5,4,1,-0.1658036947688511
278,73,1192,-0.16984861258633,6,8,1,0.5596213618457229
279,73,1192,-0.16984861258633,6,4,1,-1.1000271197868683
280,72,1016,-0.0431594609828615,5,2,1,-0.3148947262204061
281,72,1016,-0.0431594609828615,5,4,1,0.8423666512232947
282,72,1016,-0.0431594609828615,5,2,1,-0.0188771053121647
283,72,1016,-0.0431594609828615,5,8,1,-0.0628477488086468
284,72,1016,-0.0431594609828615,6,8,1,0.9185149676560762
285,72,1016,-0.0431594609828615,5,4,1,-0.5341081806131239
286,72,1016,-0.0431594609828615,4,4,1,-0.822863599268392
287,72,1016,-0.0431594609828615,5,8,1,-0.0827102295318598
288,72,1016,-0.0431594609828615,5,4,1,-0.059963687849571
289,72,1016,-0.0431594609828615,7,4,1,1.200191634349022
290,72,1016,-0.0431594609828615,6,8,1,1.0676635496605302
291,72,1016,-0.0431594609828615,6,4,1,0.4766683778927849
292,72,1016,-0.0431594609828615,6,4,1,-0.8645462694932194
293,72,1016,-0.0431594609828615,6,4,1,0.3051439586239921
294,72,1016,-0.0431594609828615,7,4,1,1.2279496817706794
295,72,1016,-0.0431594609828615,6,2,1,0.2818837767321794
296,72,1016,-0.0431594609828615,5,8,1,-0.1614940956851222
297,72,1016,-0.0431594609828615,6,8,1,0.7022501041523165
298,72,1016,-0.0431594609828615,6,8,1,0.911487193564655
299,72,1016,-0.0431594609828615,6,4,1,1.8203415476882536
300,72,1016,-0.0431594609828615,5,8,1,-1.0422637236676666
301,72,1016,-0.0431594609828615,5,4,1,-1.435559897910784
302,72,1016,-0.0431594609828615,6,4,1,-0.6568761319973121
303,72,1016,-0.0431594609828615,4,4,1,-0.3721607957239454
304,72,1016,-0.0431594609828615,7,3,1,-0.3261573427645204
305,72,1016,-0.0431594609828615,5,8,1,-0.4012754823532979
306,72,1016,-0.0431594609828615,5,8,1,-0.9575261121651244
307,72,1016,-0.0431594609828615,4,8,1,-1.0483230387502411
308,72,1016,-0.0431594609828615,6,4,1,2.140404919136967
309,72,1016,-0.0431594609828615,6,4,1,2.148901625730213
310,72,1016,-0.0431594609828615,5,4,1,0.1106375466030308
311,72,1016,-0.0431594609828615,6,4,1,-0.3348221633535284
312,72,1016,-0.0431594609828615,7,4,1,0.121989270158362
313,72,1016,-0.0431594609828615,3,4,1,-0.4037974176768699
314,72,1016,-0.0431594609828615,6,1,1,-1.0739417962191984
315,72,1016,-0.0431594609828615,5,1,1,1.244398697341925
316,72,1016,-0.0431594609828615,6,4,1,0.7221245300397853
317,72,1016,-0.0431594609828615,5,4,1,-1.1438174605762277
318,72,1016,-0.0431594609828615,5,4,1,0.2200551311596672
319,72,1016,-0.0431594609828615,5,4,1,-1.3885932691485232
320,72,1016,-0.0431594609828615,4,8,1,-0.195395340528812
321,72,1016,-0.0431594609828615,6,4,1,1.9027284451848747
322,72,1016,-0.0431594609828615,5,8,1,0.3323238328945158
323,72,1016,-0.0431594609828615,5,4,1,0.331838853878268
324,72,1016,-0.0431594609828615,6,4,1,0.4120098118367668
325,72,1016,-0.0431594609828615,4,4,1,-0.4637610903051746
326,72,1016,-0.0431594609828615,5,4,1,-0.1077737285230517
327,72,1016,-0.0431594609828615,5,4,1,-0.2721712103335945
328,72,1016,-0.0431594609828615,5,1,1,-0.8168630296975143
329,72,1016,-0.0431594609828615,5,4,1,-0.8821885253195819
330,72,1016,-0.0431594609828615,5,8,1,0.2476701265246199
331,72,1016,-0.0431594609828615,3,4,1,-0.0536586081609529
332,72,1016,-0.0431594609828615,5,4,1,1.2974453270795456
333,72,1016,-0.0431594609828615,6,4,1,-0.5799047829729104
334,72,1016,-0.0431594609828615,6,4,1,0.0038917403097442
335,72,1016,-0.0431594609828615,6,4,1,0.3002337488116318
336,72,1016,-0.0431594609828615,6,4,1,0.6857366313624664
337,72,1016,-0.0431594609828615,7,4,1,0.9201625880255514
338,72,1016,-0.0431594609828615,6,5,1,0.7449560782215493
339,72,1016,-0.0431594609828615,7,1,1,0.3019730060068531
340,72,1016,-0.0431594609828615,5,4,1,-0.7700191755665128
341,72,1016,-0.0431594609828615,6,8,1,1.0953532030397586
342,72,1016,-0.0431594609828615,6,8,1,-0.8736358171627919
343,72,1016,-0.0431594609828615,5,4,1,-0.7000735846542804
344,72,1016,-0.0431594609828615,7,1,1,0.6604659116938676
345,72,1016,-0.0431594609828615,6,4,1,0.9189647064007254
346,72,1016,-0.0431594609828615,1,8,1,-1.0732944651403582
347,72,1016,-0.0431594609828615,6,4,1,0.3683849676123273
348,72,1016,-0.0431594609828615,5,8,1,-0.6631241148516959
349,72,1016,-0.0431594609828615,5,4,1,0.5183614664230778
350,72,1016,-0.0431594609828615,6,4,1,0.2742212184420159
351,72,1016,-0.0431594609828615,3,4,1,-0.6508697295157156
352,71,161,-1.27078375154515,6,4,1,1.5737215088215375
353,71,161,-1.27078375154515,7,4,1,1.912678397598964
354,71,161,-1.27078375154515,6,4,1,0.129527980253061
355,71,161,-1.27078375154515,7,4,1,1.556963717844089
356,71,161,-1.27078375154515,6,8,1,2.35122048878288
357,71,161,-1.27078375154515,4,8,1,0.2677896243496146
358,71,161,-1.27078375154515,6,4,1,0.9624125193952208
359,71,161,-1.27078375154515,5,4,1,0.6202199665436924
360,71,161,-1.27078375154515,6,4,1,1.1838585457981028
361,71,161,-1.27078375154515,6,4,1,1.8458494989665948
362,71,161,-1.27078375154515,6,4,1,2.496913091295444
363,71,161,-1.27078375154515,6,4,1,2.147148002096708
364,71,161,-1.27078375154515,7,4,1,1.3294078488237489
365,70,127,1.5016480730660302,3,2,1,-0.2036876370917299
366,70,127,1.5016480730660302,6,2,1,2.24737905979929
367,70,127,1.5016480730660302,6,2,1,0.6465100698003895
368,70,127,1.5016480730660302,6,1,1,0.2920726884821767
369,70,127,1.5016480730660302,7,4,1,2.108607234353012
370,70,127,1.5016480730660302,6,2,1,-0.0166671078651898
371,70,127,1.5016480730660302,5,1,1,-0.431502753250027
372,70,127,1.5016480730660302,6,8,1,1.4352950919506453
373,70,127,1.5016480730660302,3,2,1,-1.7010620564204095
374,70,127,1.5016480730660302,5,1,1,0.0753967246586602
375,70,127,1.5016480730660302,6,8,1,1.3094700238676036
376,70,127,1.5016480730660302,5,4,1,-1.2191798106833192
377,70,127,1.5016480730660302,4,8,1,0.4248382543988785
378,70,127,1.5016480730660302,4,2,1,0.5931245832263478
379,70,127,1.5016480730660302,5,8,1,-0.1967083047454458
380,69,1102,-1.18551261116562,7,6,1,0.8196880666493618
381,69,1102,-1.18551261116562,5,4,1,-0.9379915890193466
382,69,1102,-1.18551261116562,4,5,1,1.0604269641904456
383,69,1102,-1.18551261116562,7,8,1,1.106680027788132
384,69,1102,-1.18551261116562,5,4,1,-0.4291785291701002
385,69,1102,-1.18551261116562,6,4,1,0.1162548989156137
386,69,1102,-1.18551261116562,4,4,1,-0.4776045855887728
387,69,1102,-1.18551261116562,4,2,1,0.0154793940908549
388,69,1102,-1.18551261116562,4,4,1,-0.1982111522367567
389,69,1102,-1.18551261116562,5,8,1,-0.0256737165394974
390,69,1102,-1.18551261116562,4,2,1,-0.9176123755867236
391,69,1102,-1.18551261116562,5,8,1,-0.4681288188820449
392,69,1102,-1.18551261116562,6,8,1,0.7741909446242169
393,69,1102,-1.18551261116562,5,1,1,1.2151461999580475
394,69,1102,-1.18551261116562,6,8,1,0.2511735335944695
395,69,1102,-1.18551261116562,7,4,1,0.4308451655012634
396,69,1102,-1.18551261116562,5,4,1,0.1186291756852654
397,69,1102,-1.18551261116562,6,8,1,-0.7957437652768773
398,69,1102,-1.18551261116562,5,4,1,0.0714578260868313
399,69,1102,-1.18551261116562,6,4,1,0.0450745781771208
400,69,1102,-1.18551261116562,6,4,1,0.934053450525939
401,69,1102,-1.18551261116562,6,5,1,1.618117896525494
402,69,1102,-1.18551261116562,5,1,1,-0.1953857896590139
403,69,1102,-1.18551261116562,6,1,1,0.3791034526181724
404,69,1102,-1.18551261116562,5,8,1,0.6582777537476686
405,69,1102,-1.18551261116562,6,5,1,0.3312398483207526
406,69,1102,-1.18551261116562,5,8,1,-0.7281895305610118
407,69,1102,-1.18551261116562,5,8,1,-2.108104871979496
408,69,1102,-1.18551261116562,5,4,1,-1.4033666257168549
409,69,1102,-1.18551261116562,5,4,1,-0.5943957183113534
410,69,1102,-1.18551261116562,6,4,1,1.4048516625242455
411,69,1102,-1.18551261116562,5,2,1,-0.4782435572662653
412,69,1102,-1.18551261116562,5,2,1,0.1626232066974513
413,69,1102,-1.18551261116562,6,8,1,0.9332070025389728
414,69,1102,-1.18551261116562,6,4,1,-0.7447143442343996
415,69,1102,-1.18551261116562,6,4,1,1.225453497448569
416,69,1102,-1.18551261116562,5,4,1,-1.707894979660955
417,69,1102,-1.18551261116562,6,8,1,-0.964231109350947
418,69,1102,-1.18551261116562,5,5,1,0.9930682656637057
419,69,1102,-1.18551261116562,6,1,1,-1.1847647397693442
420,69,1102,-1.18551261116562,6,4,1,0.6291796205956391
421,69,1102,-1.18551261116562,5,2,1,-0.2491978364642546
422,69,1102,-1.18551261116562,6,4,1,-0.3678476066897839
423,69,1102,-1.18551261116562,6,1,1,-0.5860890529907079
424,69,1102,-1.18551261116562,6,5,1,0.4457367924051184
425,69,1102,-1.18551261116562,7,4,1,-0.9365782244685308
426,69,1102,-1.18551261116562,6,4,1,1.4906418438730016
427,69,1102,-1.18551261116562,5,8,1,0.1679047276589701
428,69,1102,-1.18551261116562,5,8,1,-1.167616709916922
429,69,1102,-1.18551261116562,5,4,1,-0.9174054429758504
430,69,1102,-1.18551261116562,6,8,1,-0.538084681250076
431,69,1102,-1.18551261116562,6,6,1,0.4892556590516591
432,69,1102,-1.18551261116562,5,4,1,-1.5993033342479257
433,69,1102,-1.18551261116562,5,8,1,-0.0673032848550218
434,69,1102,-1.18551261116562,5,4,1,-0.7632438976311378
435,69,1102,-1.18551261116562,5,8,1,0.5001861875160394
436,69,1102,-1.18551261116562,5,8,1,-0.5070192132167313
437,69,1102,-1.18551261116562,5,4,1,-1.0623122586219318
438,69,1102,-1.18551261116562,1,4,1,-0.283236437439204
439,69,1102,-1.18551261116562,6,4,1,-0.2579140830696437
440,69,1102,-1.18551261116562,5,8,1,0.4324187733965302
441,69,1102,-1.18551261116562,6,2,1,0.0381705206988195
442,69,1102,-1.18551261116562,6,8,1,-0.3012263248597185
443,69,1102,-1.18551261116562,5,8,1,0.4223407507802064
444,69,1102,-1.18551261116562,4,2,1,-0.2620115161195471
445,68,426,1.5104148426976898,7,6,1,-0.0083392405857523
446,68,426,1.5104148426976898,7,8,1,1.0255559303241744
447,68,426,1.5104148426976898,6,6,1,0.4111607880656481
448,68,426,1.5104148426976898,7,2,1,1.211087362565298
449,68,426,1.5104148426976898,4,8,1,0.9816856995486396
450,68,426,1.5104148426976898,5,1,1,-0.9094282046812432
451,68,426,1.5104148426976898,4,1,1,0.4888985789345688
452,68,426,1.5104148426976898,6,1,1,-0.0898917313063134
453,68,426,1.5104148426976898,4,8,1,0.1531739736559418
454,68,426,1.5104148426976898,7,4,1,1.1003313830099164
455,68,426,1.5104148426976898,5,1,1,-0.8688474744183567
456,68,426,1.5104148426976898,5,8,1,-0.0706146407068917
457,68,426,1.5104148426976898,6,1,1,-0.2006734247077425
458,68,426,1.5104148426976898,5,8,1,0.8457113375845947
459,68,426,1.5104148426976898,5,8,1,1.798482821763164
460,68,426,1.5104148426976898,4,4,1,0.346061017160186
461,68,426,1.5104148426976898,5,8,1,0.2434385685255242
462,68,426,1.5104148426976898,4,8,1,-1.0296759834836562
463,68,426,1.5104148426976898,7,8,1,0.5564428818942276
464,68,426,1.5104148426976898,5,1,1,0.2370836376010096
465,68,426,1.5104148426976898,6,8,1,0.9320833088182342
466,68,426,1.5104148426976898,4,2,1,-0.3892660088219397
467,68,426,1.5104148426976898,5,1,1,0.6080267467098726
468,68,426,1.5104148426976898,4,2,1,0.4903095378331202
469,68,426,1.5104148426976898,3,1,1,0.2074327847223261
470,68,426,1.5104148426976898,3,8,1,-0.8580335931605687
471,68,426,1.5104148426976898,2,1,1,-1.2450006747521198
472,68,426,1.5104148426976898,3,8,1,-0.2807094080176957
473,68,426,1.5104148426976898,5,8,1,0.7623071509284727
474,68,426,1.5104148426976898,5,1,1,0.062451392975611
475,68,426,1.5104148426976898,5,4,1,0.4086059429270445
476,68,426,1.5104148426976898,5,8,1,0.7969202749269443
477,67,790,0.0545861480591116,5,2,1,0.1603112887220786
478,67,790,0.0545861480591116,4,8,1,-0.4002438857859057
479,67,790,0.0545861480591116,5,8,1,-0.13881400993859
480,67,790,0.0545861480591116,6,5,1,0.4810529965794347
481,67,790,0.0545861480591116,5,2,1,-0.5077437528939327
482,67,790,0.0545861480591116,5,4,1,-1.927388977839117
483,67,790,0.0545861480591116,6,4,1,1.0437779877881497
484,67,790,0.0545861480591116,6,2,1,0.9657041916988622
485,67,790,0.0545861480591116,6,2,1,-0.9098890359739932
486,67,790,0.0545861480591116,6,4,1,1.6349490608786683
487,67,790,0.0545861480591116,5,2,1,-0.2972497429124102
488,67,790,0.0545861480591116,5,2,1,0.4461734426764839
489,67,790,0.0545861480591116,6,2,1,0.0677529944765779
490,67,790,0.0545861480591116,5,4,1,0.4130561235598191
491,67,790,0.0545861480591116,7,4,1,1.292878711271864
492,67,790,0.0545861480591116,5,2,1,0.2496823699015423
493,67,790,0.0545861480591116,5,4,1,-1.2666968615310046
494,67,790,0.0545861480591116,6,4,1,1.242412813037462
495,67,790,0.0545861480591116,4,4,1,-0.0124841471424934
496,67,790,0.0545861480591116,5,8,1,-1.475873098902291
497,67,790,0.0545861480591116,5,4,1,0.0692277937048226
498,67,790,0.0545861480591116,6,4,1,-0.9318259867554868
499,67,790,0.0545861480591116,6,4,1,-0.1734576718454129
500,67,790,0.0545861480591116,5,4,1,0.7735773136487969
501,67,790,0.0545861480591116,5,8,1,0.6398736152013634
502,67,790,0.0545861480591116,5,4,1,-0.1750492981695629
503,67,790,0.0545861480591116,6,4,1,0.9867547201818252
504,67,790,0.0545861480591116,6,8,1,1.0797521496174989
505,67,790,0.0545861480591116,5,4,1,0.0490703889967493
506,67,790,0.0545861480591116,6,4,1,-0.7838227617275817
507,67,790,0.0545861480591116,4,4,1,0.433098097968715
508,67,790,0.0545861480591116,5,4,1,-0.5275632073105181
509,67,790,0.0545861480591116,5,2,1,0.7288401814831278
510,67,790,0.0545861480591116,5,5,1,0.551501874199403
511,67,790,0.0545861480591116,6,4,1,0.0088949387495087
512,67,790,0.0545861480591116,5,4,1,-0.3011960342496191
513,67,790,0.0545861480591116,5,4,1,-0.389372862873743
514,67,790,0.0545861480591116,6,4,1,-0.6030236521258254
515,67,790,0.0545861480591116,6,4,1,-1.1004502425760845
516,67,790,0.0545861480591116,6,8,1,0.5621598289103227
517,67,790,0.0545861480591116,5,4,1,-0.6389926322248364
518,67,790,0.0545861480591116,5,2,1,-0.7201286025880397
519,67,790,0.0545861480591116,5,4,1,-0.0341817277147876
520,67,790,0.0545861480591116,5,2,1,0.9493473876065232
521,67,790,0.0545861480591116,5,4,1,0.6158551585094864
522,67,790,0.0545861480591116,6,2,1,1.876725861953189
523,67,790,0.0545861480591116,6,4,1,0.5330416228297261
524,67,790,0.0545861480591116,5,2,1,-0.9283131812986252
525,67,790,0.0545861480591116,7,2,1,0.9617144818200816
526,67,790,0.0545861480591116,5,2,1,-0.0635604073539613
527,67,790,0.0545861480591116,6,4,1,-0.0970703491759042
528,67,790,0.0545861480591116,7,4,1,-0.0531141048352465
529,67,790,0.0545861480591116,5,4,1,-0.7950080727902152
530,67,790,0.0545861480591116,5,2,1,-0.2185207924239557
531,67,790,0.0545861480591116,5,4,1,0.4230654586510609
532,67,790,0.0545861480591116,5,2,1,-1.389519371864883
533,67,790,0.0545861480591116,5,8,1,-1.428872032439619
534,67,790,0.0545861480591116,6,4,1,1.178164399346368
535,67,790,0.0545861480591116,7,2,1,-0.0019352935667225
536,67,790,0.0545861480591116,6,8,1,0.4096625367999184
537,67,790,0.0545861480591116,4,4,1,0.2602704596372624
538,67,790,0.0545861480591116,6,1,1,1.2218165442101263
539,67,790,0.0545861480591116,5,4,1,0.3836766835431867
540,67,790,0.0545861480591116,6,2,1,0.8759043686047863
541,67,790,0.0545861480591116,5,5,1,-0.1033977289475268
542,67,790,0.0545861480591116,5,4,1,0.89725006550504
543,67,790,0.0545861480591116,4,2,1,-0.5082311877132283
544,67,790,0.0545861480591116,6,2,1,0.1079995215137704
545,67,790,0.0545861480591116,4,8,1,-1.2633861648795488
546,67,790,0.0545861480591116,5,2,1,1.2846419217552925
547,67,790,0.0545861480591116,6,2,1,0.6004419857546853
548,66,861,-0.8052885122688821,6,2,1,-0.1707755439388574
549,66,861,-0.8052885122688821,5,8,1,-0.4303555756561339
550,66,861,-0.8052885122688821,5,8,1,1.334494341683104
551,66,861,-0.8052885122688821,5,2,1,0.7454730386382301
552,66,861,-0.8052885122688821,5,4,1,-0.7836244059496539
553,66,861,-0.8052885122688821,6,4,1,0.4791601272871333
554,66,861,-0.8052885122688821,6,1,1,1.140571292234001
555,66,861,-0.8052885122688821,6,7,1,0.3128437816071641
556,66,861,-0.8052885122688821,1,8,1,1.078244712264531
557,66,861,-0.8052885122688821,6,8,1,1.3589978682844333
558,66,861,-0.8052885122688821,5,1,1,-0.9532877038550884
559,66,861,-0.8052885122688821,5,8,1,-0.0086271985664608
560,66,861,-0.8052885122688821,6,8,1,1.3803264661113372
561,66,861,-0.8052885122688821,6,5,1,1.855295208610675
562,66,861,-0.8052885122688821,5,8,1,0.9763710665391204
563,66,861,-0.8052885122688821,5,1,1,0.4071287374151838
564,66,861,-0.8052885122688821,3,8,1,1.169414639876441
565,66,861,-0.8052885122688821,5,8,1,-0.8280384558364783
566,66,861,-0.8052885122688821,7,1,1,1.4262263237035395
567,66,861,-0.8052885122688821,3,8,1,-0.7323256903607508
568,66,861,-0.8052885122688821,6,8,1,-0.012347488486067
569,66,861,-0.8052885122688821,3,4,1,-0.2286058342004658
570,66,861,-0.8052885122688821,4,4,1,-0.2395601100183844
571,66,861,-0.8052885122688821,1,4,1,1.2356447360049447
572,66,861,-0.8052885122688821,5,5,1,0.17592390355502
573,66,861,-0.8052885122688821,2,4,1,0.1457341779836643
574,66,861,-0.8052885122688821,7,1,1,1.7395501938600286
575,66,861,-0.8052885122688821,7,4,1,1.4637245013634852
576,66,861,-0.8052885122688821,6,1,1,2.177249139932726
577,66,861,-0.8052885122688821,5,2,1,0.7642379609303612
578,66,861,-0.8052885122688821,4,4,1,-0.4419847200616531
579,66,861,-0.8052885122688821,7,4,1,1.690788203687564
580,66,861,-0.8052885122688821,3,8,1,0.1349337621583184
581,66,861,-0.8052885122688821,5,1,1,0.7026492269920432
582,66,861,-0.8052885122688821,5,1,1,-0.3036108205957971
583,66,861,-0.8052885122688821,5,8,1,0.6138997032656478
584,66,861,-0.8052885122688821,5,8,1,0.4555120663596865
585,66,861,-0.8052885122688821,6,1,1,1.3897513389673752
586,66,861,-0.8052885122688821,1,1,1,0.0141521378988408
587,66,861,-0.8052885122688821,4,2,1,-0.0604183773215417
588,66,861,-0.8052885122688821,5,5,1,-0.5839172960959335
589,66,861,-0.8052885122688821,6,8,1,0.9736867592319272
590,66,861,-0.8052885122688821,6,8,1,0.1671552802303483
591,66,861,-0.8052885122688821,5,4,1,-0.1482647118008405
592,66,861,-0.8052885122688821,5,4,1,0.0600566383937067
593,66,861,-0.8052885122688821,6,8,1,1.089796209550666
594,66,861,-0.8052885122688821,5,8,1,1.191079230196785
595,66,861,-0.8052885122688821,5,2,1,2.2345637236737548
596,66,861,-0.8052885122688821,6,8,1,0.3994184206048976
597,66,861,-0.8052885122688821,6,2,1,1.3784834003109088
598,66,861,-0.8052885122688821,6,4,1,1.1903544826883832
599,66,861,-0.8052885122688821,5,4,1,-0.0847145020668975
600,66,861,-0.8052885122688821,6,4,1,-0.5005843932420576
601,66,861,-0.8052885122688821,5,4,1,0.4891515736048247
602,65,176,-0.4239823882947971,6,4,1,0.492967010442179
603,65,176,-0.4239823882947971,6,2,1,-0.3018473091480456
604,65,176,-0.4239823882947971,6,2,1,-0.8847053557267416
605,65,176,-0.4239823882947971,5,4,1,-0.0705151259230741
606,65,176,-0.4239823882947971,6,2,1,1.8993662771937143
607,65,176,-0.4239823882947971,2,8,1,-2.0151486661649813
608,65,176,-0.4239823882947971,5,2,1,-0.0324788644604446
609,65,176,-0.4239823882947971,6,4,1,-0.0915299276128154
610,65,176,-0.4239823882947971,5,2,1,-0.0382178665218629
611,65,176,-0.4239823882947971,5,2,1,-1.5591255411404166
612,65,176,-0.4239823882947971,7,2,1,1.4257928097837629
613,65,176,-0.4239823882947971,6,8,1,0.9422591312700008
614,65,176,-0.4239823882947971,6,4,1,-0.9900032477993268
615,65,176,-0.4239823882947971,7,4,1,0.1046715486833461
616,65,176,-0.4239823882947971,5,4,1,-0.1634133495720393
617,64,1394,-1.1583602926933,6,4,1,-0.6606650870387302
618,64,1394,-1.1583602926933,5,4,1,0.4089211342186083
619,64,1394,-1.1583602926933,6,5,1,1.6293959715232502
620,64,1394,-1.1583602926933,5,4,1,-1.795152783636019
621,64,1394,-1.1583602926933,6,8,1,1.3221488438654612
622,64,1394,-1.1583602926933,6,6,1,0.0285818701460746
623,64,1394,-1.1583602926933,6,4,1,-0.884678273018985
624,64,1394,-1.1583602926933,6,1,1,0.5195860894976215
625,64,1394,-1.1583602926933,6,1,1,0.8978999683220212
626,64,1394,-1.1583602926933,7,1,1,1.0178716515415425
627,64,1394,-1.1583602926933,5,8,1,-0.0259203518750405
628,64,1394,-1.1583602926933,6,4,1,0.3080974822567294
629,64,1394,-1.1583602926933,5,8,1,0.6596801579748843
630,64,1394,-1.1583602926933,5,4,1,-0.0816034738168917
631,64,1394,-1.1583602926933,5,2,1,-0.9160197566264556
632,64,1394,-1.1583602926933,7,4,1,0.2509283940522364
633,64,1394,-1.1583602926933,4,7,1,-0.80128158817101
634,64,1394,-1.1583602926933,7,4,1,-0.6472775937545455
635,64,1394,-1.1583602926933,5,4,1,-0.665348089016508
636,64,1394,-1.1583602926933,3,8,1,-1.0261035426576144
637,64,1394,-1.1583602926933,6,4,1,0.0532380459634585
638,64,1394,-1.1583602926933,5,8,1,0.6544489540428745
639,64,1394,-1.1583602926933,6,4,1,0.2082420443898936
640,64,1394,-1.1583602926933,6,4,1,-0.2093663413844583
641,64,1394,-1.1583602926933,5,4,1,-0.5575756508418356
642,64,1394,-1.1583602926933,6,8,1,1.535450961002941
643,64,1394,-1.1583602926933,6,8,1,0.5370291484701565
644,64,1394,-1.1583602926933,6,4,1,-1.123144766156219
645,64,1394,-1.1583602926933,6,4,1,0.3962527246742319
646,64,1394,-1.1583602926933,4,4,1,-1.6602512259107316
647,64,1394,-1.1583602926933,6,4,1,0.9452719979934284
648,64,1394,-1.1583602926933,6,4,1,1.534530571092357
649,64,1394,-1.1583602926933,5,4,1,-0.1256880212635366
650,64,1394,-1.1583602926933,7,5,1,0.7884924162176122
651,64,1394,-1.1583602926933,6,4,1,-0.0164475572224207
652,64,1394,-1.1583602926933,6,4,1,0.4945264139509054
653,64,1394,-1.1583602926933,5,2,1,-0.3619939765243615
654,64,1394,-1.1583602926933,6,1,1,-0.5302866568587692
655,64,1394,-1.1583602926933,7,4,1,1.3592132576595255
656,64,1394,-1.1583602926933,6,4,1,0.5939593693231008
657,64,1394,-1.1583602926933,6,1,1,1.92671820477302
658,64,1394,-1.1583602926933,5,1,1,0.3739484886387699
659,64,1394,-1.1583602926933,7,6,1,2.0464340570550488
660,64,1394,-1.1583602926933,6,8,1,0.7378275739007905
661,64,1394,-1.1583602926933,7,4,1,1.2805807066398238
662,64,1394,-1.1583602926933,5,4,1,0.351205435770658
663,64,1394,-1.1583602926933,6,4,1,0.0988578231497459
664,64,1394,-1.1583602926933,6,4,1,1.2528625343037272
665,64,1394,-1.1583602926933,5,4,1,-0.3760595824242734
666,64,1394,-1.1583602926933,6,4,1,0.0486676187317538
667,64,1394,-1.1583602926933,6,4,1,1.2207029340218407
668,64,1394,-1.1583602926933,5,4,1,-1.1451903364575486
669,64,1394,-1.1583602926933,5,4,1,-0.8000065626831255
670,64,1394,-1.1583602926933,5,4,1,1.013572544412715
671,64,1394,-1.1583602926933,7,4,1,1.1578417924637854
672,64,1394,-1.1583602926933,6,4,1,-0.2811318111761187
673,64,1394,-1.1583602926933,6,4,1,0.5304985760637649
674,64,1394,-1.1583602926933,7,4,1,0.2946777487094723
675,64,1394,-1.1583602926933,7,4,1,-0.3555978067088137
676,64,1394,-1.1583602926933,6,4,1,0.4655551605764932
677,64,1394,-1.1583602926933,5,4,1,0.6462606275828853
678,64,1394,-1.1583602926933,6,4,1,-1.0107807529524608
679,64,1394,-1.1583602926933,5,4,1,-1.441035657609724
680,64,1394,-1.1583602926933,6,4,1,0.7858884850762483
681,64,1394,-1.1583602926933,4,4,1,-0.0131063203523525
682,64,1394,-1.1583602926933,6,4,1,0.4844834980075825
683,64,1394,-1.1583602926933,6,4,1,0.3278778208326537
684,64,1394,-1.1583602926933,6,4,1,0.665391441713242
685,64,1394,-1.1583602926933,6,8,1,-0.4569009681184291
686,64,1394,-1.1583602926933,5,4,1,0.1887074380857279
687,64,1394,-1.1583602926933,6,1,1,0.3954137283554526
688,64,1394,-1.1583602926933,5,4,1,-1.510151460364905
689,64,1394,-1.1583602926933,7,1,1,1.1701014882957217
690,64,1394,-1.1583602926933,5,8,1,-0.5435580675319522
691,64,1394,-1.1583602926933,5,8,1,-0.0578249676722086
692,64,1394,-1.1583602926933,5,4,1,-0.8236505571902082
693,64,1394,-1.1583602926933,6,1,1,-0.2468859751644147
694,64,1394,-1.1583602926933,6,4,1,1.4811096488394373
695,64,1394,-1.1583602926933,6,4,1,0.1272601810506992
696,64,1394,-1.1583602926933,6,4,1,1.0610089815100965
697,64,1394,-1.1583602926933,5,4,1,0.2536613710392751
698,64,1394,-1.1583602926933,4,4,1,-1.894138264320008
699,64,1394,-1.1583602926933,6,4,1,-0.1019871582311755
700,64,1394,-1.1583602926933,6,4,1,-0.5107048334543255
701,64,1394,-1.1583602926933,5,2,1,-0.0200386736158315
702,64,1394,-1.1583602926933,3,4,1,-1.4873390875257075
703,64,1394,-1.1583602926933,6,2,1,1.3036655056998931
704,64,1394,-1.1583602926933,5,8,1,0.0417921932923242
705,64,1394,-1.1583602926933,5,4,1,0.0209375800180741
706,64,1394,-1.1583602926933,4,4,1,0.8491022681077028
707,64,1394,-1.1583602926933,7,4,1,0.9885682559552792
708,64,1394,-1.1583602926933,6,4,1,0.195228440026802
709,64,1394,-1.1583602926933,5,4,1,-0.8527049962868796
710,64,1394,-1.1583602926933,5,8,1,-0.5109449048165414
711,64,1394,-1.1583602926933,7,8,1,2.983858979116733
712,64,1394,-1.1583602926933,5,8,1,1.010300600466702
713,64,1394,-1.1583602926933,6,6,1,0.3672723723922875
714,64,1394,-1.1583602926933,5,4,1,0.4758753604783017
715,64,1394,-1.1583602926933,7,8,1,1.0099128294868902
716,64,1394,-1.1583602926933,6,4,1,0.220367108706965
717,64,1394,-1.1583602926933,5,4,1,-0.2230425982893426
718,64,1394,-1.1583602926933,6,8,1,-0.1336514984511936
719,64,1394,-1.1583602926933,5,4,1,0.4415320433874362
720,64,1394,-1.1583602926933,6,4,1,1.023227377596512
721,64,1394,-1.1583602926933,5,1,1,-0.8163222847488637
722,64,1394,-1.1583602926933,7,4,1,1.5893108889824048
723,64,1394,-1.1583602926933,6,4,1,0.3971554206668957
724,64,1394,-1.1583602926933,2,4,1,-0.1652651228040192
725,64,1394,-1.1583602926933,7,2,1,1.0771795334742098
726,63,389,0.196662178182834,6,2,1,2.944207879037022
727,63,389,0.196662178182834,3,2,1,-0.4714886737463562
728,63,389,0.196662178182834,6,4,1,1.1328725949103997
729,63,389,0.196662178182834,5,2,1,0.19750924607618
730,63,389,0.196662178182834,5,5,1,-0.422914742127825
731,63,389,0.196662178182834,6,2,1,0.3954868813507602
732,63,389,0.196662178182834,6,1,1,1.5004610267569352
733,63,389,0.196662178182834,6,2,1,1.5081351053499976
734,63,389,0.196662178182834,7,4,1,1.8581492904367656
735,63,389,0.196662178182834,3,4,1,-0.6662721081382094
736,63,389,0.196662178182834,6,2,1,1.1441866224742718
737,63,389,0.196662178182834,5,2,1,-0.5250963806422995
738,63,389,0.196662178182834,6,2,1,0.6030695242758944
739,63,389,0.196662178182834,6,2,1,1.2008667519730407
740,63,389,0.196662178182834,6,1,1,2.20938394301164
741,63,389,0.196662178182834,7,8,1,2.250308487692576
742,63,389,0.196662178182834,5,4,1,0.1133934664990703
743,63,389,0.196662178182834,5,4,1,0.2557235689627021
744,63,389,0.196662178182834,2,4,1,1.0807069744172908
745,63,389,0.196662178182834,6,2,1,1.977400361453814
746,63,389,0.196662178182834,6,8,1,0.7007344291987261
747,63,389,0.196662178182834,5,4,1,0.2865371519299171
748,63,389,0.196662178182834,6,4,1,1.3117349188074705
749,63,389,0.196662178182834,5,4,1,0.1641862774326896
750,63,389,0.196662178182834,6,8,1,1.2202506338777548
751,63,389,0.196662178182834,7,2,1,1.8445518688352016
752,63,389,0.196662178182834,2,4,1,0.8483732718271014
753,63,389,0.196662178182834,5,2,1,0.5219090776872924
754,63,389,0.196662178182834,6,4,1,2.663634901025321
755,63,389,0.196662178182834,5,4,1,-0.1596831092277262
756,63,389,0.196662178182834,6,8,1,0.7053907309016874
757,63,389,0.196662178182834,5,5,1,0.7045176033910622
758,63,389,0.196662178182834,5,8,1,0.5276268007140614
759,63,389,0.196662178182834,6,5,1,0.8370973667253115
760,63,389,0.196662178182834,6,2,1,1.6276383600592894
761,63,389,0.196662178182834,4,4,1,-1.3965520652188472
762,63,389,0.196662178182834,2,8,1,-0.4785701979944526
763,62,2366,1.3305122332333,5,4,1,-2.055816547829599
764,62,2366,1.3305122332333,5,4,1,-0.3647632797664339
765,62,2366,1.3305122332333,5,4,1,0.198873761189556
766,62,2366,1.3305122332333,6,2,1,0.5634324352046783
767,62,2366,1.3305122332333,6,4,1,0.4204014001784288
768,62,2366,1.3305122332333,5,2,1,1.579316751711779
769,62,2366,1.3305122332333,6,2,1,1.0986078628696512
770,62,2366,1.3305122332333,3,2,1,-0.0966019186665141
771,62,2366,1.3305122332333,5,2,1,-1.3881817480504552
772,62,2366,1.3305122332333,7,4,1,3.1573023192362206
773,62,2366,1.3305122332333,6,8,1,0.4469237721631204
774,62,2366,1.3305122332333,6,4,1,-0.5734105738124032
775,62,2366,1.3305122332333,4,5,1,-0.2934526256440329
776,62,2366,1.3305122332333,4,4,1,-0.5274339340339824
777,62,2366,1.3305122332333,4,2,1,-0.37349376581367
778,62,2366,1.3305122332333,5,4,1,0.2061125242962257
779,62,2366,1.3305122332333,6,4,1,0.6561053679294641
780,62,2366,1.3305122332333,5,4,1,1.1748970265591705
781,62,2366,1.3305122332333,4,4,1,-0.1398360529334142
782,62,2366,1.3305122332333,6,8,1,0.4191148694322141
783,62,2366,1.3305122332333,6,4,1,-0.8846565613114092
784,62,2366,1.3305122332333,4,4,1,0.909089837744574
785,62,2366,1.3305122332333,7,4,1,2.0724856373191325
786,62,2366,1.3305122332333,3,2,1,1.258153132534606
787,62,2366,1.3305122332333,7,2,1,2.686524078437013
788,62,2366,1.3305122332333,6,6,1,0.6456829766922958
789,62,2366,1.3305122332333,5,4,1,-1.5891949165639412
790,62,2366,1.3305122332333,5,4,1,1.284153073014901
791,62,2366,1.3305122332333,5,2,1,0.6656668694688679
792,62,2366,1.3305122332333,6,4,1,0.7020724668913426
793,62,2366,1.3305122332333,6,8,1,0.2807983735581523
794,62,2366,1.3305122332333,4,5,1,-1.1882201080142412
795,62,2366,1.3305122332333,5,2,1,-0.2239797043473251
796,62,2366,1.3305122332333,5,2,1,-0.2470399836873364
797,62,2366,1.3305122332333,6,4,1,0.667066747063715
798,62,2366,1.3305122332333,3,8,1,-0.2717494068864743
799,62,2366,1.3305122332333,6,4,1,1.769057036057133
800,62,2366,1.3305122332333,7,4,1,0.8370844317222903
801,62,2366,1.3305122332333,6,8,1,0.6050635434951245
802,62,2366,1.3305122332333,5,4,1,0.2722898165786186
803,62,2366,1.3305122332333,5,4,1,0.0790465177755936
804,62,2366,1.3305122332333,4,4,1,-0.8957096835116714
805,62,2366,1.3305122332333,7,4,1,0.9928192654727712
806,62,2366,1.3305122332333,7,8,1,-0.5587199958551475
807,62,2366,1.3305122332333,4,4,1,-1.4474378260379903
808,62,2366,1.3305122332333,6,4,1,1.1601819063986356
809,62,2366,1.3305122332333,7,8,1,1.2689355186676683
810,62,2366,1.3305122332333,4,4,1,1.0179854583902062
811,62,2366,1.3305122332333,7,4,1,0.7092281207710245
812,62,2366,1.3305122332333,7,4,1,-0.1895408367514225
813,62,2366,1.3305122332333,6,8,1,0.048710260666658
814,62,2366,1.3305122332333,5,4,1,1.4162920634734308
815,62,2366,1.3305122332333,6,4,1,1.1067851615265225
816,62,2366,1.3305122332333,5,2,1,-0.4019664622581684
817,62,2366,1.3305122332333,5,8,1,1.1359185116951749
818,62,2366,1.3305122332333,3,4,1,-0.0344948558623786
819,62,2366,1.3305122332333,6,4,1,1.7779510746273524
820,62,2366,1.3305122332333,6,4,1,0.8266057400034447
821,62,2366,1.3305122332333,5,4,1,0.118243485385801
822,62,2366,1.3305122332333,6,4,1,0.6761300818944425
823,62,2366,1.3305122332333,5,4,1,1.6967721735547503
824,62,2366,1.3305122332333,4,4,1,1.5831498125657557
825,62,2366,1.3305122332333,7,2,1,1.7047446103473356
826,62,2366,1.3305122332333,7,4,1,1.3534423371298627
827,62,2366,1.3305122332333,6,4,1,-0.8468527130276685
828,62,2366,1.3305122332333,4,8,1,-0.9545053914030764
829,62,2366,1.3305122332333,6,4,1,0.1534520022211596
830,62,2366,1.3305122332333,6,4,1,1.7605447507836214
831,62,2366,1.3305122332333,5,2,1,-0.6043615480181725
832,62,2366,1.3305122332333,5,8,1,0.8326061762430427
833,62,2366,1.3305122332333,6,8,1,1.4668233323501778
834,62,2366,1.3305122332333,6,1,1,0.6759561488520921
835,62,2366,1.3305122332333,6,2,1,2.5729671868350965
836,62,2366,1.3305122332333,3,2,1,-0.5613137433113767
837,62,2366,1.3305122332333,6,4,1,1.0931838543572294
838,62,2366,1.3305122332333,5,4,1,-0.19844327371032
839,62,2366,1.3305122332333,6,4,1,0.139150569307899
840,62,2366,1.3305122332333,6,4,1,0.5001930923449549
841,62,2366,1.3305122332333,5,4,1,0.0118961749451849
842,62,2366,1.3305122332333,6,4,1,-0.230659791674291
843,62,2366,1.3305122332333,6,8,1,0.6885839346937618
844,62,2366,1.3305122332333,5,4,1,0.1036475520816739
845,62,2366,1.3305122332333,6,4,1,0.7955646729257195
846,62,2366,1.3305122332333,5,8,1,0.1806291166787621
847,62,2366,1.3305122332333,5,4,1,0.5815272477356207
848,62,2366,1.3305122332333,6,4,1,-0.2728517634950248
849,62,2366,1.3305122332333,6,4,1,1.938454127096606
850,62,2366,1.3305122332333,5,4,1,0.2310107749482608
851,62,2366,1.3305122332333,4,4,1,-0.852380937890472
852,62,2366,1.3305122332333,5,2,1,2.094491017810848
853,62,2366,1.3305122332333,5,4,1,0.43521302364851
854,62,2366,1.3305122332333,7,2,1,1.5137497486054206
855,62,2366,1.3305122332333,4,8,1,0.8747886129956034
856,62,2366,1.3305122332333,3,8,1,-0.1935226693751654
857,62,2366,1.3305122332333,4,8,1,-1.0514643830869037
858,62,2366,1.3305122332333,6,8,1,0.8676796321887867
859,62,2366,1.3305122332333,6,2,1,1.4095594541249152
860,62,2366,1.3305122332333,5,2,1,0.1705761717418374
861,62,2366,1.3305122332333,5,4,1,-1.1507765094904732
862,62,2366,1.3305122332333,5,2,1,0.2941688218225163
863,62,2366,1.3305122332333,5,4,1,-0.8500676739354301
864,62,2366,1.3305122332333,6,8,1,0.4487271880581976
865,62,2366,1.3305122332333,5,4,1,0.3520286313473402
866,62,2366,1.3305122332333,5,8,1,0.2718671897464122
867,62,2366,1.3305122332333,4,4,1,-1.4029861947976772
868,62,2366,1.3305122332333,7,4,1,-0.6360570799718163
869,62,2366,1.3305122332333,5,4,1,1.8567101212852344
870,62,2366,1.3305122332333,7,4,1,1.640034052144091
871,62,2366,1.3305122332333,6,1,1,0.665529052982692
872,62,2366,1.3305122332333,5,4,1,-0.5605965310000971
873,62,2366,1.3305122332333,6,8,1,0.6882126521303336
874,62,2366,1.3305122332333,4,4,1,-0.1049470139931682
875,62,2366,1.3305122332333,5,2,1,1.337518001159525
876,62,2366,1.3305122332333,5,4,1,-0.0789128825737309
877,62,2366,1.3305122332333,5,8,1,0.8088147872015513
878,62,2366,1.3305122332333,6,4,1,1.72226725954242
879,62,2366,1.3305122332333,4,4,1,1.3707485545549272
880,62,2366,1.3305122332333,6,2,1,-0.3633927689009765
881,62,2366,1.3305122332333,5,8,1,0.5613102051934331
882,62,2366,1.3305122332333,4,4,1,1.0844127627547833
883,62,2366,1.3305122332333,3,1,1,-1.099097854769704
884,62,2366,1.3305122332333,6,8,1,0.1293625997325392
885,62,2366,1.3305122332333,3,8,1,0.5821902572198506
886,62,2366,1.3305122332333,6,4,1,0.681824995982955
887,62,2366,1.3305122332333,5,6,1,-0.0110365678455589
888,62,2366,1.3305122332333,5,8,1,1.9336436626182647
889,62,2366,1.3305122332333,6,2,1,-0.5772910311696116
890,62,2366,1.3305122332333,5,8,1,0.8159700679289255
891,62,2366,1.3305122332333,4,2,1,0.2106028300360141
892,62,2366,1.3305122332333,4,2,1,0.6076282804786199
893,62,2366,1.3305122332333,4,2,1,-0.8153594140777528
894,62,2366,1.3305122332333,6,2,1,0.6932347402382801
895,62,2366,1.3305122332333,5,8,1,0.0379840022369275
896,62,2366,1.3305122332333,5,8,1,-0.5355382393001922
897,62,2366,1.3305122332333,4,2,1,-0.5332459524130858
898,62,2366,1.3305122332333,5,8,1,-0.1996097751448528
899,62,2366,1.3305122332333,5,2,1,-0.0859891565905842
900,62,2366,1.3305122332333,6,4,1,1.8885107966881696
901,62,2366,1.3305122332333,6,2,1,0.1837277833342917
902,62,2366,1.3305122332333,3,2,1,-1.3714417465700823
903,62,2366,1.3305122332333,5,4,1,0.1530617992295969
904,62,2366,1.3305122332333,6,8,1,1.164295776505662
905,62,2366,1.3305122332333,5,4,1,-0.8213129857638946
906,62,2366,1.3305122332333,1,2,1,1.374467016118835
907,62,2366,1.3305122332333,5,2,1,0.7933511643030461
908,62,2366,1.3305122332333,5,4,1,0.1922303180167213
909,62,2366,1.3305122332333,6,4,1,0.1636795713274596
910,62,2366,1.3305122332333,5,2,1,2.1426966244172445
911,62,2366,1.3305122332333,5,4,1,-0.930148682932246
912,62,2366,1.3305122332333,7,4,1,2.3394112953469297
913,62,2366,1.3305122332333,5,8,1,0.0764326842741443
914,62,2366,1.3305122332333,5,5,1,1.4072008557413325
915,62,2366,1.3305122332333,5,4,1,0.4619786730588961
916,62,2366,1.3305122332333,5,2,1,0.814366344197505
917,62,2366,1.3305122332333,6,4,1,1.409267157590087
918,62,2366,1.3305122332333,6,4,1,0.1250412316999596
919,62,2366,1.3305122332333,5,4,1,1.5106344517956352
920,62,2366,1.3305122332333,6,8,1,0.1290932565958412
921,62,2366,1.3305122332333,6,4,1,0.4926349104457295
922,62,2366,1.3305122332333,6,5,1,1.6360361650199968
923,62,2366,1.3305122332333,6,2,1,0.4627791632782672
924,62,2366,1.3305122332333,6,5,1,2.017892110419272
925,62,2366,1.3305122332333,2,4,1,-0.6975291182411258
926,62,2366,1.3305122332333,7,5,1,1.7824004032055003
927,62,2366,1.3305122332333,6,2,1,0.0040833250633969
928,62,2366,1.3305122332333,5,8,1,0.8396140695210943
929,62,2366,1.3305122332333,7,4,1,1.0809725613086858
930,62,2366,1.3305122332333,6,4,1,1.35567269873778
931,62,2366,1.3305122332333,3,7,1,0.0030549664293415
932,62,2366,1.3305122332333,6,2,1,-0.2514761280315999
933,62,2366,1.3305122332333,6,2,1,2.00389476345801
934,62,2366,1.3305122332333,7,2,1,0.885230826278302
935,62,2366,1.3305122332333,6,2,1,0.1830836341157322
936,62,2366,1.3305122332333,6,8,1,1.889345797544675
937,62,2366,1.3305122332333,5,4,1,-0.2189367895064958
938,62,2366,1.3305122332333,5,2,1,0.5287325829763864
939,62,2366,1.3305122332333,4,4,1,-0.4594290845214972
940,62,2366,1.3305122332333,3,4,1,0.558179932700618
941,62,2366,1.3305122332333,5,4,1,-1.4793356751077826
942,62,2366,1.3305122332333,5,4,1,-1.120888609314983
943,62,2366,1.3305122332333,6,4,1,0.7685523671226072
944,62,2366,1.3305122332333,5,8,1,1.5335248562290038
945,62,2366,1.3305122332333,4,4,1,-2.4219576698261904
946,62,2366,1.3305122332333,5,4,1,0.0671426229421041
947,62,2366,1.3305122332333,5,8,1,1.9827700583960672
948,62,2366,1.3305122332333,5,8,1,0.3351214344376433
949,62,2366,1.3305122332333,2,4,1,-0.8199208424477167
950,62,2366,1.3305122332333,6,4,1,0.5960911332086599
951,62,2366,1.3305122332333,5,8,1,-0.023313864229691
952,62,2366,1.3305122332333,6,4,1,0.1437261663442554
953,62,2366,1.3305122332333,5,4,1,0.7296459931081577
954,62,2366,1.3305122332333,3,8,1,-1.0040573624108384
955,62,2366,1.3305122332333,6,4,1,-0.3409291325666007
956,62,2366,1.3305122332333,3,8,1,-0.3899688657405561
957,62,2366,1.3305122332333,5,2,1,0.5720589515571666
958,62,2366,1.3305122332333,5,4,1,0.6138385765097203
959,61,578,0.201487306882211,3,8,1,-0.5885786810895006
960,61,578,0.201487306882211,6,4,1,2.6056342756766124
961,61,578,0.201487306882211,6,8,1,1.6383086502155757
962,61,578,0.201487306882211,6,4,1,1.21128337282992
963,61,578,0.201487306882211,6,8,1,0.8373230620861777
964,61,578,0.201487306882211,5,1,1,0.4659723598051478
965,61,578,0.201487306882211,4,4,1,-0.778027059390338
966,61,578,0.201487306882211,5,8,1,1.2312680884060538
967,61,578,0.201487306882211,3,4,1,0.3824578349073663
968,61,578,0.201487306882211,5,8,1,1.4097570436704665
969,61,578,0.201487306882211,5,4,1,0.9445459876450388
970,61,578,0.201487306882211,6,2,1,2.15795453043969
971,61,578,0.201487306882211,5,4,1,0.6091483933633826
972,61,578,0.201487306882211,7,4,1,2.310382706538229
973,61,578,0.201487306882211,4,8,1,0.6702751967701529
974,61,578,0.201487306882211,1,8,1,0.2843422543830429
975,61,578,0.201487306882211,7,4,1,1.8071486260077192
976,61,578,0.201487306882211,6,4,1,0.9181679640895332
977,61,578,0.201487306882211,4,3,1,-0.886090994632932
978,61,578,0.201487306882211,5,8,1,0.6284189209830795
979,61,578,0.201487306882211,6,4,1,1.0424320780025722
980,61,578,0.201487306882211,6,4,1,0.8043824130084516
981,61,578,0.201487306882211,6,4,1,0.9939913917174156
982,61,578,0.201487306882211,6,4,1,1.232183168062089
983,61,578,0.201487306882211,6,8,1,1.2145701345008912
984,61,578,0.201487306882211,4,4,1,0.0319644380600196
985,61,578,0.201487306882211,7,3,1,2.303904938995066
986,61,578,0.201487306882211,3,4,1,0.0276806223414846
987,61,578,0.201487306882211,4,4,1,0.9423330342827022
988,61,578,0.201487306882211,4,8,1,0.4660859540426597
989,61,578,0.201487306882211,7,8,1,2.099278725732951
990,61,578,0.201487306882211,7,4,1,0.7213216814115645
991,61,578,0.201487306882211,5,4,1,1.4185622470165802
992,61,578,0.201487306882211,6,4,1,0.7258226396899887
993,61,578,0.201487306882211,6,2,1,1.6163630790145451
994,61,578,0.201487306882211,7,8,1,1.5394799465897526
995,61,578,0.201487306882211,5,4,1,-0.0138825383298485
996,61,578,0.201487306882211,5,8,1,-0.4496753340731506
997,60,236,0.142414488872365,5,8,1,-0.3825038016074208
998,60,236,0.142414488872365,5,4,1,-0.1220013858783586
999,60,236,0.142414488872365,6,8,1,-0.607264046600324
1000,60,236,0.142414488872365,3,4,1,-0.5431257858746691
1001,60,236,0.142414488872365,5,4,1,0.3270169738274539
1002,60,236,0.142414488872365,4,4,1,-0.7458632597243904
1003,60,236,0.142414488872365,5,2,1,-0.2296879887064017
1004,60,236,0.142414488872365,4,8,1,-0.1819879175337908
1005,60,236,0.142414488872365,5,2,1,0.6127690984040272
1006,60,236,0.142414488872365,4,4,1,-1.9749989902195788
1007,60,236,0.142414488872365,6,4,1,0.5645670547121998
1008,60,236,0.142414488872365,1,8,1,-2.274666359491256
1009,60,236,0.142414488872365,3,4,1,-1.0100483598779837
1010,60,236,0.142414488872365,5,4,1,-1.0818305425619643
1011,60,236,0.142414488872365,3,4,1,-0.9514700105732514
1012,59,818,-1.09092571620952,5,4,1,-0.0340908079248469
1013,59,818,-1.09092571620952,3,4,1,-1.6132955348253462
1014,59,818,-1.09092571620952,6,4,1,0.5646499998817581
1015,59,818,-1.09092571620952,5,5,1,-0.3019493475981493
1016,59,818,-1.09092571620952,6,4,1,-0.2788738247984381
1017,59,818,-1.09092571620952,6,4,1,1.1090636363315058
1018,59,818,-1.09092571620952,6,5,1,-0.2778403314380919
1019,59,818,-1.09092571620952,3,4,1,-1.3614364749408283
1020,59,818,-1.09092571620952,5,4,1,-0.1538890640979338
1021,59,818,-1.09092571620952,4,1,1,0.3361395879233614
1022,59,818,-1.09092571620952,7,5,1,2.313005315585713
1023,59,818,-1.09092571620952,6,5,1,2.7706877008322803
1024,59,818,-1.09092571620952,7,5,1,2.800224718117802
1025,59,818,-1.09092571620952,7,4,1,1.4456485071935996
1026,59,818,-1.09092571620952,4,4,1,-1.747583743234457
1027,59,818,-1.09092571620952,4,4,1,-1.1917063953712983
1028,59,818,-1.09092571620952,4,4,1,-0.0653742552327395
1029,59,818,-1.09092571620952,3,4,1,-0.6676694152878542
1030,59,818,-1.09092571620952,3,4,1,0.2242948316195686
1031,59,818,-1.09092571620952,5,4,1,-0.1073490427942939
1032,59,818,-1.09092571620952,6,4,1,-0.1664739737677844
1033,59,818,-1.09092571620952,5,4,1,0.0872010202844399
1034,59,818,-1.09092571620952,6,4,1,1.0658062939880786
1035,59,818,-1.09092571620952,5,4,1,-0.4266937186020959
1036,59,818,-1.09092571620952,6,4,1,-0.0821939750763008
1037,59,818,-1.09092571620952,5,4,1,-1.8383985035163035
1038,59,818,-1.09092571620952,6,4,1,0.1920847333777093
1039,59,818,-1.09092571620952,5,4,1,0.6610967128964392
1040,59,818,-1.09092571620952,6,5,1,0.6127141079814888
1041,59,818,-1.09092571620952,6,5,1,1.4973893553498323
1042,59,818,-1.09092571620952,6,4,1,-0.5826259149656852
1043,59,818,-1.09092571620952,7,1,1,1.788303993514125
1044,59,818,-1.09092571620952,4,4,1,-0.3177361387162268
1045,59,818,-1.09092571620952,6,5,1,0.9062764501409092
1046,59,818,-1.09092571620952,5,4,1,-0.9377412710315444
1047,59,818,-1.09092571620952,5,8,1,-0.3206772782557171
1048,59,818,-1.09092571620952,5,4,1,0.4345348930777922
1049,59,818,-1.09092571620952,1,8,1,-0.4341879780751485
1050,59,818,-1.09092571620952,5,4,1,0.1155954131440087
1051,59,818,-1.09092571620952,6,4,1,1.0331790649447126
1052,59,818,-1.09092571620952,4,2,1,-1.507859353209059
1053,59,818,-1.09092571620952,5,4,1,0.4602282203879654
1054,59,818,-1.09092571620952,6,3,1,0.6188912171802922
1055,59,818,-1.09092571620952,5,4,1,-0.3072125100783885
1056,59,818,-1.09092571620952,6,5,1,2.154270863284279
1057,59,818,-1.09092571620952,5,4,1,-0.1999553116073875
1058,59,818,-1.09092571620952,3,1,1,0.5511000818784539
1059,59,818,-1.09092571620952,7,5,1,1.2756087229971569
1060,59,818,-1.09092571620952,6,6,1,0.061451997597521
1061,59,818,-1.09092571620952,6,8,1,-0.7783537569654919
1062,59,818,-1.09092571620952,5,5,1,-0.9021039587076176
1063,59,818,-1.09092571620952,6,5,1,0.4348598654684161
1064,59,818,-1.09092571620952,6,4,1,0.7245420392738616
1065,59,818,-1.09092571620952,4,5,1,-0.7119620614605292
1066,59,818,-1.09092571620952,4,4,1,-0.7611025400845425
1067,59,818,-1.09092571620952,5,4,1,0.3176077233959659
1068,59,818,-1.09092571620952,6,4,1,0.2647451541845986
1069,59,818,-1.09092571620952,7,5,1,2.1283895131846564
1070,59,818,-1.09092571620952,7,5,1,1.3667764549222143
1071,59,818,-1.09092571620952,5,4,1,0.6651147941679272
1072,59,818,-1.09092571620952,6,5,1,0.4102122052418547
1073,59,818,-1.09092571620952,6,6,1,-0.050194041324738
1074,59,818,-1.09092571620952,5,5,1,-1.400621899275409
1075,59,818,-1.09092571620952,5,4,1,0.2819027200866436
1076,59,818,-1.09092571620952,5,4,1,0.9754727149420884
1077,59,818,-1.09092571620952,6,2,1,1.7380944089300248
1078,59,818,-1.09092571620952,6,4,1,1.096863219518963
1079,58,1732,-0.946657004743936,5,4,1,-0.2481193267048314
1080,58,1732,-0.946657004743936,6,8,1,0.98085258076201
1081,58,1732,-0.946657004743936,5,8,1,-0.7859410294740549
1082,58,1732,-0.946657004743936,5,8,1,-0.6841830214852893
1083,58,1732,-0.946657004743936,5,4,1,0.0100232165303601
1084,58,1732,-0.946657004743936,5,4,1,-1.4625672167607342
1085,58,1732,-0.946657004743936,6,4,1,-0.2847318583560329
1086,58,1732,-0.946657004743936,6,4,1,0.1825654299493498
1087,58,1732,-0.946657004743936,7,4,1,1.8559680874526223
1088,58,1732,-0.946657004743936,4,8,1,-0.1048538699752228
1089,58,1732,-0.946657004743936,6,4,1,0.5426510243183527
1090,58,1732,-0.946657004743936,6,8,1,-1.0746366825794718
1091,58,1732,-0.946657004743936,5,5,1,0.237843946660773
1092,58,1732,-0.946657004743936,7,4,1,1.2027792389023968
1093,58,1732,-0.946657004743936,6,8,1,-0.2048352714061564
1094,58,1732,-0.946657004743936,6,4,1,0.1851831343838831
1095,58,1732,-0.946657004743936,4,1,1,-2.2298848261253346
1096,58,1732,-0.946657004743936,6,1,1,0.482694613474384
1097,58,1732,-0.946657004743936,7,5,1,0.4659787516889065
1098,58,1732,-0.946657004743936,6,8,1,-0.3316527226284403
1099,58,1732,-0.946657004743936,7,4,1,1.2061575818526633
1100,58,1732,-0.946657004743936,6,4,1,0.2856449131053207
1101,58,1732,-0.946657004743936,6,4,1,0.127890380404712
1102,58,1732,-0.946657004743936,6,8,1,-0.2039699106462288
1103,58,1732,-0.946657004743936,6,8,1,1.7249710130035838
1104,58,1732,-0.946657004743936,5,4,1,0.4954735041810752
1105,58,1732,-0.946657004743936,5,8,1,-0.4457322891888081
1106,58,1732,-0.946657004743936,6,8,1,1.6019011660415725
1107,58,1732,-0.946657004743936,7,8,1,0.6181719191315186
1108,58,1732,-0.946657004743936,6,5,1,0.7272746263022595
1109,58,1732,-0.946657004743936,5,8,1,-0.5327000536187851
1110,58,1732,-0.946657004743936,6,4,1,-0.1838018688940039
1111,58,1732,-0.946657004743936,5,4,1,0.1140457868016859
1112,58,1732,-0.946657004743936,6,4,1,0.2458760311710293
1113,58,1732,-0.946657004743936,5,8,1,-0.7262458637182104
1114,58,1732,-0.946657004743936,5,8,1,0.2553906745054663
1115,58,1732,-0.946657004743936,6,4,1,-0.7181846571187633
1116,58,1732,-0.946657004743936,5,4,1,-1.417361833490098
1117,58,1732,-0.946657004743936,6,4,1,-0.8939919754544281
1118,58,1732,-0.946657004743936,6,4,1,-0.8790523573528642
1119,58,1732,-0.946657004743936,6,4,1,-0.3677341410261255
1120,58,1732,-0.946657004743936,6,4,1,1.1698962800454036
1121,58,1732,-0.946657004743936,6,8,1,-0.8061520281941694
1122,58,1732,-0.946657004743936,5,4,1,-0.0211585638560185
1123,58,1732,-0.946657004743936,6,4,1,-0.3228451689024884
1124,58,1732,-0.946657004743936,5,4,1,-0.1162327062417285
1125,58,1732,-0.946657004743936,6,2,1,0.9446997580033892
1126,58,1732,-0.946657004743936,6,4,1,-0.4382551829071839
1127,58,1732,-0.946657004743936,5,4,1,-0.6737129156174799
1128,58,1732,-0.946657004743936,6,8,1,1.1416052971872384
1129,58,1732,-0.946657004743936,5,4,1,-0.7065829543502338
1130,58,1732,-0.946657004743936,6,8,1,0.32013811548311
1131,58,1732,-0.946657004743936,5,4,1,-1.9137056648336144
1132,58,1732,-0.946657004743936,6,4,1,0.5232941987774955
1133,58,1732,-0.946657004743936,6,4,1,0.5923239541724551
1134,58,1732,-0.946657004743936,5,4,1,-0.744600198460533
1135,58,1732,-0.946657004743936,6,4,1,-0.371607420612615
1136,58,1732,-0.946657004743936,5,8,1,-1.1151649507573809
1137,58,1732,-0.946657004743936,6,4,1,0.4094829050960665
1138,58,1732,-0.946657004743936,7,4,1,2.074866905944988
1139,58,1732,-0.946657004743936,6,4,1,-0.1766295108649133
1140,58,1732,-0.946657004743936,6,4,1,1.5332268528849369
1141,58,1732,-0.946657004743936,6,4,1,0.1731115889738083
1142,58,1732,-0.946657004743936,6,4,1,0.2694345194045022
1143,58,1732,-0.946657004743936,6,4,1,-0.7920682947544844
1144,58,1732,-0.946657004743936,6,4,1,-0.1817060437659006
1145,58,1732,-0.946657004743936,6,4,1,-1.1171793151483709
1146,58,1732,-0.946657004743936,5,4,1,-1.0889879276076804
1147,58,1732,-0.946657004743936,5,4,1,-0.9439293058345124
1148,58,1732,-0.946657004743936,2,4,1,-0.5803407504450376
1149,58,1732,-0.946657004743936,6,4,1,0.913524411882512
1150,58,1732,-0.946657004743936,6,4,1,1.7777125020701026
1151,58,1732,-0.946657004743936,6,4,1,-0.8327799000752447
1152,58,1732,-0.946657004743936,6,1,1,0.6228713269828228
1153,58,1732,-0.946657004743936,5,3,1,-1.2133458101231571
1154,58,1732,-0.946657004743936,5,4,1,-0.6659376060168714
1155,58,1732,-0.946657004743936,6,4,1,0.7178079972244559
1156,58,1732,-0.946657004743936,5,4,1,0.6070666234214955
1157,58,1732,-0.946657004743936,6,4,1,-1.0792323756186102
1158,58,1732,-0.946657004743936,5,4,1,-0.6304940796368321
1159,58,1732,-0.946657004743936,6,4,1,-0.6833836351512417
1160,58,1732,-0.946657004743936,6,4,1,0.3792520310796917
1161,58,1732,-0.946657004743936,5,5,1,0.0785949302041599
1162,58,1732,-0.946657004743936,7,4,1,0.9135788710768205
1163,58,1732,-0.946657004743936,7,4,1,0.7906942719245372
1164,58,1732,-0.946657004743936,5,4,1,-0.2546545849497635
1165,58,1732,-0.946657004743936,5,4,1,-0.9385922346993084
1166,58,1732,-0.946657004743936,7,4,1,2.180463201327552
1167,58,1732,-0.946657004743936,6,4,1,1.0600781437620934
1168,58,1732,-0.946657004743936,7,4,1,0.5416371794462667
1169,58,1732,-0.946657004743936,6,4,1,-0.219465908353779
1170,58,1732,-0.946657004743936,5,2,1,-0.5856498607963387
1171,58,1732,-0.946657004743936,6,5,1,1.0981090054454687
1172,58,1732,-0.946657004743936,6,4,1,0.3653816736889991
1173,58,1732,-0.946657004743936,5,8,1,0.2527254042103511
1174,58,1732,-0.946657004743936,5,4,1,-1.587854200429273
1175,58,1732,-0.946657004743936,6,4,1,0.4568519447103012
1176,58,1732,-0.946657004743936,6,4,1,-1.3793913927965509
1177,58,1732,-0.946657004743936,5,4,1,0.5420022510063192
1178,58,1732,-0.946657004743936,5,8,1,-0.3171395573809521
1179,58,1732,-0.946657004743936,6,4,1,0.0115736332001999
1180,58,1732,-0.946657004743936,5,4,1,-1.3277242413704458
1181,58,1732,-0.946657004743936,5,8,1,-0.6477957301496633
1182,58,1732,-0.946657004743936,5,4,1,-1.7634726611080715
1183,58,1732,-0.946657004743936,5,4,1,-0.4746230646259093
1184,58,1732,-0.946657004743936,5,4,1,0.1567869981337513
1185,58,1732,-0.946657004743936,6,4,1,0.0546888165160563
1186,58,1732,-0.946657004743936,6,5,1,1.8384089127102383
1187,58,1732,-0.946657004743936,5,4,1,1.35193457221746
1188,58,1732,-0.946657004743936,6,4,1,0.029004558107358
1189,58,1732,-0.946657004743936,6,4,1,0.0421170553238678
1190,58,1732,-0.946657004743936,5,4,1,-0.2965932907299377
1191,58,1732,-0.946657004743936,5,4,1,-0.3829494765579542
1192,58,1732,-0.946657004743936,6,4,1,0.1104515456820943
1193,58,1732,-0.946657004743936,6,4,1,-0.1520352804904684
1194,58,1732,-0.946657004743936,5,4,1,0.8244791950334285
1195,58,1732,-0.946657004743936,6,4,1,0.1358549540552249
1196,58,1732,-0.946657004743936,6,4,1,0.7101667278685367
1197,58,1732,-0.946657004743936,6,4,1,0.4649345683654248
1198,58,1732,-0.946657004743936,7,5,1,1.9022112939003788
1199,58,1732,-0.946657004743936,5,4,1,0.0553123959657288
1200,58,1732,-0.946657004743936,5,4,1,-0.0519210475208155
1201,58,1732,-0.946657004743936,5,8,1,-1.4011818706367938
1202,58,1732,-0.946657004743936,5,8,1,-1.012539809036663
1203,58,1732,-0.946657004743936,6,4,1,1.3632466823092002
1204,58,1732,-0.946657004743936,7,8,1,2.001881618729909
1205,58,1732,-0.946657004743936,6,2,1,0.394046475401255
1206,58,1732,-0.946657004743936,6,4,1,0.0215356511342001
1207,58,1732,-0.946657004743936,6,2,1,0.5536140582263839
1208,58,1732,-0.946657004743936,7,1,1,2.154537438492062
1209,58,1732,-0.946657004743936,6,8,1,0.0912925557493539
1210,58,1732,-0.946657004743936,5,4,1,-0.9382775976099412
1211,58,1732,-0.946657004743936,5,4,1,-0.8837066859134975
1212,58,1732,-0.946657004743936,5,8,1,-0.400443969656952
1213,58,1732,-0.946657004743936,7,2,1,0.7612741008884888
1214,58,1732,-0.946657004743936,5,2,1,-0.4630060049080942
1215,58,1732,-0.946657004743936,5,4,1,-0.6182679787209228
1216,57,985,-0.81379922133035,4,4,1,-1.2579352002972186
1217,57,985,-0.81379922133035,7,8,1,0.8350046925985747
1218,57,985,-0.81379922133035,3,4,1,0.2228419240990636
1219,57,985,-0.81379922133035,7,8,1,1.3278905967738537
1220,57,985,-0.81379922133035,6,4,1,0.6954670767313388
1221,57,985,-0.81379922133035,5,8,1,-0.7508231461872301
1222,57,985,-0.81379922133035,5,4,1,-0.729351869984368
1223,57,985,-0.81379922133035,5,4,1,0.4091106703816302
1224,57,985,-0.81379922133035,5,4,1,-0.6952661721038025
1225,57,985,-0.81379922133035,5,4,1,-0.8262703867407466
1226,57,985,-0.81379922133035,5,4,1,-0.2790606174275908
1227,57,985,-0.81379922133035,5,8,1,-0.6223514289566047
1228,57,985,-0.81379922133035,5,4,1,-0.6514409437808265
1229,57,985,-0.81379922133035,5,4,1,-0.1226712264949971
1230,57,985,-0.81379922133035,6,4,1,0.8310233765529997
1231,57,985,-0.81379922133035,5,4,1,-0.3077358254255065
1232,57,985,-0.81379922133035,6,1,1,2.1072555651247127
1233,57,985,-0.81379922133035,5,2,1,-1.1319307763229425
1234,57,985,-0.81379922133035,6,4,1,-0.0298493263867075
1235,57,985,-0.81379922133035,6,4,1,0.3365874596692875
1236,57,985,-0.81379922133035,5,4,1,-0.3404370644985171
1237,57,985,-0.81379922133035,6,4,1,-0.5436992799849218
1238,57,985,-0.81379922133035,5,4,1,-0.0549519772529564
1239,57,985,-0.81379922133035,6,2,1,1.0069095611365042
1240,57,985,-0.81379922133035,7,4,1,0.2348600100703348
1241,57,985,-0.81379922133035,6,8,1,1.595080373279175
1242,57,985,-0.81379922133035,4,4,1,-1.0470824800673586
1243,57,985,-0.81379922133035,5,4,1,1.0370843576799187
1244,57,985,-0.81379922133035,6,4,1,1.528679905840031
1245,57,985,-0.81379922133035,6,4,1,-0.375118806501248
1246,57,985,-0.81379922133035,6,4,1,1.1456254960051204
1247,57,985,-0.81379922133035,6,4,1,-0.1651942977636268
1248,57,985,-0.81379922133035,4,1,1,-0.3651204614316031
1249,57,985,-0.81379922133035,5,8,1,-1.4852328960114929
1250,57,985,-0.81379922133035,5,8,1,-0.3263504126611011
1251,57,985,-0.81379922133035,6,4,1,0.5871680724162502
1252,57,985,-0.81379922133035,6,8,1,0.7286868620525633
1253,57,985,-0.81379922133035,6,4,1,1.9366936972425668
1254,57,985,-0.81379922133035,5,4,1,-1.5353678352542273
1255,57,985,-0.81379922133035,7,4,1,2.0657214241070405
1256,57,985,-0.81379922133035,6,8,1,1.1131797086652653
1257,57,985,-0.81379922133035,2,4,1,-0.9514990292944562
1258,57,985,-0.81379922133035,6,4,1,0.3336161581168981
1259,57,985,-0.81379922133035,6,8,1,0.737091202769944
1260,57,985,-0.81379922133035,5,4,1,0.272172628084728
1261,57,985,-0.81379922133035,6,8,1,0.4922200577223862
1262,57,985,-0.81379922133035,6,4,1,1.0720516501016204
1263,57,985,-0.81379922133035,6,4,1,-0.9427816741618646
1264,57,985,-0.81379922133035,6,4,1,0.2806932525636766
1265,57,985,-0.81379922133035,6,4,1,1.1485200878729842
1266,57,985,-0.81379922133035,5,4,1,-0.1373916559968709
1267,57,985,-0.81379922133035,5,4,1,-0.869948290243065
1268,57,985,-0.81379922133035,6,4,1,1.8064239179659716
1269,57,985,-0.81379922133035,6,4,1,1.7903927608519798
1270,57,985,-0.81379922133035,6,4,1,-0.2434539728600615
1271,57,985,-0.81379922133035,6,8,1,0.75959238254208
1272,57,985,-0.81379922133035,5,4,1,0.2030327591716962
1273,57,985,-0.81379922133035,3,4,1,-1.806957349206749
1274,57,985,-0.81379922133035,6,4,1,1.1352648762992097
1275,57,985,-0.81379922133035,6,4,1,1.7876802585085372
1276,57,985,-0.81379922133035,3,4,1,-0.5894896008459806
1277,57,985,-0.81379922133035,3,4,1,-0.4973368983907729
1278,57,985,-0.81379922133035,6,4,1,0.418634750436619
1279,57,985,-0.81379922133035,6,4,1,1.6991117727626015
1280,57,985,-0.81379922133035,6,8,1,1.0892687078092298
1281,57,985,-0.81379922133035,6,4,1,0.5994817128513217
1282,57,985,-0.81379922133035,2,4,1,0.0579476961742805
1283,57,985,-0.81379922133035,5,2,1,-0.2033538139977485
1284,57,985,-0.81379922133035,5,4,1,-0.0436588630426641
1285,57,985,-0.81379922133035,6,4,1,1.4801737744279695
1286,57,985,-0.81379922133035,5,4,1,-1.27997146747288
1287,56,391,2.0507067609653897,6,4,1,1.4546601350017838
1288,56,391,2.0507067609653897,3,8,1,-0.556044767734323
1289,56,391,2.0507067609653897,5,1,1,-0.4959802336228556
1290,56,391,2.0507067609653897,5,8,1,0.0698570433411916
1291,56,391,2.0507067609653897,6,4,1,-0.1657642837396793
1292,56,391,2.0507067609653897,6,8,1,1.608462039520722
1293,56,391,2.0507067609653897,5,1,1,0.4484365276612916
1294,56,391,2.0507067609653897,6,1,1,1.775570946371804
1295,56,391,2.0507067609653897,4,4,1,0.0959013548658582
1296,56,391,2.0507067609653897,3,8,1,1.119129263652637
1297,56,391,2.0507067609653897,5,1,1,0.7824522127931416
1298,56,391,2.0507067609653897,6,8,1,-0.0519432550649864
1299,56,391,2.0507067609653897,5,1,1,0.1406487117841696
1300,56,391,2.0507067609653897,4,1,1,-0.4654835251757438
1301,56,391,2.0507067609653897,5,8,1,1.3070516749811698
1302,56,391,2.0507067609653897,5,4,1,0.8088301580763227
1303,56,391,2.0507067609653897,6,1,1,0.4930809896428477
1304,56,391,2.0507067609653897,6,2,1,2.370842757502535
1305,56,391,2.0507067609653897,5,1,1,0.9598086061662974
1306,56,391,2.0507067609653897,6,1,1,0.1593736888288425
1307,56,391,2.0507067609653897,7,2,1,0.5689249283693973
1308,56,391,2.0507067609653897,5,1,1,-0.5275294260473838
1309,56,391,2.0507067609653897,4,1,1,-0.7668997928569783
1310,56,391,2.0507067609653897,5,1,1,-0.0835114242612682
1311,56,391,2.0507067609653897,5,1,1,-0.5229546901531099
1312,56,391,2.0507067609653897,6,1,1,-1.2701541090692103
1313,56,391,2.0507067609653897,7,1,1,1.29559259707503
1314,56,391,2.0507067609653897,5,1,1,0.0394162880386535
1315,56,391,2.0507067609653897,5,1,1,0.3175555219860954
1316,56,391,2.0507067609653897,5,1,1,0.1643843390264374
1317,56,391,2.0507067609653897,6,8,1,1.1344290184596475
1318,56,391,2.0507067609653897,6,1,1,1.670310893240487
1319,56,391,2.0507067609653897,5,1,1,0.4567547577397292
1320,56,391,2.0507067609653897,6,1,1,1.461665801503517
1321,56,391,2.0507067609653897,5,1,1,-0.6315815407519653
1322,56,391,2.0507067609653897,5,1,1,1.6335907927619215
1323,56,391,2.0507067609653897,5,4,1,0.9621610644092432
1324,56,391,2.0507067609653897,7,8,1,0.7206126311811107
1325,56,391,2.0507067609653897,5,8,1,0.2618304250268941
1326,56,391,2.0507067609653897,5,8,1,-0.4928188067686919
1327,56,391,2.0507067609653897,5,1,1,0.0926227961724005
1328,56,391,2.0507067609653897,5,4,1,0.0342180632535305
1329,56,391,2.0507067609653897,6,8,1,0.8462534667939449
1330,55,139,2.04118624056966,6,4,1,0.2201038192759231
1331,55,139,2.04118624056966,6,1,1,0.936770074171934
1332,55,139,2.04118624056966,4,8,1,0.5171812106325662
1333,55,139,2.04118624056966,6,4,1,0.8733574573523734
1334,55,139,2.04118624056966,5,8,1,0.2065284661529262
1335,55,139,2.04118624056966,5,1,1,-0.6908393493641378
1336,55,139,2.04118624056966,6,1,1,0.8277648813371308
1337,55,139,2.04118624056966,5,4,1,-0.0485152663246158
1338,55,139,2.04118624056966,5,4,1,-1.437757434741273
1339,55,139,2.04118624056966,4,4,1,-0.8075832115312769
1340,55,139,2.04118624056966,3,1,1,-0.7045139689374804
1341,55,139,2.04118624056966,7,8,1,1.773111178795043
1342,55,139,2.04118624056966,4,2,1,0.7343045767999344
1343,54,228,-0.270674992921653,6,8,1,0.7444958225863277
1344,54,228,-0.270674992921653,6,2,1,-0.2864156547046185
1345,54,228,-0.270674992921653,5,2,1,0.0700010926154341
1346,54,228,-0.270674992921653,4,8,1,0.1775182192130312
1347,54,228,-0.270674992921653,7,4,1,0.3238804952527152
1348,54,228,-0.270674992921653,5,4,1,0.2724821732626761
1349,54,228,-0.270674992921653,4,4,1,-0.3711941407615376
1350,54,228,-0.270674992921653,5,4,1,-0.2836757621150296
1351,54,228,-0.270674992921653,7,8,1,0.4318764817531993
1352,54,228,-0.270674992921653,6,4,1,-0.4798360226588772
1353,54,228,-0.270674992921653,5,4,1,-1.633269571930206
1354,54,228,-0.270674992921653,6,8,1,-0.8983883107285793
1355,54,228,-0.270674992921653,6,2,1,-0.5294077638169333
1356,54,228,-0.270674992921653,4,2,1,-0.4734007558673775
1357,54,228,-0.270674992921653,5,2,1,0.3122474212438552
1358,54,228,-0.270674992921653,3,4,1,-2.115294988991549
1359,54,228,-0.270674992921653,6,4,1,-0.3604794714359156
1360,53,165,-0.30486796583493,6,4,1,-0.071023925589049
1361,53,165,-0.30486796583493,6,4,1,-0.5142898746369128
1362,53,165,-0.30486796583493,3,4,1,-1.0695552862563664
1363,53,165,-0.30486796583493,6,4,1,0.1304258387233907
1364,53,165,-0.30486796583493,5,4,1,-0.7797209909622285
1365,53,165,-0.30486796583493,6,3,1,-0.9241933700221296
1366,53,165,-0.30486796583493,6,4,1,0.9907063573232766
1367,53,165,-0.30486796583493,5,4,1,0.7981347516303822
1368,53,165,-0.30486796583493,7,4,1,-0.6788898393292465
1369,53,165,-0.30486796583493,6,4,1,-0.1975762862021007
1370,52,240,-0.0614277449022183,6,4,1,0.4359778050572699
1371,52,240,-0.0614277449022183,5,8,1,-0.8891823329452324
1372,52,240,-0.0614277449022183,6,4,1,-1.593086968762088
1373,52,240,-0.0614277449022183,6,4,1,-0.4307936036028634
1374,52,240,-0.0614277449022183,6,4,1,-1.005701752166456
1375,52,240,-0.0614277449022183,5,4,1,-1.7567026603163622
1376,52,240,-0.0614277449022183,5,4,1,-0.8665751168548792
1377,52,240,-0.0614277449022183,6,4,1,-0.2335271888793193
1378,52,240,-0.0614277449022183,5,8,1,-0.9475144819029816
1379,52,240,-0.0614277449022183,6,4,1,1.1111358243063785
1380,52,240,-0.0614277449022183,5,4,1,-0.6391820590600212
1381,52,240,-0.0614277449022183,5,4,1,-0.5897313059636566
1382,52,240,-0.0614277449022183,7,4,1,-0.744915030884889
1383,51,121,-0.306614149062857,5,4,1,0.8525409023601831
1384,51,121,-0.306614149062857,5,4,1,0.0198142173744564
1385,51,121,-0.306614149062857,5,2,1,0.0956918980100949
1386,51,121,-0.306614149062857,6,4,1,0.3462032412089529
1387,51,121,-0.306614149062857,6,4,1,0.5755271194568922
1388,51,121,-0.306614149062857,5,4,1,-0.7121900951476335
1389,51,121,-0.306614149062857,6,5,1,2.101645867084603
1390,51,121,-0.306614149062857,6,4,1,-0.2167862068354189
1391,51,121,-0.306614149062857,6,4,1,-0.176829695099764
1392,51,121,-0.306614149062857,7,4,1,1.3740450794507213
1393,51,121,-0.306614149062857,5,4,1,-0.662786079504657
1394,51,121,-0.306614149062857,6,4,1,-0.9889363104662892
1395,51,121,-0.306614149062857,7,4,1,0.6393210788369613
1396,50,187,-0.308800869116875,3,4,1,0.1382794454727491
1397,50,187,-0.308800869116875,6,4,1,0.689733574002945
1398,50,187,-0.308800869116875,6,4,1,-0.2582768399151905
1399,50,187,-0.308800869116875,6,8,1,-0.1439289517619587
1400,50,187,-0.308800869116875,5,4,1,-0.315422655476006
1401,50,187,-0.308800869116875,5,4,1,-0.851152988025204
1402,50,187,-0.308800869116875,5,4,1,1.6294060165597362
1403,50,187,-0.308800869116875,7,4,1,1.9904467383090665
1404,50,187,-0.308800869116875,5,4,1,-0.2397913452785513
1405,50,187,-0.308800869116875,5,2,1,0.4847918635284762
1406,50,187,-0.308800869116875,7,4,1,2.3772701828007587
1407,50,187,-0.308800869116875,6,4,1,1.590138173700476
1408,50,187,-0.308800869116875,5,4,1,-0.942256042238327
1409,50,187,-0.308800869116875,6,4,1,2.0450261722654828
1410,49,425,0.719658296903698,6,4,1,-0.1180628430756066
1411,49,425,0.719658296903698,6,8,1,-0.1365912810997228
1412,49,425,0.719658296903698,5,4,1,-1.6307998298909363
1413,49,425,0.719658296903698,5,8,1,-0.3294130636234509
1414,49,425,0.719658296903698,6,1,1,-0.7092468804931557
1415,49,425,0.719658296903698,6,2,1,0.8375453730697738
1416,49,425,0.719658296903698,6,1,1,0.4454321467901668
1417,49,425,0.719658296903698,6,3,1,0.1372847896437612
1418,49,425,0.719658296903698,6,4,1,0.4908486016544415
1419,49,425,0.719658296903698,5,1,1,-0.2902780280723994
1420,49,425,0.719658296903698,6,4,1,-1.495083758464239
1421,49,425,0.719658296903698,5,4,1,-0.8631231610427946
1422,49,425,0.719658296903698,5,4,1,-1.3592841390735366
1423,49,425,0.719658296903698,7,4,1,-0.2439013303861281
1424,49,425,0.719658296903698,6,4,1,1.3622963898588727
1425,49,425,0.719658296903698,5,4,1,-0.1240541478942714
1426,49,425,0.719658296903698,7,4,1,-0.4895099634140419
1427,49,425,0.719658296903698,6,4,1,-1.3836540126748016
1428,49,425,0.719658296903698,6,4,1,0.352758600969801
1429,49,425,0.719658296903698,7,4,1,1.5428359276095036
1430,49,425,0.719658296903698,5,5,1,-1.8179110110120384
1431,49,425,0.719658296903698,7,2,1,-0.001380412733252
1432,49,425,0.719658296903698,5,4,1,-1.7091595386892078
1433,49,425,0.719658296903698,6,4,1,0.6587572342770327
1434,49,425,0.719658296903698,6,5,1,0.5350415648429946
1435,48,392,0.613755804271724,5,2,1,-0.1609166063111792
1436,48,392,0.613755804271724,7,4,1,1.1633333493040448
1437,48,392,0.613755804271724,6,4,1,0.2750965162111499
1438,48,392,0.613755804271724,7,4,1,1.6649986009966669
1439,48,392,0.613755804271724,6,4,1,1.3612540626975769
1440,48,392,0.613755804271724,7,4,1,-0.7897424210881322
1441,48,392,0.613755804271724,6,8,1,0.1986551324805558
1442,48,392,0.613755804271724,6,4,1,-0.9752117193450672
1443,48,392,0.613755804271724,2,4,1,-0.497526768268921
1444,48,392,0.613755804271724,6,4,1,0.6077056934639194
1445,48,392,0.613755804271724,4,4,1,0.6101289464010652
1446,48,392,0.613755804271724,6,4,1,-0.7184052361601508
1447,48,392,0.613755804271724,4,4,1,-0.0137647713901262
1448,48,392,0.613755804271724,6,8,1,0.4380788609629468
1449,48,392,0.613755804271724,6,4,1,0.8506026953601014
1450,48,392,0.613755804271724,6,4,1,1.7727869181175089
1451,48,392,0.613755804271724,5,4,1,-0.5290791218981252
1452,48,392,0.613755804271724,5,4,1,0.580389061819383
1453,48,392,0.613755804271724,5,8,1,-0.5419104963334599
1454,48,392,0.613755804271724,5,4,1,-0.3240981183559701
1455,48,392,0.613755804271724,6,4,1,0.8110129996800052
1456,48,392,0.613755804271724,2,4,1,-1.2025118323203967
1457,48,392,0.613755804271724,5,4,1,0.8322855601595875
1458,48,392,0.613755804271724,6,3,1,1.5182676011587193
1459,47,1394,1.26767966641927,6,8,1,0.7560522676895496
1460,47,1394,1.26767966641927,5,4,1,-0.2811492295453867
1461,47,1394,1.26767966641927,6,4,1,0.8680284008510176
1462,47,1394,1.26767966641927,6,5,1,2.8442670514647888
1463,47,1394,1.26767966641927,3,1,1,-0.1833735000642402
1464,47,1394,1.26767966641927,6,8,1,1.4838340342333785
1465,47,1394,1.26767966641927,6,8,1,0.3856341199123468
1466,47,1394,1.26767966641927,6,2,1,0.6156437263559739
1467,47,1394,1.26767966641927,6,4,1,0.3719116044426589
1468,47,1394,1.26767966641927,5,4,1,-1.254972445847116
1469,47,1394,1.26767966641927,6,4,1,0.5834052578074591
1470,47,1394,1.26767966641927,3,8,1,1.3635852987017734
1471,47,1394,1.26767966641927,6,4,1,1.0063754151451916
1472,47,1394,1.26767966641927,6,4,1,1.003607704178452
1473,47,1394,1.26767966641927,6,4,1,-0.0833203708655917
1474,47,1394,1.26767966641927,6,2,1,0.7859000683565895
1475,47,1394,1.26767966641927,6,4,1,0.7738282188479646
1476,47,1394,1.26767966641927,5,4,1,-0.539704365748898
1477,47,1394,1.26767966641927,4,8,1,1.242724495126301
1478,47,1394,1.26767966641927,5,2,1,1.4356550926397351
1479,47,1394,1.26767966641927,6,4,1,2.577110779503436
1480,47,1394,1.26767966641927,6,4,1,0.4898864451823733
1481,47,1394,1.26767966641927,5,7,1,0.110168431685596
1482,47,1394,1.26767966641927,6,4,1,1.0798711620718708
1483,47,1394,1.26767966641927,5,8,1,-0.0050863769387112
1484,47,1394,1.26767966641927,1,8,1,-0.0284592276078973
1485,47,1394,1.26767966641927,5,4,1,0.019404255166022
1486,47,1394,1.26767966641927,6,4,1,0.4855910335340698
1487,47,1394,1.26767966641927,6,4,1,1.1226508403924982
1488,47,1394,1.26767966641927,6,5,1,1.8057211345270652
1489,47,1394,1.26767966641927,6,4,1,1.0047767198987418
1490,47,1394,1.26767966641927,4,2,1,-0.2753920550637617
1491,47,1394,1.26767966641927,6,4,1,0.2816625269924727
1492,47,1394,1.26767966641927,5,5,1,1.3296122737950724
1493,47,1394,1.26767966641927,6,4,1,1.695567981967908
1494,47,1394,1.26767966641927,6,4,1,1.3922278458584263
1495,47,1394,1.26767966641927,6,5,1,1.9631591598214693
1496,47,1394,1.26767966641927,6,4,1,2.085485348501846
1497,47,1394,1.26767966641927,5,4,1,0.0962408035366243
1498,47,1394,1.26767966641927,6,3,1,-0.1256810605417536
1499,47,1394,1.26767966641927,4,4,1,-0.8300763818409137
1500,47,1394,1.26767966641927,6,4,1,0.3964584195480813
1501,47,1394,1.26767966641927,6,4,1,2.871811646056732
1502,47,1394,1.26767966641927,6,4,1,1.3989248715235016
1503,47,1394,1.26767966641927,5,4,1,-1.270931161755889
1504,47,1394,1.26767966641927,5,8,1,1.0080055430194217
1505,47,1394,1.26767966641927,7,4,1,0.7614339075023776
1506,47,1394,1.26767966641927,6,8,1,0.6544102442627877
1507,47,1394,1.26767966641927,7,4,1,1.6903858486210204
1508,47,1394,1.26767966641927,4,8,1,1.2452017234292896
1509,47,1394,1.26767966641927,6,8,1,1.2821040224770877
1510,47,1394,1.26767966641927,5,4,1,0.8300177539024524
1511,47,1394,1.26767966641927,5,5,1,0.6756166865593236
1512,47,1394,1.26767966641927,5,5,1,1.2476493591597344
1513,47,1394,1.26767966641927,6,8,1,1.083009542027196
1514,47,1394,1.26767966641927,5,8,1,-0.4943391539201838
1515,47,1394,1.26767966641927,5,2,1,0.0549349979698141
1516,47,1394,1.26767966641927,5,2,1,1.7604747303499415
1517,47,1394,1.26767966641927,4,1,1,-1.615427283400804
1518,47,1394,1.26767966641927,5,4,1,1.2838931209396407
1519,47,1394,1.26767966641927,6,5,1,0.2812643459402936
1520,47,1394,1.26767966641927,6,5,1,0.9167289696720043
1521,47,1394,1.26767966641927,4,5,1,0.1231376647331253
1522,47,1394,1.26767966641927,5,5,1,0.9954891228731906
1523,47,1394,1.26767966641927,2,4,1,-1.3810909385277677
1524,47,1394,1.26767966641927,4,2,1,-0.8878548650149215
1525,47,1394,1.26767966641927,6,3,1,-0.286345824395609
1526,47,1394,1.26767966641927,4,2,1,-0.0336217148663005
1527,47,1394,1.26767966641927,5,1,1,0.4927559088462823
1528,47,1394,1.26767966641927,6,2,1,0.9379801826340632
1529,47,1394,1.26767966641927,6,5,1,1.822617868384098
1530,47,1394,1.26767966641927,6,4,1,1.4482491227250365
1531,47,1394,1.26767966641927,2,2,1,-0.2942266446567225
1532,47,1394,1.26767966641927,6,2,1,1.6165993125458773
1533,47,1394,1.26767966641927,5,2,1,0.7076886205973776
1534,47,1394,1.26767966641927,4,2,1,-0.135676136380216
1535,47,1394,1.26767966641927,6,2,1,0.1919128982835758
1536,47,1394,1.26767966641927,6,2,1,1.5368335566103224
1537,47,1394,1.26767966641927,5,2,1,-0.5464967401594163
1538,47,1394,1.26767966641927,7,5,1,2.1922657395780067
1539,47,1394,1.26767966641927,4,4,1,0.3718131220312283
1540,47,1394,1.26767966641927,6,4,1,0.6442722614150844
1541,47,1394,1.26767966641927,6,4,1,2.021877174787708
1542,47,1394,1.26767966641927,7,8,1,1.6883341482127874
1543,47,1394,1.26767966641927,6,4,1,-0.1046970351097915
1544,47,1394,1.26767966641927,7,4,1,2.590154485663771
1545,47,1394,1.26767966641927,5,4,1,-0.2103077670820604
1546,47,1394,1.26767966641927,5,4,1,0.315491647638897
1547,47,1394,1.26767966641927,6,4,1,0.9263038841936376
1548,47,1394,1.26767966641927,4,4,1,1.0245971970855747
1549,47,1394,1.26767966641927,5,4,1,0.1609361874534261
1550,47,1394,1.26767966641927,6,1,1,2.308859138414544
1551,47,1394,1.26767966641927,5,4,1,0.6730318952459021
1552,47,1394,1.26767966641927,4,1,1,-0.9783081642697056
1553,47,1394,1.26767966641927,6,4,1,0.8651260081953052
1554,47,1394,1.26767966641927,6,4,1,-0.5767860556738895
1555,47,1394,1.26767966641927,4,4,1,-0.1617479171632459
1556,47,1394,1.26767966641927,6,2,1,0.6639000108165146
1557,47,1394,1.26767966641927,6,5,1,1.5016262710084272
1558,47,1394,1.26767966641927,5,8,1,0.4184537239676794
1559,47,1394,1.26767966641927,5,8,1,-1.020922669708707
1560,47,1394,1.26767966641927,6,5,1,2.1068454122904035
1561,47,1394,1.26767966641927,5,8,1,0.3239398183024401
1562,47,1394,1.26767966641927,2,2,1,-0.3157917670547674
1563,47,1394,1.26767966641927,5,2,1,0.6784509362400919
1564,47,1394,1.26767966641927,6,4,1,0.622194036518663
1565,47,1394,1.26767966641927,5,1,1,-1.4489044997628635
1566,47,1394,1.26767966641927,6,4,1,2.133169210026802
1567,47,1394,1.26767966641927,6,4,1,1.4902303815181783
1568,47,1394,1.26767966641927,5,4,1,-0.9062181281642004
1569,47,1394,1.26767966641927,6,2,1,0.2332134157478757
1570,47,1394,1.26767966641927,5,8,1,-0.2647427161594398
1571,47,1394,1.26767966641927,5,4,1,-1.425779064557306
1572,46,567,2.82165999303967,6,8,1,0.6801114037887555
1573,46,567,2.82165999303967,7,1,1,1.389725447619832
1574,46,567,2.82165999303967,6,8,1,1.3673423051319236
1575,46,567,2.82165999303967,6,5,1,2.469996965412486
1576,46,567,2.82165999303967,6,1,1,0.8476172809325123
1577,46,567,2.82165999303967,5,8,1,1.2080801484476618
1578,46,567,2.82165999303967,4,4,1,-0.4138830554263609
1579,46,567,2.82165999303967,1,4,1,-0.2062091713200126
1580,46,567,2.82165999303967,5,4,1,0.4971372623725148
1581,46,567,2.82165999303967,6,4,1,-0.1586157680085853
1582,46,567,2.82165999303967,6,6,1,-0.0756333589457321
1583,46,567,2.82165999303967,5,1,1,1.6082013383692402
1584,46,567,2.82165999303967,4,2,1,0.7703864475810056
1585,46,567,2.82165999303967,7,1,1,0.1488621153524646
1586,46,567,2.82165999303967,5,4,1,0.1651590626749609
1587,46,567,2.82165999303967,6,2,1,-0.4755381386971487
1588,46,567,2.82165999303967,5,8,1,1.3026595787972128
1589,46,567,2.82165999303967,6,5,1,0.9172114843014308
1590,46,567,2.82165999303967,6,4,1,2.5371851485594084
1591,46,567,2.82165999303967,6,4,1,1.7285803122273604
1592,46,567,2.82165999303967,6,8,1,1.7690601772319825
1593,46,567,2.82165999303967,6,2,1,2.383219714008053
1594,46,567,2.82165999303967,5,2,1,0.1517528620774013
1595,46,567,2.82165999303967,6,2,1,0.8574784705260393
1596,46,567,2.82165999303967,6,1,1,2.080323361463488
1597,46,567,2.82165999303967,5,4,1,-0.9617798333916554
1598,46,567,2.82165999303967,6,1,1,1.161059705553137
1599,46,567,2.82165999303967,5,8,1,-0.0812851657663991
1600,46,567,2.82165999303967,7,1,1,1.4292908193302352
1601,46,567,2.82165999303967,6,4,1,1.1627616203685256
1602,46,567,2.82165999303967,5,8,1,-1.307745585827144
1603,46,567,2.82165999303967,6,1,1,1.5264429625126594
1604,46,567,2.82165999303967,7,4,1,1.2506700823628762
1605,46,567,2.82165999303967,6,4,1,-0.3611896961756228
1606,46,567,2.82165999303967,6,3,1,0.6017383306788914
1607,46,567,2.82165999303967,2,8,1,-0.7472591039422307
1608,46,567,2.82165999303967,5,4,1,-0.2436763302683656
1609,46,567,2.82165999303967,5,1,1,0.613463454022664
1610,46,567,2.82165999303967,6,8,1,0.5173747057742996
1611,46,567,2.82165999303967,6,4,1,2.113764409653132
1612,45,539,0.347889377392693,5,4,1,-0.502570515969652
1613,45,539,0.347889377392693,3,3,1,-1.7844000718845765
1614,45,539,0.347889377392693,6,8,1,-0.7726899857986839
1615,45,539,0.347889377392693,5,8,1,-2.1473910030953047
1616,45,539,0.347889377392693,5,8,1,-1.3805545754365895
1617,45,539,0.347889377392693,5,4,1,-0.3046075755924832
1618,45,539,0.347889377392693,5,8,1,1.2382331508241775
1619,45,539,0.347889377392693,6,2,1,1.5036804854326324
1620,45,539,0.347889377392693,5,4,1,-0.2846954866769619
1621,45,539,0.347889377392693,7,8,1,1.7533948988605683
1622,45,539,0.347889377392693,4,4,1,-0.8172594635904001
1623,45,539,0.347889377392693,5,4,1,-1.9407385905498025
1624,45,539,0.347889377392693,6,4,1,0.7593107827230149
1625,45,539,0.347889377392693,5,4,1,-0.6053861429841411
1626,45,539,0.347889377392693,5,4,1,-1.2049541435346125
1627,45,539,0.347889377392693,5,4,1,0.2769045623553439
1628,45,539,0.347889377392693,6,3,1,-0.3818299589714831
1629,45,539,0.347889377392693,5,8,1,-0.8855647783161645
1630,45,539,0.347889377392693,6,4,1,0.8339056634677873
1631,45,539,0.347889377392693,6,4,1,0.7370504779589234
1632,45,539,0.347889377392693,5,4,1,0.7385009254906164
1633,45,539,0.347889377392693,5,4,1,-0.1006460103103261
1634,45,539,0.347889377392693,6,8,1,0.3489421521514309
1635,45,539,0.347889377392693,5,4,1,-0.9619631496461918
1636,45,539,0.347889377392693,7,4,1,1.7176675051110066
1637,45,539,0.347889377392693,4,4,1,-0.3768405636603383
1638,45,539,0.347889377392693,6,4,1,-0.6025308791317057
1639,45,539,0.347889377392693,6,8,1,0.3950263627980135
1640,45,539,0.347889377392693,7,2,1,-0.4255589980132465
1641,45,539,0.347889377392693,4,4,1,-0.2016529713104638
1642,45,539,0.347889377392693,4,4,1,1.130412227114316
1643,45,539,0.347889377392693,5,1,1,-0.2101879497216731
1644,45,539,0.347889377392693,5,4,1,-0.6658500639666193
1645,45,539,0.347889377392693,5,8,1,0.3647714235401215
1646,45,539,0.347889377392693,5,4,1,-0.5718164217349039
1647,44,286,1.12831637936496,4,4,1,-1.3263327727555656
1648,44,286,1.12831637936496,6,4,1,-1.1629591983125418
1649,44,286,1.12831637936496,6,4,1,0.4430715390152636
1650,44,286,1.12831637936496,3,5,1,-1.4028093790191851
1651,44,286,1.12831637936496,6,4,1,-0.253966312907257
1652,44,286,1.12831637936496,5,4,1,0.4234798530958825
1653,44,286,1.12831637936496,4,4,1,-0.9368549356441096
1654,44,286,1.12831637936496,4,4,1,-1.9541515866486108
1655,44,286,1.12831637936496,3,8,1,-0.6080635606835878
1656,44,286,1.12831637936496,6,4,1,0.0568512069737041
1657,44,286,1.12831637936496,5,8,1,-0.2111117656498589
1658,44,286,1.12831637936496,6,8,1,-0.7990929262451956
1659,44,286,1.12831637936496,6,4,1,-0.916630935896792
1660,44,286,1.12831637936496,5,5,1,0.9965095392963056
1661,44,286,1.12831637936496,5,4,1,-1.051647703830413
1662,44,286,1.12831637936496,6,4,1,0.4105975284090633
1663,44,286,1.12831637936496,6,4,1,-0.2501843622335888
1664,44,286,1.12831637936496,3,8,1,-1.6642084740049157
1665,43,203,-0.664859724964281,6,2,1,1.3981218594117717
1666,43,203,-0.664859724964281,6,4,1,0.5553558028763622
1667,43,203,-0.664859724964281,6,4,1,1.9439269093160445
1668,43,203,-0.664859724964281,5,4,1,-1.3581731566272333
1669,43,203,-0.664859724964281,5,4,1,0.1665449969812288
1670,43,203,-0.664859724964281,6,4,1,0.928434370469736
1671,43,203,-0.664859724964281,6,4,1,0.8069542074975056
1672,43,203,-0.664859724964281,6,4,1,1.2172424485519784
1673,43,203,-0.664859724964281,5,4,1,0.2076324347430546
1674,43,203,-0.664859724964281,7,8,1,3.563639475252633
1675,43,203,-0.664859724964281,5,4,1,1.7763648976560402
1676,42,337,0.504999212108569,5,8,1,-0.4048987621268949
1677,42,337,0.504999212108569,6,1,1,0.1704529981945689
1678,42,337,0.504999212108569,6,4,1,-0.3949689484591013
1679,42,337,0.504999212108569,7,4,1,1.1173940404123934
1680,42,337,0.504999212108569,5,4,1,-0.5106174457014364
1681,42,337,0.504999212108569,5,2,1,0.5935542876169293
1682,42,337,0.504999212108569,5,4,1,-0.1839266995264956
1683,42,337,0.504999212108569,6,4,1,1.4611325400337782
1684,42,337,0.504999212108569,6,4,1,-1.0175298536389883
1685,42,337,0.504999212108569,6,4,1,0.5532308417334402
1686,42,337,0.504999212108569,7,4,1,1.380108635996958
1687,42,337,0.504999212108569,7,8,1,0.4976352829241617
1688,42,337,0.504999212108569,4,4,1,1.3552530448719484
1689,42,337,0.504999212108569,4,8,1,-0.558650100888333
1690,42,337,0.504999212108569,6,4,1,1.6687911065708834
1691,42,337,0.504999212108569,6,4,1,1.6581317954760035
1692,42,337,0.504999212108569,6,1,1,0.3176467727865338
1693,42,337,0.504999212108569,6,4,1,1.6588671385748548
1694,42,337,0.504999212108569,5,8,1,-0.1402812066837792
1695,42,337,0.504999212108569,7,4,1,2.471400871951917
1696,42,337,0.504999212108569,6,4,1,1.1209207652252493
1697,42,337,0.504999212108569,5,4,1,0.6160056110695319
1698,42,337,0.504999212108569,6,8,1,2.108820102588936
1699,41,267,0.700118007221598,5,8,1,-1.165453480677311
1700,41,267,0.700118007221598,5,4,1,0.3101109890493678
1701,41,267,0.700118007221598,6,2,1,-0.0577672889607054
1702,41,267,0.700118007221598,5,2,1,-0.7266133334015685
1703,41,267,0.700118007221598,5,2,1,-1.548408217149297
1704,41,267,0.700118007221598,7,8,1,1.3263683217424151
1705,41,267,0.700118007221598,5,4,1,0.9385924593408956
1706,41,267,0.700118007221598,6,2,1,0.8226843640544098
1707,41,267,0.700118007221598,5,2,1,-0.268880493446392
1708,41,267,0.700118007221598,5,8,1,0.0531282691775272
1709,41,267,0.700118007221598,5,2,1,0.2534754049621392
1710,41,267,0.700118007221598,5,8,1,0.7910581963910974
1711,41,267,0.700118007221598,6,8,1,-0.7956813190104097
1712,41,267,0.700118007221598,6,2,1,-0.9261698712788304
1713,41,267,0.700118007221598,5,1,1,-0.7151291552213526
1714,41,267,0.700118007221598,6,4,1,0.3901634810116653
1715,41,267,0.700118007221598,6,2,1,-0.0666605243604549
1716,41,267,0.700118007221598,6,4,1,-1.4528721217529963
1717,41,267,0.700118007221598,5,2,1,-1.4994740268687723
1718,41,267,0.700118007221598,4,2,1,-1.24125835572251
1719,41,267,0.700118007221598,6,2,1,0.1497319235327951
1720,41,267,0.700118007221598,1,2,1,-0.9533688571474768
1721,41,267,0.700118007221598,6,2,1,0.7372028128181309
1722,40,299,0.596473618760828,7,4,1,0.1030084481515513
1723,40,299,0.596473618760828,7,4,1,0.0417644900322897
1724,40,299,0.596473618760828,6,4,1,-0.3621953523922997
1725,40,299,0.596473618760828,6,8,1,0.6839370956350183
1726,40,299,0.596473618760828,6,8,1,-1.15686962625538
1727,40,299,0.596473618760828,6,8,1,0.4171097597058459
1728,40,299,0.596473618760828,5,4,1,-0.099723170290991
1729,40,299,0.596473618760828,4,8,1,-1.2082425379836603
1730,40,299,0.596473618760828,6,4,1,0.5049860789901769
1731,40,299,0.596473618760828,6,8,1,1.463750490999998
1732,40,299,0.596473618760828,5,3,1,-1.506618746987271
1733,40,299,0.596473618760828,5,3,1,-0.0799106339269783
1734,40,299,0.596473618760828,3,4,1,-1.2038915079710215
1735,40,299,0.596473618760828,5,3,1,-0.4205328510881128
1736,40,299,0.596473618760828,6,4,1,0.2930455063838932
1737,40,299,0.596473618760828,5,8,1,-1.2845911724201913
1738,39,345,1.05510681959196,5,4,1,-0.0180787221644354
1739,39,345,1.05510681959196,7,4,1,3.2807088502815205
1740,39,345,1.05510681959196,7,8,1,0.529112256997227
1741,39,345,1.05510681959196,4,4,1,-0.4488716546037037
1742,39,345,1.05510681959196,4,8,1,0.7442920467817369
1743,39,345,1.05510681959196,7,5,1,1.9317545291690468
1744,39,345,1.05510681959196,5,4,1,1.1035080978461906
1745,39,345,1.05510681959196,6,8,1,2.351292325326228
1746,39,345,1.05510681959196,3,2,1,0.2248574008815962
1747,39,345,1.05510681959196,6,4,1,1.1308579747278809
1748,39,345,1.05510681959196,5,3,1,0.8199326152638119
1749,39,345,1.05510681959196,6,8,1,1.0652798525835976
1750,39,345,1.05510681959196,6,4,1,0.2354000698960335
1751,39,345,1.05510681959196,6,4,1,0.486500485488195
1752,39,345,1.05510681959196,6,3,1,-0.131173241593531
1753,39,345,1.05510681959196,5,8,1,0.7381208920929047
1754,39,345,1.05510681959196,6,4,1,0.2559890801352213
1755,39,345,1.05510681959196,6,4,1,1.6600006790760993
1756,39,345,1.05510681959196,4,2,1,-0.6114003633877514
1757,39,345,1.05510681959196,6,8,1,0.3219430812756354
1758,38,290,1.27408795114351,3,4,1,-2.032185609134891
1759,38,290,1.27408795114351,6,4,1,0.5432119806515465
1760,38,290,1.27408795114351,5,8,1,-1.3533514363072163
1761,38,290,1.27408795114351,4,8,1,0.1809592148035537
1762,38,290,1.27408795114351,6,4,1,0.947439019387464
1763,38,290,1.27408795114351,6,8,1,0.6881820084381525
1764,38,290,1.27408795114351,7,3,1,-0.6013694976101185
1765,38,290,1.27408795114351,6,4,1,-0.6561471009129011
1766,38,290,1.27408795114351,6,8,1,0.8786716193279036
1767,38,290,1.27408795114351,5,4,1,-1.7009589653156365
1768,38,290,1.27408795114351,5,8,1,-0.318016352085165
1769,38,290,1.27408795114351,7,4,1,0.7879662221874509
1770,38,290,1.27408795114351,5,8,1,-0.6834216563488367
1771,38,290,1.27408795114351,6,4,1,0.6958417326801937
1772,38,290,1.27408795114351,5,4,1,1.2493558409529566
1773,38,290,1.27408795114351,7,4,1,-0.0887746780589738
1774,38,290,1.27408795114351,4,4,1,-1.7183019558988788
1775,37,530,-0.045722214941048,6,4,1,0.6056856792361268
1776,37,530,-0.045722214941048,6,8,1,1.048948069703013
1777,37,530,-0.045722214941048,6,4,1,0.9769594418018932
1778,37,530,-0.045722214941048,6,4,1,2.378524709860215
1779,37,530,-0.045722214941048,5,8,1,1.1847236448962952
1780,37,530,-0.045722214941048,6,4,1,0.0643464546236809
1781,37,530,-0.045722214941048,5,4,1,0.1739825873192373
1782,37,530,-0.045722214941048,5,4,1,0.9962825558440992
1783,37,530,-0.045722214941048,6,4,1,0.3678375216842232
1784,37,530,-0.045722214941048,6,4,1,-0.1081172421900811
1785,37,530,-0.045722214941048,5,8,1,-0.5208860572904332
1786,37,530,-0.045722214941048,5,4,1,0.1177793675278505
1787,37,530,-0.045722214941048,5,4,1,0.2993379586033676
1788,37,530,-0.045722214941048,6,4,1,-0.2913136202311571
1789,37,530,-0.045722214941048,4,4,1,-0.1809711144908235
1790,37,530,-0.045722214941048,7,4,1,0.3702117091369375
1791,37,530,-0.045722214941048,6,2,1,0.8702109301765834
1792,37,530,-0.045722214941048,5,4,1,-0.7375154834163183
1793,37,530,-0.045722214941048,5,8,1,1.1231540231453496
1794,37,530,-0.045722214941048,6,4,1,0.4406968845454802
1795,37,530,-0.045722214941048,6,8,1,0.2809820105684983
1796,37,530,-0.045722214941048,5,1,1,-0.249277614884488
1797,37,530,-0.045722214941048,6,4,1,0.5654361635655747
1798,37,530,-0.045722214941048,5,4,1,-0.1208288683855904
1799,37,530,-0.045722214941048,6,4,1,1.986734208094564
1800,37,530,-0.045722214941048,4,1,1,-0.3485924958451767
1801,37,530,-0.045722214941048,7,4,1,1.904656237158611
1802,37,530,-0.045722214941048,6,8,1,0.2874086434329636
1803,37,530,-0.045722214941048,5,4,1,0.5826423274766867
1804,37,530,-0.045722214941048,5,4,1,0.3221322432555222
1805,37,530,-0.045722214941048,6,4,1,2.761139100316626
1806,37,530,-0.045722214941048,6,4,1,2.2356759696570463
1807,37,530,-0.045722214941048,6,4,1,1.3347590883924596
1808,37,530,-0.045722214941048,5,4,1,0.0999508333192273
1809,37,530,-0.045722214941048,7,4,1,2.6769495551039584
1810,37,530,-0.045722214941048,6,4,1,0.3291541145688906
1811,37,530,-0.045722214941048,5,4,1,2.013372706057829
1812,37,530,-0.045722214941048,5,8,1,0.7740641906766242
1813,36,264,0.540380526842143,5,4,1,-0.7341377964401535
1814,36,264,0.540380526842143,5,4,1,-1.2984930825803147
1815,36,264,0.540380526842143,3,4,1,-2.777461105039748
1816,36,264,0.540380526842143,6,4,1,-0.2722605889376907
1817,36,264,0.540380526842143,7,4,1,-0.7056999940832998
1818,36,264,0.540380526842143,6,4,1,-0.1081903614904025
1819,36,264,0.540380526842143,5,4,1,-0.6286161347126565
1820,36,264,0.540380526842143,5,4,1,-0.9621081244446094
1821,36,264,0.540380526842143,6,4,1,-0.6485821833031469
1822,36,264,0.540380526842143,5,4,1,-1.0275547203487208
1823,36,264,0.540380526842143,6,4,1,-0.5856029722388817
1824,36,264,0.540380526842143,5,1,1,-0.3051024987756728
1825,36,264,0.540380526842143,6,8,1,-1.093129503558096
1826,36,264,0.540380526842143,5,8,1,0.699500352416626
1827,35,242,0.476897507500151,6,4,1,0.4929389896435101
1828,35,242,0.476897507500151,6,4,1,1.3229641839304451
1829,35,242,0.476897507500151,4,4,1,-1.7602041127738568
1830,35,242,0.476897507500151,5,4,1,-0.4580944873883092
1831,35,242,0.476897507500151,2,4,1,-1.304630548036133
1832,35,242,0.476897507500151,5,4,1,-1.1112461630727477
1833,35,242,0.476897507500151,6,8,1,0.5189073573378877
1834,35,242,0.476897507500151,5,8,1,-1.4387194354542536
1835,35,242,0.476897507500151,5,8,1,0.5124356482648158
1836,35,242,0.476897507500151,4,4,1,-0.6280578311040547
1837,35,242,0.476897507500151,6,4,1,0.2960021471442863
1838,35,242,0.476897507500151,5,4,1,-0.9149423331458316
1839,35,242,0.476897507500151,6,8,1,0.2440518336990154
1840,35,242,0.476897507500151,7,4,1,2.315365256383835
1841,34,771,-1.3190603004189,5,4,1,0.7954949662257975
1842,34,771,-1.3190603004189,5,4,1,0.2671612439597227
1843,34,771,-1.3190603004189,5,1,1,1.7121476329333314
1844,34,771,-1.3190603004189,5,4,1,0.4934454761822965
1845,34,771,-1.3190603004189,6,2,1,0.527331559281472
1846,34,771,-1.3190603004189,5,4,1,1.1647922541116158
1847,34,771,-1.3190603004189,5,2,1,0.3564713718398136
1848,34,771,-1.3190603004189,6,4,1,2.3732114914599505
1849,34,771,-1.3190603004189,5,4,1,0.6248656989802914
1850,34,771,-1.3190603004189,6,8,1,2.0241025108267734
1851,34,771,-1.3190603004189,7,8,1,1.7044262143289404
1852,34,771,-1.3190603004189,5,4,1,0.3617962525111308
1853,34,771,-1.3190603004189,7,2,1,1.8780018147608104
1854,34,771,-1.3190603004189,6,4,1,1.6401352751775655
1855,34,771,-1.3190603004189,6,4,1,-0.0145898745568074
1856,34,771,-1.3190603004189,5,8,1,0.1674697666571578
1857,34,771,-1.3190603004189,5,8,1,0.5555147227632615
1858,34,771,-1.3190603004189,5,4,1,0.6805646020233096
1859,34,771,-1.3190603004189,4,4,1,-0.2982295604409794
1860,34,771,-1.3190603004189,6,4,1,0.9850943117296104
1861,34,771,-1.3190603004189,7,2,1,1.982141239727288
1862,34,771,-1.3190603004189,5,4,1,0.1870523403354253
1863,34,771,-1.3190603004189,6,4,1,2.7965478417289216
1864,34,771,-1.3190603004189,6,4,1,0.8092961344749594
1865,34,771,-1.3190603004189,7,4,1,2.0084532638187573
1866,34,771,-1.3190603004189,6,4,1,0.4468113641939702
1867,34,771,-1.3190603004189,7,4,1,1.825338784684127
1868,34,771,-1.3190603004189,5,4,1,0.3367735107999375
1869,34,771,-1.3190603004189,5,8,1,1.6371686591054702
1870,34,771,-1.3190603004189,5,8,1,1.229983185448558
1871,34,771,-1.3190603004189,4,4,1,0.386292982274859
1872,34,771,-1.3190603004189,6,2,1,0.6411157234215732
1873,34,771,-1.3190603004189,6,4,1,0.4725115789066879
1874,34,771,-1.3190603004189,6,4,1,2.429223403596501
1875,34,771,-1.3190603004189,5,4,1,0.2692975669980279
1876,34,771,-1.3190603004189,6,4,1,1.5688819853446008
1877,34,771,-1.3190603004189,6,2,1,0.9461965925250628
1878,34,771,-1.3190603004189,6,4,1,0.4471273557063522
1879,34,771,-1.3190603004189,6,4,1,0.4923146921060323
1880,34,771,-1.3190603004189,4,4,1,0.5516255519317681
1881,34,771,-1.3190603004189,5,4,1,0.8491909418755377
1882,34,771,-1.3190603004189,5,4,1,-0.1052672862971108
1883,34,771,-1.3190603004189,6,4,1,1.0799025850010564
1884,34,771,-1.3190603004189,5,4,1,0.9601402377243196
1885,34,771,-1.3190603004189,5,4,1,0.3578002454974432
1886,34,771,-1.3190603004189,7,4,1,1.5957347035788725
1887,34,771,-1.3190603004189,5,4,1,2.248901226053559
1888,34,771,-1.3190603004189,5,4,1,0.994039243298912
1889,34,771,-1.3190603004189,6,4,1,-0.754207456646913
1890,34,771,-1.3190603004189,6,4,1,-0.4356254285040128
1891,34,771,-1.3190603004189,5,4,1,-0.438741776964924
1892,34,771,-1.3190603004189,5,4,1,-1.0299529523302378
1893,34,771,-1.3190603004189,6,4,1,-0.2124702032275758
1894,34,771,-1.3190603004189,6,4,1,0.4662379960972986
1895,34,771,-1.3190603004189,6,4,1,1.2924693210228977
1896,34,771,-1.3190603004189,6,1,1,1.2647282617037006
1897,34,771,-1.3190603004189,4,4,1,0.8026131803186184
1898,34,771,-1.3190603004189,4,4,1,-0.839208682114183
1899,34,771,-1.3190603004189,5,4,1,0.7256263252733925
1900,34,771,-1.3190603004189,5,8,1,0.5238531018500929
1901,34,771,-1.3190603004189,5,4,1,0.6048829611945109
1902,33,210,-0.480492740553379,5,8,1,-1.4721345532417498
1903,33,210,-0.480492740553379,4,4,1,-0.9249451701802484
1904,33,210,-0.480492740553379,3,4,1,-0.9546887805155808
1905,33,210,-0.480492740553379,5,1,1,0.7164734518853084
1906,33,210,-0.480492740553379,5,4,1,0.0860987338089094
1907,33,210,-0.480492740553379,5,4,1,-1.0312395781142831
1908,33,210,-0.480492740553379,5,4,1,-0.9879496793251588
1909,33,210,-0.480492740553379,3,2,1,-1.8430103796754205
1910,33,210,-0.480492740553379,6,4,1,-0.2945842529396773
1911,33,210,-0.480492740553379,4,4,1,-1.6232892013325846
1912,33,210,-0.480492740553379,5,2,1,-0.081255387325634
1913,33,210,-0.480492740553379,5,4,1,1.0365530895937702
1914,33,210,-0.480492740553379,6,4,1,0.494558756067636
1915,33,210,-0.480492740553379,6,4,1,1.3710979550817406
1916,33,210,-0.480492740553379,6,1,1,0.3406651688438276
1917,33,210,-0.480492740553379,4,4,1,0.3372702673073534
1918,32,240,0.1288298406552,6,4,1,1.0181295930680223
1919,32,240,0.1288298406552,6,8,1,1.775451774048205
1920,32,240,0.1288298406552,5,4,1,-0.6202788393187058
1921,32,240,0.1288298406552,6,4,1,1.819216625935251
1922,32,240,0.1288298406552,4,4,1,-0.678269792575899
1923,32,240,0.1288298406552,5,4,1,0.1997384124028298
1924,32,240,0.1288298406552,6,4,1,0.3309628282486203
1925,32,240,0.1288298406552,5,8,1,0.3052105174960748
1926,32,240,0.1288298406552,7,4,1,0.5190718931362444
1927,32,240,0.1288298406552,7,4,1,1.0822689165327006
1928,32,240,0.1288298406552,7,8,1,0.7972081432228437
1929,32,240,0.1288298406552,6,8,1,1.4215785645383432
1930,32,240,0.1288298406552,3,2,1,0.4939551599427605
1931,32,240,0.1288298406552,5,4,1,-0.701030911624326
1932,32,240,0.1288298406552,5,8,1,0.3269727486749292
1933,32,240,0.1288298406552,7,8,1,1.0521869829246178
1934,32,240,0.1288298406552,6,8,1,1.6399226335171255
1935,32,240,0.1288298406552,6,4,1,0.1181960793021098
1936,31,43,-0.256415884211367,7,2,1,3.177873766204342
1937,31,43,-0.256415884211367,5,2,1,2.002101816787158
1938,31,43,-0.256415884211367,7,4,1,1.8880046891861408
1939,31,43,-0.256415884211367,5,3,1,0.0552332780563735
1940,31,43,-0.256415884211367,7,4,1,1.8990619975796368
1941,30,571,-0.220041271618529,7,8,1,1.7038449388610817
1942,30,571,-0.220041271618529,5,8,1,2.05613184427873
1943,30,571,-0.220041271618529,6,4,1,0.2324981916834676
1944,30,571,-0.220041271618529,6,4,1,1.026688481354009
1945,30,571,-0.220041271618529,5,8,1,0.9570529276463418
1946,30,571,-0.220041271618529,5,4,1,0.3396459041834458
1947,30,571,-0.220041271618529,7,1,1,1.4751687389683366
1948,30,571,-0.220041271618529,5,4,1,1.069554673287517
1949,30,571,-0.220041271618529,6,1,1,1.438399980620073
1950,30,571,-0.220041271618529,5,8,1,-0.5023417450086451
1951,30,571,-0.220041271618529,5,4,1,0.0647984057720648
1952,30,571,-0.220041271618529,6,8,1,1.131919410332213
1953,30,571,-0.220041271618529,4,4,1,0.9888502064296228
1954,30,571,-0.220041271618529,6,4,1,1.1563930967612683
1955,30,571,-0.220041271618529,6,4,1,1.618660079894528
1956,30,571,-0.220041271618529,7,8,1,2.161622615643387
1957,30,571,-0.220041271618529,6,4,1,0.633118567842619
1958,30,571,-0.220041271618529,2,4,1,-0.7166572335788812
1959,30,571,-0.220041271618529,6,1,1,1.357803935728647
1960,30,571,-0.220041271618529,7,4,1,1.2880025471228005
1961,30,571,-0.220041271618529,5,8,1,2.329293719058548
1962,30,571,-0.220041271618529,4,2,1,-1.5647811824603144
1963,30,571,-0.220041271618529,7,8,1,0.047390138838362
1964,30,571,-0.220041271618529,6,4,1,2.1447169233398378
1965,30,571,-0.220041271618529,3,8,1,-0.1756161578808356
1966,30,571,-0.220041271618529,5,4,1,0.3397656608491479
1967,30,571,-0.220041271618529,5,4,1,0.4815144885510272
1968,30,571,-0.220041271618529,4,4,1,-0.2091227996149142
1969,30,571,-0.220041271618529,5,8,1,1.0408584325414505
1970,30,571,-0.220041271618529,6,4,1,0.1979082552579818
1971,30,571,-0.220041271618529,7,8,1,1.9023921312484808
1972,30,571,-0.220041271618529,6,1,1,1.2770621946197582
1973,29,512,-1.92477826783442,7,4,1,0.3126574889988274
1974,29,512,-1.92477826783442,6,8,1,0.4895279698947328
1975,29,512,-1.92477826783442,3,8,1,-0.2643497341938238
1976,29,512,-1.92477826783442,6,4,1,-0.7940618055413325
1977,29,512,-1.92477826783442,5,8,1,-0.3717615653148723
1978,29,512,-1.92477826783442,7,4,1,0.2012216545038489
1979,29,512,-1.92477826783442,2,4,1,-1.4066413639426192
1980,29,512,-1.92477826783442,5,8,1,-0.4609237238771836
1981,29,512,-1.92477826783442,6,4,1,0.6871851298123662
1982,29,512,-1.92477826783442,4,8,1,-1.6643540658892364
1983,29,512,-1.92477826783442,5,8,1,-0.1536318896548893
1984,29,512,-1.92477826783442,5,4,1,-0.1725340134986382
1985,29,512,-1.92477826783442,4,2,1,-1.7227096710748904
1986,29,512,-1.92477826783442,3,1,1,-1.6157542669117786
1987,29,512,-1.92477826783442,6,4,1,-1.3702301770899168
1988,29,512,-1.92477826783442,5,8,1,-1.6699405175914794
1989,29,512,-1.92477826783442,5,4,1,1.6246742564379535
1990,29,512,-1.92477826783442,5,4,1,-0.7968454407740123
1991,29,512,-1.92477826783442,6,4,1,0.3930169599985437
1992,29,512,-1.92477826783442,5,2,1,-1.013123068878345
1993,29,512,-1.92477826783442,6,2,1,0.3257553558616093
1994,29,512,-1.92477826783442,7,4,1,1.349003906109467
1995,29,512,-1.92477826783442,6,8,1,-0.5686199915741198
1996,29,512,-1.92477826783442,5,8,1,-0.3314352948531123
1997,29,512,-1.92477826783442,6,4,1,0.1046221244145852
1998,29,512,-1.92477826783442,6,8,1,-1.2522926530308038
1999,29,512,-1.92477826783442,5,4,1,-0.135041935648663
2000,29,512,-1.92477826783442,6,8,1,-0.8695656740932463
2001,29,512,-1.92477826783442,6,2,1,1.2770308288502068
2002,29,512,-1.92477826783442,3,4,1,-1.569464985350845
2003,29,512,-1.92477826783442,6,4,1,0.2613327129416559
2004,28,777,0.5841305887530309,6,4,1,1.7296107036743646
2005,28,777,0.5841305887530309,4,8,1,-0.9823930299203076
2006,28,777,0.5841305887530309,7,3,1,0.265066517831134
2007,28,777,0.5841305887530309,5,1,1,-0.7147172097112651
2008,28,777,0.5841305887530309,5,2,1,-0.0034307163279281
2009,28,777,0.5841305887530309,5,4,1,0.4791808116017876
2010,28,777,0.5841305887530309,5,1,1,-1.202089147146803
2011,28,777,0.5841305887530309,6,1,1,1.273079071914559
2012,28,777,0.5841305887530309,7,8,1,0.742305038799284
2013,28,777,0.5841305887530309,5,1,1,-1.4372571634393922
2014,28,777,0.5841305887530309,6,5,1,1.1605382319586088
2015,28,777,0.5841305887530309,5,4,1,0.972263317306765
2016,28,777,0.5841305887530309,6,8,1,0.6247691569377359
2017,28,777,0.5841305887530309,4,2,1,0.5613604867658876
2018,28,777,0.5841305887530309,6,4,1,-0.8443140004436814
2019,28,777,0.5841305887530309,6,1,1,0.9113537354661388
2020,28,777,0.5841305887530309,5,8,1,-0.1986268198456303
2021,28,777,0.5841305887530309,5,4,1,-0.3868721110544758
2022,28,777,0.5841305887530309,6,2,1,-0.207167928832684
2023,28,777,0.5841305887530309,6,1,1,0.7166149475930021
2024,28,777,0.5841305887530309,6,4,1,-0.0806974990091531
2025,28,777,0.5841305887530309,4,1,1,-0.1761035865050372
2026,28,777,0.5841305887530309,6,2,1,0.4080951484546725
2027,28,777,0.5841305887530309,5,2,1,-0.8674306290601745
2028,28,777,0.5841305887530309,5,1,1,-1.168464566180427
2029,28,777,0.5841305887530309,5,2,1,0.8910647553128241
2030,28,777,0.5841305887530309,4,8,1,-1.0133675479259343
2031,28,777,0.5841305887530309,5,4,1,0.034113296116142
2032,28,777,0.5841305887530309,5,1,1,-0.8055583102930318
2033,28,777,0.5841305887530309,4,2,1,1.3108371735577409
2034,28,777,0.5841305887530309,6,2,1,-0.2334483715133266
2035,28,777,0.5841305887530309,5,1,1,1.0879416392671488
2036,28,777,0.5841305887530309,4,2,1,0.0943423214547923
2037,28,777,0.5841305887530309,5,2,1,0.9183501540384172
2038,28,777,0.5841305887530309,3,1,1,-2.328088532100391
2039,28,777,0.5841305887530309,6,2,1,0.3847702889256377
2040,28,777,0.5841305887530309,4,1,1,-0.2688506294550722
2041,28,777,0.5841305887530309,4,8,1,-1.955298990078864
2042,28,777,0.5841305887530309,5,2,1,-0.0276237039961796
2043,28,777,0.5841305887530309,5,8,1,-0.4184875785398877
2044,28,777,0.5841305887530309,6,4,1,-0.1156056458133823
2045,28,777,0.5841305887530309,6,2,1,0.3946212465030373
2046,28,777,0.5841305887530309,3,2,1,1.001749056380212
2047,28,777,0.5841305887530309,6,1,1,0.6181811074337673
2048,28,777,0.5841305887530309,6,4,1,-0.9817284402629964
2049,28,777,0.5841305887530309,6,2,1,2.2439113429680897
2050,28,777,0.5841305887530309,5,1,1,-0.1233522115815368
2051,28,777,0.5841305887530309,6,4,1,-0.7962114998853795
2052,28,777,0.5841305887530309,6,4,1,-0.0339052425098776
2053,28,777,0.5841305887530309,6,2,1,-1.1523535488873378
2054,28,777,0.5841305887530309,5,2,1,0.4062264742247169
2055,28,777,0.5841305887530309,6,5,1,0.7286381045760194
2056,28,777,0.5841305887530309,6,4,1,-0.138116129120273
2057,28,777,0.5841305887530309,5,1,1,-0.4976000638934232
2058,28,777,0.5841305887530309,5,8,1,-0.3572936962663772
2059,28,777,0.5841305887530309,7,4,1,1.6675075235644752
2060,28,777,0.5841305887530309,5,2,1,-0.5039853740933364
2061,28,777,0.5841305887530309,6,1,1,1.5932696450191246
2062,28,777,0.5841305887530309,7,1,1,3.0335604071223883
2063,28,777,0.5841305887530309,6,4,1,1.2754773978863987
2064,27,605,0.6125680998587061,5,4,1,-0.9570708265092582
2065,27,605,0.6125680998587061,6,4,1,-0.8681240877944739
2066,27,605,0.6125680998587061,5,4,1,-1.8887906441114213
2067,27,605,0.6125680998587061,6,1,1,0.7491673989436097
2068,27,605,0.6125680998587061,6,4,1,-0.2045751042685306
2069,27,605,0.6125680998587061,5,4,1,-0.4904329246559317
2070,27,605,0.6125680998587061,6,1,1,-1.1519058361121426
2071,27,605,0.6125680998587061,6,4,1,-0.4881926102541142
2072,27,605,0.6125680998587061,6,4,1,1.5452925754316245
2073,27,605,0.6125680998587061,6,4,1,0.9928073580711894
2074,27,605,0.6125680998587061,6,4,1,1.4375945515461137
2075,27,605,0.6125680998587061,6,4,1,0.7504401089244178
2076,27,605,0.6125680998587061,6,8,1,0.6024370521924489
2077,27,605,0.6125680998587061,5,1,1,0.1499814323091854
2078,27,605,0.6125680998587061,6,2,1,0.7785909946604334
2079,27,605,0.6125680998587061,5,1,1,-0.0693907527958548
2080,27,605,0.6125680998587061,3,1,1,-1.6160702270489031
2081,27,605,0.6125680998587061,6,1,1,1.0538033787173493
2082,27,605,0.6125680998587061,6,1,1,0.4367114803151701
2083,27,605,0.6125680998587061,6,8,1,-0.5130347481347988
2084,27,605,0.6125680998587061,6,4,1,-0.2182004441892008
2085,27,605,0.6125680998587061,5,2,1,0.0006147522140443
2086,27,605,0.6125680998587061,7,8,1,1.118319369829781
2087,27,605,0.6125680998587061,5,4,1,-1.189822612823239
2088,27,605,0.6125680998587061,6,8,1,-0.948487495015932
2089,27,605,0.6125680998587061,6,8,1,0.7750251114316691
2090,27,605,0.6125680998587061,2,8,1,0.6277986826107639
2091,27,605,0.6125680998587061,5,2,1,-0.7470112009574859
2092,27,605,0.6125680998587061,5,1,1,-0.0734852916435108
2093,27,605,0.6125680998587061,6,5,1,1.2320902512711125
2094,27,605,0.6125680998587061,6,4,1,1.1720949245557477
2095,27,605,0.6125680998587061,6,5,1,-0.0356072902640159
2096,27,605,0.6125680998587061,6,8,1,-1.0501522195577362
2097,27,605,0.6125680998587061,5,4,1,-0.9925167438847567
2098,27,605,0.6125680998587061,6,4,1,0.0061921270023469
2099,27,605,0.6125680998587061,4,2,1,-1.248989696239208
2100,27,605,0.6125680998587061,5,8,1,-1.1964874826210423
2101,27,605,0.6125680998587061,6,1,1,1.946741940155169
2102,27,605,0.6125680998587061,5,4,1,1.3471592261820575
2103,27,605,0.6125680998587061,6,1,1,-0.1761912945683965
2104,27,605,0.6125680998587061,6,4,1,0.2993150200820418
2105,27,605,0.6125680998587061,7,4,1,0.6768345311908867
2106,27,605,0.6125680998587061,5,4,1,1.1370424398441807
2107,26,943,-0.25990959338709,7,4,1,1.8101212185267035
2108,26,943,-0.25990959338709,5,8,1,0.1332278735129648
2109,26,943,-0.25990959338709,6,4,1,0.1597929233045474
2110,26,943,-0.25990959338709,6,4,1,1.0250812037746555
2111,26,943,-0.25990959338709,5,3,1,0.272335605814499
2112,26,943,-0.25990959338709,6,4,1,-0.7117583084983985
2113,26,943,-0.25990959338709,5,4,1,0.3320932911135169
2114,26,943,-0.25990959338709,6,4,1,1.4035305808933
2115,26,943,-0.25990959338709,5,4,1,0.1565191554126457
2116,26,943,-0.25990959338709,6,1,1,-0.4805712628845076
2117,26,943,-0.25990959338709,6,4,1,0.2496609062372737
2118,26,943,-0.25990959338709,4,4,1,0.3225537792051379
2119,26,943,-0.25990959338709,5,4,1,1.351105309073829
2120,26,943,-0.25990959338709,3,4,1,0.6903503722772845
2121,26,943,-0.25990959338709,5,4,1,0.0375156769093432
2122,26,943,-0.25990959338709,6,2,1,0.8300936090868891
2123,26,943,-0.25990959338709,7,8,1,1.5120988966411004
2124,26,943,-0.25990959338709,5,8,1,0.4675466149521022
2125,26,943,-0.25990959338709,5,1,1,-0.5598800917073317
2126,26,943,-0.25990959338709,6,4,1,0.3096894563297638
2127,26,943,-0.25990959338709,5,1,1,-0.1220427743284409
2128,26,943,-0.25990959338709,3,1,1,-0.1430138447975041
2129,26,943,-0.25990959338709,6,8,1,1.094708309335581
2130,26,943,-0.25990959338709,5,1,1,-1.418259807915549
2131,26,943,-0.25990959338709,7,4,1,1.5649403724972304
2132,26,943,-0.25990959338709,5,1,1,-0.3301261421734673
2133,26,943,-0.25990959338709,6,8,1,-0.1918737255456585
2134,26,943,-0.25990959338709,3,4,1,-1.038836717077028
2135,26,943,-0.25990959338709,5,4,1,-0.8378351536984088
2136,26,943,-0.25990959338709,5,8,1,-0.3041286027371802
2137,26,943,-0.25990959338709,6,1,1,0.3945028216554078
2138,26,943,-0.25990959338709,5,8,1,0.9219173652152652
2139,26,943,-0.25990959338709,5,4,1,0.0965520110386057
2140,26,943,-0.25990959338709,3,5,1,0.6426587182702796
2141,26,943,-0.25990959338709,5,8,1,0.7212217811088467
2142,26,943,-0.25990959338709,6,8,1,0.9045343209957736
2143,26,943,-0.25990959338709,2,8,1,-1.1995997570700818
2144,26,943,-0.25990959338709,5,1,1,0.9390918167164408
2145,26,943,-0.25990959338709,5,4,1,-0.4264754708763023
2146,26,943,-0.25990959338709,5,4,1,0.7377425734908432
2147,26,943,-0.25990959338709,6,4,1,0.4764475983432321
2148,26,943,-0.25990959338709,7,4,1,1.0859768836026689
2149,26,943,-0.25990959338709,5,2,1,-0.218035256102594
2150,26,943,-0.25990959338709,5,4,1,1.1810127642948425
2151,26,943,-0.25990959338709,7,8,1,2.3288806116419973
2152,26,943,-0.25990959338709,6,4,1,1.858962288901276
2153,26,943,-0.25990959338709,6,4,1,0.8811209297615664
2154,26,943,-0.25990959338709,6,1,1,0.5751621973111635
2155,26,943,-0.25990959338709,5,8,1,-0.1899824171661709
2156,26,943,-0.25990959338709,5,4,1,0.0331817977624121
2157,26,943,-0.25990959338709,5,2,1,1.1971597375758558
2158,26,943,-0.25990959338709,6,2,1,-0.6340878161417601
2159,26,943,-0.25990959338709,6,8,1,1.2898357639137197
2160,26,943,-0.25990959338709,3,5,1,-0.3463188492904256
2161,26,943,-0.25990959338709,5,4,1,1.393829652622018
2162,26,943,-0.25990959338709,4,4,1,-1.301475913870786
2163,26,943,-0.25990959338709,6,2,1,0.1347915750167697
2164,26,943,-0.25990959338709,5,2,1,1.3190279870047923
2165,26,943,-0.25990959338709,5,2,1,0.2966103244781199
2166,26,943,-0.25990959338709,6,4,1,1.2857149401279029
2167,26,943,-0.25990959338709,6,4,1,1.2447025339322817
2168,26,943,-0.25990959338709,7,4,1,1.866522068613897
2169,26,943,-0.25990959338709,5,2,1,-0.8396224652195671
2170,26,943,-0.25990959338709,2,1,1,-0.807115447846958
2171,26,943,-0.25990959338709,1,3,1,-0.2937119017781617
2172,26,943,-0.25990959338709,6,4,1,1.303210596488165
2173,26,943,-0.25990959338709,5,4,1,1.216327726244738
2174,26,943,-0.25990959338709,6,4,1,-0.2006773345759616
2175,26,943,-0.25990959338709,6,4,1,1.1780203495836643
2176,26,943,-0.25990959338709,7,4,1,0.7032845857782556
2177,26,943,-0.25990959338709,6,1,1,1.0009231988214302
2178,26,943,-0.25990959338709,5,8,1,0.4512590736820112
2179,26,943,-0.25990959338709,5,2,1,1.3894639251739436
2180,26,943,-0.25990959338709,5,8,1,-0.0084656783338589
2181,26,943,-0.25990959338709,6,4,1,1.5753250748882277
2182,26,943,-0.25990959338709,5,4,1,-0.7314856825894271
2183,26,943,-0.25990959338709,3,2,1,-0.5427210976377747
2184,25,1493,-1.08340009680953,5,5,1,0.3019596526884825
2185,25,1493,-1.08340009680953,6,8,1,0.0813900293079351
2186,25,1493,-1.08340009680953,5,4,1,-0.2910286168475112
2187,25,1493,-1.08340009680953,6,4,1,1.2375821910189737
2188,25,1493,-1.08340009680953,6,4,1,1.7357885070674894
2189,25,1493,-1.08340009680953,6,1,1,1.5644743130780967
2190,25,1493,-1.08340009680953,5,4,1,0.3098620476225555
2191,25,1493,-1.08340009680953,4,4,1,-0.131444050699318
2192,25,1493,-1.08340009680953,6,4,1,0.6239028766458528
2193,25,1493,-1.08340009680953,7,4,1,1.4786895527955743
2194,25,1493,-1.08340009680953,6,4,1,0.8427915028448568
2195,25,1493,-1.08340009680953,6,8,1,0.6944543431949004
2196,25,1493,-1.08340009680953,7,4,1,0.9289268155213644
2197,25,1493,-1.08340009680953,4,8,1,-0.3355987844522049
2198,25,1493,-1.08340009680953,6,4,1,0.3639736157852366
2199,25,1493,-1.08340009680953,6,4,1,1.544784572630683
2200,25,1493,-1.08340009680953,5,6,1,1.6781685008320646
2201,25,1493,-1.08340009680953,5,4,1,0.4816346924779709
2202,25,1493,-1.08340009680953,7,4,1,1.880656325746685
2203,25,1493,-1.08340009680953,7,4,1,1.061843553497749
2204,25,1493,-1.08340009680953,6,4,1,0.729535531799036
2205,25,1493,-1.08340009680953,2,1,1,-0.9173691791189292
2206,25,1493,-1.08340009680953,6,8,1,-0.2970472063703945
2207,25,1493,-1.08340009680953,3,8,1,-0.7946273624438462
2208,25,1493,-1.08340009680953,6,4,1,0.5391308402260815
2209,25,1493,-1.08340009680953,5,4,1,-1.8707988677355192
2210,25,1493,-1.08340009680953,3,4,1,-1.391387030778068
2211,25,1493,-1.08340009680953,5,4,1,-1.37396350397205
2212,25,1493,-1.08340009680953,4,8,1,-1.610993212728808
2213,25,1493,-1.08340009680953,7,4,1,1.303782194049908
2214,25,1493,-1.08340009680953,5,4,1,1.177604557857209
2215,25,1493,-1.08340009680953,5,4,1,0.7084003081758795
2216,25,1493,-1.08340009680953,5,4,1,-0.2258947208911318
2217,25,1493,-1.08340009680953,6,4,1,0.6558565728010246
2218,25,1493,-1.08340009680953,3,4,1,-1.0010825091439703
2219,25,1493,-1.08340009680953,6,4,1,-0.1558960491280357
2220,25,1493,-1.08340009680953,7,4,1,1.7237998673829242
2221,25,1493,-1.08340009680953,5,2,1,-0.6889503822117616
2222,25,1493,-1.08340009680953,6,4,1,1.149353704510738
2223,25,1493,-1.08340009680953,5,8,1,1.1970843424345663
2224,25,1493,-1.08340009680953,7,4,1,0.8667491899515788
2225,25,1493,-1.08340009680953,6,8,1,0.8798371104453774
2226,25,1493,-1.08340009680953,5,2,1,-1.32000481580135
2227,25,1493,-1.08340009680953,6,5,1,1.1430948784244923
2228,25,1493,-1.08340009680953,6,8,1,0.6508972812138293
2229,25,1493,-1.08340009680953,6,4,1,0.2500874253871178
2230,25,1493,-1.08340009680953,6,4,1,0.2170480004254741
2231,25,1493,-1.08340009680953,5,4,1,0.0485443565251438
2232,25,1493,-1.08340009680953,5,4,1,1.7074633741535552
2233,25,1493,-1.08340009680953,5,1,1,-1.457851457597192
2234,25,1493,-1.08340009680953,5,8,1,-1.6178033215639387
2235,25,1493,-1.08340009680953,7,4,1,1.0178858659033068
2236,25,1493,-1.08340009680953,5,4,1,-0.6038969490619621
2237,25,1493,-1.08340009680953,6,4,1,-0.1988186183906754
2238,25,1493,-1.08340009680953,5,1,1,0.2616589855899316
2239,25,1493,-1.08340009680953,2,4,1,-0.8784679942683667
2240,25,1493,-1.08340009680953,5,4,1,0.2701397202226579
2241,25,1493,-1.08340009680953,5,4,1,0.0623586122198534
2242,25,1493,-1.08340009680953,6,4,1,0.913710272312262
2243,25,1493,-1.08340009680953,7,4,1,1.731462073626418
2244,25,1493,-1.08340009680953,5,8,1,-0.2096231689653527
2245,25,1493,-1.08340009680953,5,4,1,0.2305200150678349
2246,25,1493,-1.08340009680953,5,8,1,-0.2342122422600531
2247,25,1493,-1.08340009680953,6,4,1,0.548087701007159
2248,25,1493,-1.08340009680953,6,4,1,1.5364548692217623
2249,25,1493,-1.08340009680953,6,2,1,0.7447993023899457
2250,25,1493,-1.08340009680953,6,4,1,0.3806848544107366
2251,25,1493,-1.08340009680953,5,4,1,0.3269597675330996
2252,25,1493,-1.08340009680953,6,4,1,0.4707659490428168
2253,25,1493,-1.08340009680953,5,4,1,0.3996470249255009
2254,25,1493,-1.08340009680953,6,4,1,0.8681614043722417
2255,25,1493,-1.08340009680953,6,2,1,0.6121504963498736
2256,25,1493,-1.08340009680953,6,4,1,2.6291131228353
2257,25,1493,-1.08340009680953,6,4,1,1.164995002884546
2258,25,1493,-1.08340009680953,4,4,1,-1.5202332679714927
2259,25,1493,-1.08340009680953,6,4,1,-0.951720078362868
2260,25,1493,-1.08340009680953,6,4,1,1.6302042063376905
2261,25,1493,-1.08340009680953,6,4,1,-0.3480622195418996
2262,25,1493,-1.08340009680953,3,4,1,-0.6949150398233455
2263,25,1493,-1.08340009680953,5,4,1,-0.5478965608259855
2264,25,1493,-1.08340009680953,7,4,1,0.4572466504558146
2265,25,1493,-1.08340009680953,7,8,1,0.3071896929109879
2266,25,1493,-1.08340009680953,5,4,1,0.6856892090923998
2267,25,1493,-1.08340009680953,6,4,1,1.0178076343681526
2268,25,1493,-1.08340009680953,6,8,1,-0.9773775839367154
2269,25,1493,-1.08340009680953,6,8,1,-0.7732863031863277
2270,25,1493,-1.08340009680953,6,4,1,0.2974813798842622
2271,25,1493,-1.08340009680953,6,4,1,0.4776263607771601
2272,25,1493,-1.08340009680953,6,4,1,-0.496333863713877
2273,25,1493,-1.08340009680953,5,4,1,0.1278062688269329
2274,25,1493,-1.08340009680953,2,4,1,-1.1897047985117062
2275,25,1493,-1.08340009680953,6,7,1,0.6684324565601706
2276,25,1493,-1.08340009680953,2,8,1,-0.9986238520707064
2277,25,1493,-1.08340009680953,6,4,1,0.3842936480733034
2278,25,1493,-1.08340009680953,5,8,1,-1.5116222026163753
2279,25,1493,-1.08340009680953,7,4,1,-0.1349743154434098
2280,25,1493,-1.08340009680953,6,4,1,-0.2662526857620186
2281,25,1493,-1.08340009680953,2,4,1,-0.3822509835763461
2282,25,1493,-1.08340009680953,6,1,1,-1.1952737592288891
2283,25,1493,-1.08340009680953,5,8,1,-0.5179641501453981
2284,25,1493,-1.08340009680953,6,4,1,-0.6123569489593661
2285,25,1493,-1.08340009680953,6,4,1,0.6017352414421968
2286,25,1493,-1.08340009680953,6,4,1,0.1568961343233914
2287,25,1493,-1.08340009680953,7,4,1,1.6124723270210537
2288,25,1493,-1.08340009680953,5,4,1,0.6789499475186991
2289,25,1493,-1.08340009680953,5,1,1,0.2710869521140512
2290,25,1493,-1.08340009680953,5,4,1,-0.3567195125790538
2291,25,1493,-1.08340009680953,5,4,1,-0.9991701782854084
2292,25,1493,-1.08340009680953,6,4,1,0.7955266211158902
2293,25,1493,-1.08340009680953,6,4,1,0.0165677729638719
2294,25,1493,-1.08340009680953,6,4,1,-0.6057822646009243
2295,25,1493,-1.08340009680953,6,5,1,0.3323437299114207
2296,25,1493,-1.08340009680953,7,5,1,3.0410766805932283
2297,25,1493,-1.08340009680953,5,4,1,-0.3324921072300915
2298,25,1493,-1.08340009680953,5,4,1,0.2242036718644088
2299,25,1493,-1.08340009680953,5,4,1,0.6041099252625657
2300,25,1493,-1.08340009680953,5,4,1,-0.0695391664519672
2301,25,1493,-1.08340009680953,5,4,1,0.5536200247449261
2302,25,1493,-1.08340009680953,5,4,1,-0.1980153155347656
2303,25,1493,-1.08340009680953,6,4,1,0.3660802729317988
2304,25,1493,-1.08340009680953,4,8,1,-0.5536351619657842
2305,25,1493,-1.08340009680953,6,4,1,-0.0523642785592098
2306,25,1493,-1.08340009680953,7,4,1,1.3881740848377375
2307,25,1493,-1.08340009680953,5,4,1,-0.2627580769570334
2308,24,530,0.908208043253586,6,7,1,0.5657627537977553
2309,24,530,0.908208043253586,4,4,1,-1.7184796982647492
2310,24,530,0.908208043253586,5,7,1,-1.3935791608120225
2311,24,530,0.908208043253586,5,8,1,0.4993548264823504
2312,24,530,0.908208043253586,5,1,1,-1.4603971654992909
2313,24,530,0.908208043253586,6,7,1,1.022347257961865
2314,24,530,0.908208043253586,5,8,1,1.632510109879239
2315,24,530,0.908208043253586,5,4,1,-0.6785924915545433
2316,24,530,0.908208043253586,7,8,1,0.8696580199538037
2317,24,530,0.908208043253586,5,1,1,0.5491303607891393
2318,24,530,0.908208043253586,5,8,1,-0.4508120344864329
2319,24,530,0.908208043253586,5,1,1,0.8759705278313592
2320,24,530,0.908208043253586,6,5,1,2.043985759644075
2321,24,530,0.908208043253586,6,4,1,-0.4201221704167153
2322,24,530,0.908208043253586,7,5,1,1.4383092678890523
2323,24,530,0.908208043253586,5,8,1,-1.0857049560600067
2324,24,530,0.908208043253586,4,8,1,-0.3002276044610488
2325,24,530,0.908208043253586,4,4,1,-2.13894874777374
2326,24,530,0.908208043253586,5,4,1,-1.1177688054514
2327,24,530,0.908208043253586,6,5,1,-0.4493978590272138
2328,24,530,0.908208043253586,6,4,1,-0.950183494651716
2329,24,530,0.908208043253586,6,4,1,0.4547000880154783
2330,24,530,0.908208043253586,7,2,1,0.8798413817197371
2331,24,530,0.908208043253586,5,1,1,-1.409744239523922
2332,24,530,0.908208043253586,5,8,1,-1.7802543072051291
2333,24,530,0.908208043253586,5,4,1,1.2447425367106713
2334,24,530,0.908208043253586,6,8,1,0.6732261708962648
2335,24,530,0.908208043253586,5,4,1,-0.4246579277931427
2336,24,530,0.908208043253586,5,8,1,0.0369749754303303
2337,24,530,0.908208043253586,5,8,1,-0.5633673333986347
2338,24,530,0.908208043253586,5,4,1,0.8107634689494052
2339,24,530,0.908208043253586,6,4,1,0.0655116663028501
2340,24,530,0.908208043253586,6,8,1,-0.8321737295422457
2341,24,530,0.908208043253586,5,8,1,-1.2997970950606743
2342,23,352,0.672129659436132,6,8,1,0.5032765550842804
2343,23,352,0.672129659436132,5,4,1,-0.3274604277004591
2344,23,352,0.672129659436132,6,2,1,0.4872778463629048
2345,23,352,0.672129659436132,6,2,1,0.4887185220868366
2346,23,352,0.672129659436132,1,4,1,-2.27871325809407
2347,23,352,0.672129659436132,5,8,1,-0.0003403623684043
2348,23,352,0.672129659436132,6,4,1,1.0083911207582024
2349,23,352,0.672129659436132,6,8,1,0.3908851249968544
2350,23,352,0.672129659436132,5,2,1,-0.0901530726110388
2351,23,352,0.672129659436132,5,8,1,-0.7273199660140799
2352,23,352,0.672129659436132,6,8,1,-0.4124881016984785
2353,23,352,0.672129659436132,6,4,1,-1.0223889166406357
2354,23,352,0.672129659436132,5,2,1,-0.3802392541640466
2355,23,352,0.672129659436132,6,2,1,-1.2599736141279745
2356,23,352,0.672129659436132,6,2,1,0.1461773323487354
2357,23,352,0.672129659436132,6,8,1,0.1422513899922919
2358,23,352,0.672129659436132,6,2,1,0.1226328041030819
2359,23,352,0.672129659436132,5,4,1,0.6854064503385505
2360,23,352,0.672129659436132,4,2,1,-0.1385384453908254
2361,23,352,0.672129659436132,5,8,1,-0.3236560155066442
2362,23,352,0.672129659436132,6,4,1,0.5518923581656813
2363,23,352,0.672129659436132,6,8,1,-0.2536709399588498
2364,23,352,0.672129659436132,5,8,1,-1.6971534473161092
2365,23,352,0.672129659436132,6,4,1,0.0755861821429143
2366,23,352,0.672129659436132,7,8,1,0.4835354698137142
2367,23,352,0.672129659436132,4,8,1,-1.149525963261739
2368,22,174,1.53978210121699,5,8,1,0.9673949591062728
2369,22,174,1.53978210121699,5,1,1,-0.1136471662535278
2370,22,174,1.53978210121699,6,8,1,0.4657828456781009
2371,22,174,1.53978210121699,7,1,1,1.7755733687142587
2372,22,174,1.53978210121699,5,1,1,0.7010829851941571
2373,22,174,1.53978210121699,6,8,1,-0.4718904985705739
2374,22,174,1.53978210121699,6,1,1,-0.3181875446278117
2375,22,174,1.53978210121699,6,1,1,2.1148637393109397
2376,22,174,1.53978210121699,4,8,1,0.9607683583565408
2377,22,174,1.53978210121699,5,1,1,0.0940085166620242
2378,21,830,0.263062773631129,5,8,1,-1.0224591304571438
2379,21,830,0.263062773631129,5,1,1,0.040189459389417
2380,21,830,0.263062773631129,5,8,1,-0.356124110475492
2381,21,830,0.263062773631129,5,8,1,1.365912942939704
2382,21,830,0.263062773631129,5,2,1,1.0557649463588676
2383,21,830,0.263062773631129,6,8,1,0.5999051547455466
2384,21,830,0.263062773631129,2,8,1,-0.4624230050552639
2385,21,830,0.263062773631129,5,5,1,-0.8651927504012302
2386,21,830,0.263062773631129,6,5,1,0.6862337943865403
2387,21,830,0.263062773631129,6,8,1,1.3351941214913512
2388,21,830,0.263062773631129,2,8,1,-1.2353582812099169
2389,21,830,0.263062773631129,5,8,1,-0.0835989136421185
2390,21,830,0.263062773631129,6,5,1,1.2314488451512005
2391,21,830,0.263062773631129,6,3,1,1.2277749417843586
2392,21,830,0.263062773631129,6,2,1,0.6200566546374524
2393,21,830,0.263062773631129,3,2,1,-1.998848688010808
2394,21,830,0.263062773631129,6,8,1,0.9272035174503622
2395,21,830,0.263062773631129,6,1,1,0.0300368123005588
2396,21,830,0.263062773631129,6,4,1,0.0623397757837555
2397,21,830,0.263062773631129,7,4,1,0.1788772159749747
2398,21,830,0.263062773631129,5,1,1,0.0372282268571523
2399,21,830,0.263062773631129,6,4,1,0.4211702582331675
2400,21,830,0.263062773631129,5,5,1,-1.5322126943700145
2401,21,830,0.263062773631129,4,4,1,0.4676940414803107
2402,21,830,0.263062773631129,5,4,1,-0.5190991274194228
2403,21,830,0.263062773631129,5,8,1,0.0438248421173342
2404,21,830,0.263062773631129,5,4,1,0.8206491429501409
2405,21,830,0.263062773631129,5,4,1,0.4944640667156261
2406,21,830,0.263062773631129,5,1,1,-0.0745720860398093
2407,21,830,0.263062773631129,5,8,1,0.9997625738773526
2408,21,830,0.263062773631129,6,8,1,0.8308805421272422
2409,21,830,0.263062773631129,6,4,1,0.2802459730774656
2410,21,830,0.263062773631129,5,1,1,-1.536414965734284
2411,21,830,0.263062773631129,5,4,1,-0.0780958888554922
2412,21,830,0.263062773631129,5,4,1,-1.5617580398565627
2413,21,830,0.263062773631129,6,4,1,1.662461007401033
2414,21,830,0.263062773631129,5,8,1,1.0445818132080584
2415,21,830,0.263062773631129,5,4,1,-0.5679858603660469
2416,21,830,0.263062773631129,6,4,1,0.1449301659844859
2417,21,830,0.263062773631129,5,4,1,0.1429011135349399
2418,21,830,0.263062773631129,6,1,1,-0.3495398787189794
2419,21,830,0.263062773631129,6,4,1,-0.563807550960877
2420,21,830,0.263062773631129,5,4,1,-0.0025093388359723
2421,21,830,0.263062773631129,5,5,1,-0.2751002817401972
2422,21,830,0.263062773631129,6,8,1,0.6460023349836039
2423,21,830,0.263062773631129,5,2,1,1.1897446662215536
2424,21,830,0.263062773631129,4,4,1,-0.6189973572589486
2425,21,830,0.263062773631129,6,3,1,0.3105405060923518
2426,21,830,0.263062773631129,6,4,1,1.2662100609521223
2427,21,830,0.263062773631129,6,1,1,0.9417190911136528
2428,21,830,0.263062773631129,5,4,1,-0.604646558082783
2429,21,830,0.263062773631129,5,1,1,0.1132625287669818
2430,21,830,0.263062773631129,7,4,1,0.8768693065962608
2431,21,830,0.263062773631129,6,4,1,0.1491269684027203
2432,20,710,-0.230804306213884,7,8,1,1.4063739162012443
2433,20,710,-0.230804306213884,6,5,1,1.814248719309052
2434,20,710,-0.230804306213884,5,4,1,1.2612603106990732
2435,20,710,-0.230804306213884,5,4,1,0.4216684173640269
2436,20,710,-0.230804306213884,6,1,1,0.67764691968758
2437,20,710,-0.230804306213884,6,4,1,0.9327346561960236
2438,20,710,-0.230804306213884,7,4,1,1.5130471934785124
2439,20,710,-0.230804306213884,6,4,1,1.1696500304985815
2440,20,710,-0.230804306213884,5,4,1,0.9786601247889825
2441,20,710,-0.230804306213884,5,8,1,0.6518624800691807
2442,20,710,-0.230804306213884,6,4,1,1.910635658321152
2443,20,710,-0.230804306213884,6,4,1,2.8125842065823057
2444,20,710,-0.230804306213884,6,4,1,0.2405136585586753
2445,20,710,-0.230804306213884,5,4,1,-0.8022965478607396
2446,20,710,-0.230804306213884,6,2,1,1.9332954047146569
2447,20,710,-0.230804306213884,6,4,1,0.6789340038980455
2448,20,710,-0.230804306213884,7,4,1,1.0205881287228695
2449,20,710,-0.230804306213884,5,2,1,-0.046379837714547
2450,20,710,-0.230804306213884,7,5,1,1.0706448451754689
2451,20,710,-0.230804306213884,6,2,1,1.0437377434985031
2452,20,710,-0.230804306213884,7,4,1,1.6144854916365292
2453,20,710,-0.230804306213884,6,8,1,1.327118525759003
2454,20,710,-0.230804306213884,5,8,1,1.402447897222207
2455,20,710,-0.230804306213884,5,5,1,-0.4177214207392657
2456,20,710,-0.230804306213884,5,2,1,1.6852998676733648
2457,20,710,-0.230804306213884,5,2,1,0.6002135785980567
2458,20,710,-0.230804306213884,7,4,1,1.4826147829257497
2459,20,710,-0.230804306213884,6,4,1,1.7143612553266625
2460,20,710,-0.230804306213884,6,4,1,1.3326361234507929
2461,20,710,-0.230804306213884,6,4,1,2.120352259171997
2462,20,710,-0.230804306213884,7,4,1,1.8116522466354057
2463,20,710,-0.230804306213884,6,4,1,1.3223277915768736
2464,20,710,-0.230804306213884,7,4,1,1.9653639492533772
2465,20,710,-0.230804306213884,2,4,1,0.2948869229523662
2466,20,710,-0.230804306213884,6,4,1,0.3328359123325105
2467,20,710,-0.230804306213884,5,4,1,1.640676675464837
2468,20,710,-0.230804306213884,6,1,1,0.102867263603193
2469,20,710,-0.230804306213884,6,4,1,0.672275811445405
2470,20,710,-0.230804306213884,4,2,1,1.0516434106004715
2471,20,710,-0.230804306213884,6,8,1,1.4739065674887943
2472,20,710,-0.230804306213884,7,4,1,1.4385222157755946
2473,20,710,-0.230804306213884,5,8,1,1.218825020686312
2474,20,710,-0.230804306213884,6,4,1,1.1413955955392387
2475,20,710,-0.230804306213884,4,8,1,-1.483845153837355
2476,20,710,-0.230804306213884,1,4,1,0.3418874114571424
2477,20,710,-0.230804306213884,6,8,1,1.2005700596372648
2478,20,710,-0.230804306213884,5,4,1,0.2337693370046791
2479,20,710,-0.230804306213884,5,4,1,-0.051468469336673
2480,20,710,-0.230804306213884,7,4,1,2.048274365727176
2481,19,490,-0.159601571806463,7,8,1,0.4119849437750844
2482,19,490,-0.159601571806463,4,2,1,-0.9644537651429466
2483,19,490,-0.159601571806463,6,4,1,0.6605925591916273
2484,19,490,-0.159601571806463,6,4,1,0.1066441275733768
2485,19,490,-0.159601571806463,6,4,1,2.004470562338738
2486,19,490,-0.159601571806463,3,4,1,0.1321933617267442
2487,19,490,-0.159601571806463,7,4,1,1.9768535255848056
2488,19,490,-0.159601571806463,5,4,1,1.4872151928805366
2489,19,490,-0.159601571806463,4,4,1,0.7572145450834911
2490,19,490,-0.159601571806463,7,4,1,3.3129271131937243
2491,19,490,-0.159601571806463,6,4,1,0.2782847837638815
2492,19,490,-0.159601571806463,3,4,1,0.3206962561636043
2493,19,490,-0.159601571806463,4,2,1,0.0615793884550754
2494,19,490,-0.159601571806463,5,4,1,1.3402710439944348
2495,19,490,-0.159601571806463,5,4,1,0.1580028901579518
2496,19,490,-0.159601571806463,6,4,1,-0.2410139899922815
2497,19,490,-0.159601571806463,6,4,1,1.311248386717751
2498,19,490,-0.159601571806463,6,4,1,3.3795984071800103
2499,19,490,-0.159601571806463,6,4,1,2.7028077071644625
2500,19,490,-0.159601571806463,4,4,1,1.4143522717319763
2501,19,490,-0.159601571806463,5,4,1,0.7427615317855297
2502,19,490,-0.159601571806463,6,4,1,0.845147533233944
2503,19,490,-0.159601571806463,6,4,1,1.065656529831319
2504,19,490,-0.159601571806463,6,4,1,1.100936834474049
2505,19,490,-0.159601571806463,7,4,1,1.462201850425986
2506,19,490,-0.159601571806463,5,4,1,-0.8679446863819332
2507,19,490,-0.159601571806463,7,2,1,2.0134504020882225
2508,19,490,-0.159601571806463,7,4,1,3.1223975631637897
2509,19,490,-0.159601571806463,7,4,1,1.5519097728478488
2510,19,490,-0.159601571806463,6,2,1,0.634187746001714
2511,19,490,-0.159601571806463,6,8,1,1.7789680970039998
2512,19,490,-0.159601571806463,3,4,1,-0.8876585742323828
2513,19,490,-0.159601571806463,5,4,1,0.696694616893563
2514,19,490,-0.159601571806463,6,4,1,0.2669747819709923
2515,19,490,-0.159601571806463,5,8,1,2.314714025051697
2516,19,490,-0.159601571806463,6,4,1,1.191091620505398
2517,19,490,-0.159601571806463,5,8,1,0.6295325102112603
2518,18,655,1.03737289602558,5,1,1,2.1173171463349822
2519,18,655,1.03737289602558,6,1,1,1.9369062174972844
2520,18,655,1.03737289602558,6,1,1,1.6285429570635634
2521,18,655,1.03737289602558,7,1,1,1.6549069183572311
2522,18,655,1.03737289602558,5,1,1,0.9337388752346788
2523,18,655,1.03737289602558,7,1,1,1.192795744732355
2524,18,655,1.03737289602558,7,1,1,1.0442925928551654
2525,18,655,1.03737289602558,6,4,1,0.9040428621311164
2526,18,655,1.03737289602558,6,4,1,2.2126965451961382
2527,18,655,1.03737289602558,5,1,1,0.7717047259747131
2528,18,655,1.03737289602558,5,1,1,2.100247985790243
2529,18,655,1.03737289602558,5,1,1,-0.1409281060777787
2530,18,655,1.03737289602558,4,4,1,1.0786825873297818
2531,18,655,1.03737289602558,4,2,1,-0.1073563121069813
2532,18,655,1.03737289602558,6,4,1,-0.0576352878803311
2533,18,655,1.03737289602558,6,2,1,1.5539018453750948
2534,18,655,1.03737289602558,6,4,1,1.0888445294582556
2535,18,655,1.03737289602558,6,4,1,1.0497994276398996
2536,18,655,1.03737289602558,6,1,1,0.3813626760701657
2537,18,655,1.03737289602558,6,8,1,0.8255787249035791
2538,18,655,1.03737289602558,5,8,1,-0.1865613446295912
2539,18,655,1.03737289602558,5,1,1,0.6945853634606592
2540,18,655,1.03737289602558,7,4,1,0.0513280815063218
2541,18,655,1.03737289602558,6,8,1,2.1414167229815866
2542,18,655,1.03737289602558,7,1,1,1.0560234828016697
2543,18,655,1.03737289602558,6,1,1,1.9167036476200852
2544,18,655,1.03737289602558,5,1,1,0.5280054199464957
2545,18,655,1.03737289602558,2,2,1,-0.2671446026784363
2546,18,655,1.03737289602558,3,8,1,1.2983796618803607
2547,18,655,1.03737289602558,5,1,1,0.5823836650504438
2548,18,655,1.03737289602558,6,8,1,0.2546892246623593
2549,18,655,1.03737289602558,4,1,1,-0.268634610502963
2550,18,655,1.03737289602558,7,8,1,1.5463144045532813
2551,18,655,1.03737289602558,5,1,1,0.5320261994898302
2552,18,655,1.03737289602558,2,8,1,0.0438555666454633
2553,18,655,1.03737289602558,6,1,1,-0.0793785640665011
2554,18,655,1.03737289602558,6,4,1,-0.0956605335870088
2555,18,655,1.03737289602558,6,4,1,1.281750812039527
2556,18,655,1.03737289602558,4,1,1,0.472275974357642
2557,18,655,1.03737289602558,5,4,1,-0.0824221630046862
2558,18,655,1.03737289602558,5,4,1,0.2103067142618762
2559,18,655,1.03737289602558,6,4,1,0.6725065945307382
2560,18,655,1.03737289602558,3,4,1,1.50053989100239
2561,18,655,1.03737289602558,7,4,1,1.3959664362655273
2562,18,655,1.03737289602558,6,4,1,0.6815063298162614
2563,18,655,1.03737289602558,7,4,1,0.2788554666166467
2564,18,655,1.03737289602558,6,1,1,1.7414776836137982
2565,18,655,1.03737289602558,5,1,1,0.048950343874838
2566,18,655,1.03737289602558,5,4,1,1.7703712948668064
2567,18,655,1.03737289602558,7,4,1,-0.0975584715380012
2568,18,655,1.03737289602558,4,4,1,0.3092696867164099
2569,18,655,1.03737289602558,3,8,1,1.0424004357537622
2570,18,655,1.03737289602558,4,1,1,-0.2514736543701871
2571,17,559,1.04399777581003,6,1,1,0.857405169961964
2572,17,559,1.04399777581003,4,1,1,-0.5427805941334319
2573,17,559,1.04399777581003,5,8,1,0.5856976992247306
2574,17,559,1.04399777581003,7,4,1,0.8633600906517831
2575,17,559,1.04399777581003,5,4,1,0.2783975800373341
2576,17,559,1.04399777581003,5,8,1,0.7335006678092826
2577,17,559,1.04399777581003,5,4,1,-0.8825065850909879
2578,17,559,1.04399777581003,7,8,1,1.504824471808284
2579,17,559,1.04399777581003,6,1,1,2.071463033342069
2580,17,559,1.04399777581003,7,4,1,0.9022366105732454
2581,17,559,1.04399777581003,5,4,1,-0.7853693766772069
2582,17,559,1.04399777581003,6,4,1,-0.8688628587909077
2583,17,559,1.04399777581003,7,1,1,2.1637941674809817
2584,17,559,1.04399777581003,7,1,1,1.5221263114034185
2585,17,559,1.04399777581003,6,4,1,1.3297935010352528
2586,17,559,1.04399777581003,6,1,1,0.0864860755686609
2587,17,559,1.04399777581003,6,8,1,0.7385859158126523
2588,17,559,1.04399777581003,6,1,1,1.9851732272807592
2589,17,559,1.04399777581003,5,1,1,-1.5429417237730303
2590,17,559,1.04399777581003,5,4,1,0.4779033498692406
2591,17,559,1.04399777581003,5,4,1,0.5566311770256458
2592,17,559,1.04399777581003,1,4,1,1.1914084875582387
2593,17,559,1.04399777581003,7,1,1,2.039865175912048
2594,17,559,1.04399777581003,7,8,1,0.4745756344377206
2595,17,559,1.04399777581003,5,8,1,0.579512347674216
2596,17,559,1.04399777581003,5,4,1,0.6561760734496116
2597,17,559,1.04399777581003,5,3,1,-0.8824118366414421
2598,17,559,1.04399777581003,5,3,1,-0.0741350025169013
2599,17,559,1.04399777581003,5,4,1,1.1362271144845033
2600,17,559,1.04399777581003,5,4,1,1.2711933858075015
2601,17,559,1.04399777581003,4,8,1,-1.0444234807261332
2602,17,559,1.04399777581003,6,4,1,0.4964248441648171
2603,17,559,1.04399777581003,6,4,1,0.4879467869893341
2604,17,559,1.04399777581003,6,2,1,2.9060482574172304
2605,17,559,1.04399777581003,2,1,1,1.1966847036073422
2606,17,559,1.04399777581003,6,8,1,1.21428696317656
2607,17,559,1.04399777581003,6,4,1,0.8962866561292944
2608,17,559,1.04399777581003,7,4,1,0.5036936839294215
2609,17,559,1.04399777581003,3,4,1,-0.5521738083971779
2610,17,559,1.04399777581003,5,4,1,0.8627721790161939
2611,17,559,1.04399777581003,5,8,1,0.8244309768909118
2612,17,559,1.04399777581003,1,8,1,0.4706676136063578
2613,17,559,1.04399777581003,5,8,1,0.5460898115879317
2614,17,559,1.04399777581003,5,4,1,1.4727823197318983
2615,17,559,1.04399777581003,5,4,1,-1.2602007269514166
2616,16,1014,-0.982273846102374,5,8,1,-1.470189505300594
2617,16,1014,-0.982273846102374,6,1,1,-0.6277215881850381
2618,16,1014,-0.982273846102374,6,8,1,1.8747151443351289
2619,16,1014,-0.982273846102374,6,4,1,0.6668493648701097
2620,16,1014,-0.982273846102374,6,8,1,1.5826260261434937
2621,16,1014,-0.982273846102374,5,2,1,-0.2342734665278955
2622,16,1014,-0.982273846102374,6,4,1,0.5506861542257431
2623,16,1014,-0.982273846102374,6,4,1,0.6297107511002502
2624,16,1014,-0.982273846102374,5,2,1,0.4907123870460099
2625,16,1014,-0.982273846102374,5,1,1,0.1754397523845102
2626,16,1014,-0.982273846102374,5,8,1,-0.2566265992549373
2627,16,1014,-0.982273846102374,6,2,1,1.7131779180660065
2628,16,1014,-0.982273846102374,4,2,1,-0.2062989188688599
2629,16,1014,-0.982273846102374,5,5,1,-0.5136787546968618
2630,16,1014,-0.982273846102374,5,2,1,0.5279055813087107
2631,16,1014,-0.982273846102374,6,5,1,1.294974679253235
2632,16,1014,-0.982273846102374,6,8,1,0.8096032504117551
2633,16,1014,-0.982273846102374,6,4,1,-0.2977349182586519
2634,16,1014,-0.982273846102374,6,1,1,1.3717959218834836
2635,16,1014,-0.982273846102374,6,8,1,1.7371578617739352
2636,16,1014,-0.982273846102374,6,4,1,1.6119612097649425
2637,16,1014,-0.982273846102374,6,4,1,1.3609199280480064
2638,16,1014,-0.982273846102374,6,8,1,1.4768586693842738
2639,16,1014,-0.982273846102374,5,2,1,-0.4955587227335378
2640,16,1014,-0.982273846102374,5,4,1,-0.9501483872313068
2641,16,1014,-0.982273846102374,5,4,1,-0.8370818483990249
2642,16,1014,-0.982273846102374,6,4,1,1.147770181174346
2643,16,1014,-0.982273846102374,5,8,1,-0.7773634822074117
2644,16,1014,-0.982273846102374,5,2,1,-0.3945357756984704
2645,16,1014,-0.982273846102374,5,8,1,0.4730915991277457
2646,16,1014,-0.982273846102374,4,8,1,0.0150572487328249
2647,16,1014,-0.982273846102374,6,4,1,-0.1578540685280694
2648,16,1014,-0.982273846102374,4,4,1,-0.0837095189610114
2649,16,1014,-0.982273846102374,6,2,1,-0.5041171091760396
2650,16,1014,-0.982273846102374,5,8,1,1.4295397707860706
2651,16,1014,-0.982273846102374,6,8,1,1.3005743306810371
2652,16,1014,-0.982273846102374,5,3,1,0.1838267181152669
2653,16,1014,-0.982273846102374,3,4,1,-0.1484950128555033
2654,16,1014,-0.982273846102374,6,7,1,0.1660763604065666
2655,16,1014,-0.982273846102374,5,2,1,-0.1751014310280241
2656,16,1014,-0.982273846102374,6,2,1,-0.0485582510732294
2657,16,1014,-0.982273846102374,5,4,1,0.3127748262358499
2658,16,1014,-0.982273846102374,5,2,1,-1.1296331161740194
2659,16,1014,-0.982273846102374,6,4,1,0.0154885291894372
2660,16,1014,-0.982273846102374,6,4,1,-0.4692449752851119
2661,16,1014,-0.982273846102374,5,8,1,0.7543510689287728
2662,16,1014,-0.982273846102374,4,4,1,-1.1834151255280576
2663,16,1014,-0.982273846102374,6,4,1,-0.6465121888167263
2664,16,1014,-0.982273846102374,6,4,1,1.6204669604182649
2665,16,1014,-0.982273846102374,6,2,1,0.1208614679081986
2666,16,1014,-0.982273846102374,6,4,1,0.2338621099322652
2667,16,1014,-0.982273846102374,5,2,1,-0.6728256285909241
2668,16,1014,-0.982273846102374,6,2,1,0.9357217050703788
2669,16,1014,-0.982273846102374,6,8,1,0.4576653307733933
2670,16,1014,-0.982273846102374,6,4,1,0.459472747891468
2671,16,1014,-0.982273846102374,5,8,1,-0.5107967534458339
2672,16,1014,-0.982273846102374,5,2,1,-0.7521657787547931
2673,16,1014,-0.982273846102374,6,8,1,1.9109823419628835
2674,16,1014,-0.982273846102374,6,4,1,2.067773475192828
2675,16,1014,-0.982273846102374,5,4,1,1.804929659787792
2676,16,1014,-0.982273846102374,7,4,1,1.2952556491388336
2677,16,1014,-0.982273846102374,7,4,1,2.36700303971024
2678,16,1014,-0.982273846102374,7,4,1,1.294840130385878
2679,16,1014,-0.982273846102374,7,4,1,0.3574900519347052
2680,16,1014,-0.982273846102374,7,4,1,0.9322061521348576
2681,16,1014,-0.982273846102374,5,4,1,1.6502205045496097
2682,16,1014,-0.982273846102374,7,8,1,2.335903430838433
2683,16,1014,-0.982273846102374,6,4,1,0.3578951914717176
2684,16,1014,-0.982273846102374,5,4,1,0.3342326632556237
2685,16,1014,-0.982273846102374,7,8,1,2.454476396783664
2686,16,1014,-0.982273846102374,5,2,1,1.6136894576626626
2687,16,1014,-0.982273846102374,6,4,1,-0.5030899761271425
2688,16,1014,-0.982273846102374,5,4,1,-0.35784950551701
2689,15,456,0.0826126264874509,6,2,1,0.1117154023555015
2690,15,456,0.0826126264874509,5,2,1,-0.9629834615415752
2691,15,456,0.0826126264874509,5,2,1,2.0334181652613084
2692,15,456,0.0826126264874509,5,2,1,0.5043089142253984
2693,15,456,0.0826126264874509,6,4,1,1.2003179682998997
2694,15,456,0.0826126264874509,6,4,1,1.7190666257578335
2695,15,456,0.0826126264874509,6,8,1,0.1558207394056363
2696,15,456,0.0826126264874509,6,4,1,1.595541147094811
2697,15,456,0.0826126264874509,2,4,1,0.0414507159203534
2698,15,456,0.0826126264874509,6,4,1,2.279554966475005
2699,15,456,0.0826126264874509,6,1,1,0.8698688532541538
2700,15,456,0.0826126264874509,6,4,1,0.8541202808045872
2701,15,456,0.0826126264874509,5,5,1,0.6558846527646872
2702,15,456,0.0826126264874509,6,4,1,-0.5239631740334026
2703,15,456,0.0826126264874509,5,1,1,0.0390160642241117
2704,15,456,0.0826126264874509,3,8,1,0.6986057047053389
2705,15,456,0.0826126264874509,6,4,1,0.9177704311411348
2706,15,456,0.0826126264874509,6,5,1,1.0341204929858068
2707,15,456,0.0826126264874509,6,4,1,0.419578927858801
2708,15,456,0.0826126264874509,6,2,1,1.207892403323851
2709,15,456,0.0826126264874509,6,8,1,1.2497877796816763
2710,15,456,0.0826126264874509,5,4,1,0.5389441980615836
2711,15,456,0.0826126264874509,5,4,1,-0.0899384257699107
2712,15,456,0.0826126264874509,4,8,1,0.1702084326626904
2713,15,456,0.0826126264874509,3,4,1,-0.1253100689666465
2714,15,456,0.0826126264874509,6,4,1,-0.3058978418228761
2715,15,456,0.0826126264874509,5,4,1,0.3205518955717547
2716,15,456,0.0826126264874509,7,8,1,1.6564783243894576
2717,15,456,0.0826126264874509,7,4,1,2.092935809252002
2718,15,456,0.0826126264874509,5,4,1,-0.1018936285077831
2719,15,456,0.0826126264874509,2,4,1,0.0558284382898892
2720,15,456,0.0826126264874509,6,4,1,1.3934484537783218
2721,15,456,0.0826126264874509,6,4,1,0.8539681948043886
2722,15,456,0.0826126264874509,5,4,1,0.7184405349387286
2723,14,110,-0.8866614326838009,4,2,1,0.3003177276530975
2724,14,110,-0.8866614326838009,5,4,1,-0.2557632990181802
2725,14,110,-0.8866614326838009,4,4,1,-0.1284653430783894
2726,14,110,-0.8866614326838009,5,4,1,-2.2861308860028147
2727,13,228,-1.04782184097524,7,4,1,1.565814360970251
2728,13,228,-1.04782184097524,5,4,1,-0.77903623050783
2729,13,228,-1.04782184097524,6,8,1,0.723739902998964
2730,13,228,-1.04782184097524,6,4,1,1.279747929067079
2731,13,228,-1.04782184097524,6,8,1,-0.009161088383641
2732,13,228,-1.04782184097524,6,8,1,0.1530848246824937
2733,13,228,-1.04782184097524,7,8,1,-0.2400366040662144
2734,13,228,-1.04782184097524,6,4,1,-0.1138298555323475
2735,13,228,-1.04782184097524,5,4,1,0.4098475800944692
2736,13,228,-1.04782184097524,5,4,1,-1.132514279128001
2737,13,228,-1.04782184097524,6,4,1,-0.7779183983947607
2738,13,228,-1.04782184097524,6,4,1,0.2603025727983927
2739,13,228,-1.04782184097524,6,4,1,0.559190792240532
2740,13,228,-1.04782184097524,6,8,1,0.815669158104022
2741,13,228,-1.04782184097524,6,8,1,0.2282664181905116
2742,13,228,-1.04782184097524,5,4,1,0.3404310743779806
2743,12,32,2.65586349193358,4,8,1,-0.2875426014297124
2744,12,32,2.65586349193358,5,1,1,-1.6114477772664169
2745,12,32,2.65586349193358,6,1,1,-1.1751858910181143
2746,12,32,2.65586349193358,6,1,1,1.1903911553160538
2747,12,32,2.65586349193358,6,1,1,-0.0829278147562928
2748,12,32,2.65586349193358,5,1,1,-0.9886721645436914
2749,11,75,2.53823497780226,7,1,1,1.846118632166997
2750,11,75,2.53823497780226,1,8,1,0.3021861135328533
2751,11,75,2.53823497780226,5,4,1,-0.852558135065019
2752,11,75,2.53823497780226,4,4,1,0.4363647830438428
2753,11,75,2.53823497780226,7,1,1,2.166029001471943
2754,11,75,2.53823497780226,5,4,1,1.3275672443506874
2755,10,899,-0.0547807275431046,5,4,1,-0.5390996694856992
2756,10,899,-0.0547807275431046,6,2,1,-0.0303542444145681
2757,10,899,-0.0547807275431046,5,8,1,-0.905728760879632
2758,10,899,-0.0547807275431046,5,8,1,-1.04061335773849
2759,10,899,-0.0547807275431046,4,4,1,0.4903347584775181
2760,10,899,-0.0547807275431046,6,4,1,1.2617944049420695
2761,10,899,-0.0547807275431046,5,4,1,0.3584611874515847
2762,10,899,-0.0547807275431046,6,4,1,0.0953409709529541
2763,10,899,-0.0547807275431046,5,4,1,1.0358830845107607
2764,10,899,-0.0547807275431046,5,5,1,0.1676864063102813
2765,10,899,-0.0547807275431046,5,4,1,-1.2279560635587012
2766,10,899,-0.0547807275431046,5,4,1,-0.4104004090024249
2767,10,899,-0.0547807275431046,5,4,1,-0.7237089305603477
2768,10,899,-0.0547807275431046,5,4,1,-0.0978262278295826
2769,10,899,-0.0547807275431046,5,4,1,0.1595555977634924
2770,10,899,-0.0547807275431046,6,8,1,-0.3754943343720572
2771,10,899,-0.0547807275431046,5,4,1,-0.9801585114384058
2772,10,899,-0.0547807275431046,3,4,1,0.6985649989809591
2773,10,899,-0.0547807275431046,5,3,1,-0.885712794267411
2774,10,899,-0.0547807275431046,5,5,1,-0.356995149414491
2775,10,899,-0.0547807275431046,7,4,1,0.500797960660101
2776,10,899,-0.0547807275431046,5,4,1,0.0250271365908867
2777,10,899,-0.0547807275431046,5,8,1,-0.2245816745591573
2778,10,899,-0.0547807275431046,5,4,1,-1.5559705355033246
2779,10,899,-0.0547807275431046,1,4,1,-0.9123219298071686
2780,10,899,-0.0547807275431046,4,4,1,-0.0139214061855838
2781,10,899,-0.0547807275431046,3,4,1,-0.336061801167657
2782,10,899,-0.0547807275431046,7,4,1,1.4963593939470703
2783,10,899,-0.0547807275431046,5,4,1,-1.2883915085826505
2784,10,899,-0.0547807275431046,6,4,1,-0.2834355704647177
2785,10,899,-0.0547807275431046,5,4,1,-0.9846888667040572
2786,10,899,-0.0547807275431046,6,4,1,0.2588985473563384
2787,10,899,-0.0547807275431046,5,4,1,0.2187253344081354
2788,10,899,-0.0547807275431046,6,4,1,1.0557799299170196
2789,10,899,-0.0547807275431046,4,8,1,-1.4282501849692222
2790,10,899,-0.0547807275431046,4,4,1,-0.4160049636684687
2791,10,899,-0.0547807275431046,6,8,1,0.9106816581717784
2792,10,899,-0.0547807275431046,5,8,1,-0.8491951182453841
2793,10,899,-0.0547807275431046,6,4,1,1.2163547815932092
2794,10,899,-0.0547807275431046,4,4,1,-1.5046544889214626
2795,10,899,-0.0547807275431046,6,1,1,1.4927739501159043
2796,10,899,-0.0547807275431046,5,4,1,0.4173730905585863
2797,10,899,-0.0547807275431046,5,8,1,-1.3078884421296533
2798,10,899,-0.0547807275431046,4,8,1,0.0034062557762759
2799,10,899,-0.0547807275431046,4,4,1,-1.177728990715601
2800,10,899,-0.0547807275431046,5,8,1,0.4574582918866351
2801,10,899,-0.0547807275431046,5,4,1,-0.5018633664423787
2802,10,899,-0.0547807275431046,5,8,1,0.163673345235173
2803,10,899,-0.0547807275431046,6,4,1,0.6198819061709914
2804,10,899,-0.0547807275431046,2,4,1,-1.6415733934080474
2805,10,899,-0.0547807275431046,4,8,1,-1.215821732318959
2806,10,899,-0.0547807275431046,7,4,1,0.8524325525270846
2807,10,899,-0.0547807275431046,6,4,1,1.4549411226458888
2808,10,899,-0.0547807275431046,6,4,1,1.6666656835156826
2809,10,899,-0.0547807275431046,6,4,1,0.0728501819621128
2810,10,899,-0.0547807275431046,5,5,1,0.9813797484741626
2811,9,501,0.281143045640023,1,8,1,-1.589625585029549
2812,9,501,0.281143045640023,6,8,1,1.7458039152220508
2813,9,501,0.281143045640023,5,8,1,0.7463018193341864
2814,9,501,0.281143045640023,4,1,1,-1.670677689437428
2815,9,501,0.281143045640023,5,1,1,1.4941653641243706
2816,9,501,0.281143045640023,7,1,1,1.1117393882198348
2817,9,501,0.281143045640023,4,2,1,0.3663765161618875
2818,9,501,0.281143045640023,2,2,1,-0.4701642175398339
2819,9,501,0.281143045640023,5,1,1,-0.8448658317139642
2820,9,501,0.281143045640023,5,1,1,0.8615573348785848
2821,9,501,0.281143045640023,2,8,1,-0.3578817043814303
2822,9,501,0.281143045640023,3,8,1,0.402945885554121
2823,9,501,0.281143045640023,7,2,1,1.6454716477929665
2824,9,501,0.281143045640023,6,4,1,1.2893010429875902
2825,9,501,0.281143045640023,5,1,1,-1.462135155910525
2826,9,501,0.281143045640023,3,4,1,-0.9171817111551814
2827,9,501,0.281143045640023,4,5,1,0.1757826583679533
2828,9,501,0.281143045640023,4,1,1,-0.7429256614195999
2829,9,501,0.281143045640023,6,8,1,1.4521126296771665
2830,9,501,0.281143045640023,6,4,1,0.1809277749918476
2831,9,501,0.281143045640023,3,1,1,-1.2565524222528888
2832,9,501,0.281143045640023,3,8,1,-0.2912102158507824
2833,9,501,0.281143045640023,6,8,1,1.881686561935505
2834,9,501,0.281143045640023,3,8,1,1.4464011024148435
2835,9,501,0.281143045640023,3,8,1,0.8432470826733879
2836,9,501,0.281143045640023,6,2,1,0.1582264121913524
2837,9,501,0.281143045640023,5,1,1,0.0443669957570814
2838,9,501,0.281143045640023,6,8,1,1.751444011965586
2839,9,501,0.281143045640023,7,8,1,0.7170818592344769
2840,9,501,0.281143045640023,6,8,1,-0.7274016881761189
2841,9,501,0.281143045640023,3,8,1,-0.2253798792092349
2842,9,501,0.281143045640023,5,1,1,-1.0496803406219584
2843,9,501,0.281143045640023,6,1,1,1.166014926333775
2844,9,501,0.281143045640023,7,1,1,1.5294612578276043
2845,9,501,0.281143045640023,6,8,1,1.251079416297872
2846,9,501,0.281143045640023,6,8,1,1.4126879659109297
2847,9,501,0.281143045640023,4,1,1,0.6818543738202393
2848,9,501,0.281143045640023,6,4,1,1.4233154003832529
2849,9,501,0.281143045640023,5,8,1,0.129514686951962
2850,9,501,0.281143045640023,4,1,1,0.1056234650361538
2851,9,501,0.281143045640023,7,1,1,1.7351844125332114
2852,9,501,0.281143045640023,6,8,1,0.5371939022734202
2853,9,501,0.281143045640023,6,2,1,0.3477782585843516
2854,9,501,0.281143045640023,5,2,1,-1.0632990435950305
2855,9,501,0.281143045640023,7,1,1,1.269118941777802
2856,8,510,0.226545340021282,6,1,1,-0.0425661757514823
2857,8,510,0.226545340021282,6,1,1,0.7880061339399875
2858,8,510,0.226545340021282,5,8,1,0.9771147925785676
2859,8,510,0.226545340021282,6,2,1,0.8235289568118044
2860,8,510,0.226545340021282,5,8,1,0.05005783210243
2861,8,510,0.226545340021282,6,1,1,-0.3590964865681682
2862,8,510,0.226545340021282,6,1,1,-0.3071984672233639
2863,8,510,0.226545340021282,7,4,1,1.3949639074275604
2864,8,510,0.226545340021282,7,5,1,-0.0871385201280312
2865,8,510,0.226545340021282,6,5,1,2.014926657745723
2866,8,510,0.226545340021282,6,1,1,-0.513921660564684
2867,8,510,0.226545340021282,5,8,1,-0.3289378672467368
2868,8,510,0.226545340021282,6,1,1,1.6679927133176669
2869,8,510,0.226545340021282,6,2,1,-0.0364171680622519
2870,8,510,0.226545340021282,3,8,1,-0.4104725332928665
2871,8,510,0.226545340021282,3,5,1,0.2584103728911916
2872,8,510,0.226545340021282,4,4,1,-0.2079669458997686
2873,8,510,0.226545340021282,5,8,1,-0.4022201283957011
2874,8,510,0.226545340021282,5,1,1,-0.487490161729505
2875,8,510,0.226545340021282,6,2,1,0.348757146846041
2876,8,510,0.226545340021282,5,2,1,-0.1521234114036384
2877,8,510,0.226545340021282,5,2,1,1.086034983512553
2878,8,510,0.226545340021282,3,8,1,-0.1635149864490254
2879,8,510,0.226545340021282,5,2,1,0.2572272138917218
2880,8,510,0.226545340021282,5,4,1,1.2610515479124766
2881,8,510,0.226545340021282,6,5,1,0.9057178919065548
2882,8,510,0.226545340021282,6,2,1,1.4609275686018846
2883,8,510,0.226545340021282,6,1,1,1.1309577937957471
2884,8,510,0.226545340021282,6,4,1,0.8405935484545431
2885,8,510,0.226545340021282,7,2,1,-0.5147936656401851
2886,8,510,0.226545340021282,5,2,1,0.234713374765752
2887,8,510,0.226545340021282,4,1,1,0.1439639230575552
2888,8,510,0.226545340021282,5,4,1,-0.975780842318096
2889,8,510,0.226545340021282,6,1,1,-0.0001894666729004
2890,8,510,0.226545340021282,5,2,1,-1.1482703393575138
2891,8,510,0.226545340021282,5,8,1,-0.3254516284312991
2892,8,510,0.226545340021282,6,5,1,1.4278553244183845
2893,8,510,0.226545340021282,7,5,1,0.5805843285322255
2894,8,510,0.226545340021282,4,8,1,-1.194590496857488
2895,8,510,0.226545340021282,5,4,1,-1.457357062047017
2896,8,510,0.226545340021282,6,6,1,1.1024448339398625
2897,8,510,0.226545340021282,5,4,1,-0.6991932866446705
2898,8,510,0.226545340021282,3,2,1,-0.3445881850733345
2899,8,510,0.226545340021282,5,8,1,-1.4292268173036506
2900,8,510,0.226545340021282,7,1,1,-0.1159260401382587
2901,8,510,0.226545340021282,5,8,1,-0.2200712941783583
2902,8,510,0.226545340021282,7,1,1,0.8136087231871186
2903,8,510,0.226545340021282,6,5,1,0.3412431740129771
2904,8,510,0.226545340021282,4,2,1,1.0161785343691216
2905,8,510,0.226545340021282,5,8,1,-0.3246523585101081
2906,8,510,0.226545340021282,6,1,1,0.5376417927499436
2907,8,510,0.226545340021282,5,8,1,0.4208617813469187
2908,8,510,0.226545340021282,5,4,1,1.0339001154011065
2909,8,510,0.226545340021282,7,5,1,2.528053968884636
2910,8,510,0.226545340021282,5,4,1,-0.2167638789837511
2911,8,510,0.226545340021282,6,1,1,0.7314688950607011
2912,7,547,-1.1733906420030702,6,4,1,-0.1061590961542607
2913,7,547,-1.1733906420030702,7,4,1,3.105316975067548
2914,7,547,-1.1733906420030702,7,4,1,0.7466690761196128
2915,7,547,-1.1733906420030702,6,4,1,-0.5170887911656142
2916,7,547,-1.1733906420030702,4,4,1,0.2507668739936801
2917,7,547,-1.1733906420030702,6,4,1,0.7101577910480134
2918,7,547,-1.1733906420030702,6,4,1,0.6420156934850304
2919,7,547,-1.1733906420030702,1,4,1,-1.5008276951343906
2920,7,547,-1.1733906420030702,7,4,1,0.2035629185010202
2921,7,547,-1.1733906420030702,6,8,1,-0.2588213824269152
2922,7,547,-1.1733906420030702,6,4,1,1.4402943250174258
2923,7,547,-1.1733906420030702,5,2,1,1.1613621040548765
2924,7,547,-1.1733906420030702,5,8,1,0.5778637877812427
2925,7,547,-1.1733906420030702,6,5,1,2.6653561084591595
2926,7,547,-1.1733906420030702,6,4,1,1.9705030666822712
2927,7,547,-1.1733906420030702,6,2,1,-0.3406066604979046
2928,7,547,-1.1733906420030702,6,8,1,0.47478697008553
2929,7,547,-1.1733906420030702,5,4,1,-0.1354082358307457
2930,7,547,-1.1733906420030702,6,4,1,0.0359443038474889
2931,7,547,-1.1733906420030702,6,4,1,0.721264589065715
2932,7,547,-1.1733906420030702,5,4,1,0.6582834350541682
2933,7,547,-1.1733906420030702,6,4,1,0.702965288905912
2934,7,547,-1.1733906420030702,6,4,1,-0.247472386005026
2935,7,547,-1.1733906420030702,6,4,1,0.5246608351717296
2936,7,547,-1.1733906420030702,5,4,1,0.5115165184616643
2937,7,547,-1.1733906420030702,6,4,1,1.0528365577960823
2938,7,547,-1.1733906420030702,6,4,1,1.337351109899804
2939,7,547,-1.1733906420030702,6,4,1,1.7315471551021338
2940,7,547,-1.1733906420030702,4,4,1,-1.1104824736487262
2941,7,547,-1.1733906420030702,7,6,1,1.4993672553939068
2942,7,547,-1.1733906420030702,6,4,1,0.416504922751765
2943,7,547,-1.1733906420030702,5,4,1,2.1690740880933417
2944,7,547,-1.1733906420030702,6,4,1,-0.7260014109191121
2945,7,547,-1.1733906420030702,5,4,1,0.1175140471494838
2946,7,547,-1.1733906420030702,5,4,1,0.4505255322637634
2947,7,547,-1.1733906420030702,6,4,1,0.9845997673591842
2948,7,547,-1.1733906420030702,6,8,1,0.254062984960741
2949,7,547,-1.1733906420030702,6,4,1,1.506036289128204
2950,6,685,-1.3611836377815902,6,8,1,0.6507081400529605
2951,6,685,-1.3611836377815902,6,4,1,-0.8022041353759979
2952,6,685,-1.3611836377815902,5,4,1,-0.9657779853814082
2953,6,685,-1.3611836377815902,6,4,1,0.7587609839843654
2954,6,685,-1.3611836377815902,6,4,1,0.1812722966876442
2955,6,685,-1.3611836377815902,6,8,1,-0.6350461440083174
2956,6,685,-1.3611836377815902,6,4,1,0.4297266446168092
2957,6,685,-1.3611836377815902,3,4,1,-1.3801891383195497
2958,6,685,-1.3611836377815902,5,5,1,-0.6127358015706879
2959,6,685,-1.3611836377815902,6,8,1,-0.186987970478439
2960,6,685,-1.3611836377815902,5,8,1,-1.766222952354894
2961,6,685,-1.3611836377815902,5,4,1,1.1305825868676498
2962,6,685,-1.3611836377815902,1,8,1,-1.5254359901073755
2963,6,685,-1.3611836377815902,6,8,1,0.0803307495403512
2964,6,685,-1.3611836377815902,5,4,1,-0.2745741314626066
2965,6,685,-1.3611836377815902,6,2,1,-1.3460776930552902
2966,6,685,-1.3611836377815902,7,4,1,0.9200436051430576
2967,6,685,-1.3611836377815902,5,8,1,-1.2019715578494905
2968,6,685,-1.3611836377815902,4,4,1,-0.1980128111681172
2969,6,685,-1.3611836377815902,5,8,1,-1.230828849706664
2970,6,685,-1.3611836377815902,2,4,1,-1.1872935032392458
2971,6,685,-1.3611836377815902,4,4,1,-0.3396489006698603
2972,6,685,-1.3611836377815902,6,4,1,1.7042709352513803
2973,6,685,-1.3611836377815902,7,4,1,2.4202657133895005
2974,6,685,-1.3611836377815902,5,8,1,-0.0022715309524786
2975,6,685,-1.3611836377815902,6,4,1,-0.2977228802654653
2976,6,685,-1.3611836377815902,5,4,1,-0.780538866027319
2977,6,685,-1.3611836377815902,5,4,1,-0.022781463988751
2978,6,685,-1.3611836377815902,6,4,1,0.1929359406197642
2979,6,685,-1.3611836377815902,5,4,1,-0.6858643399206185
2980,6,685,-1.3611836377815902,2,4,1,-0.6404519411766284
2981,6,685,-1.3611836377815902,6,4,1,1.263749779842002
2982,6,685,-1.3611836377815902,6,5,1,-0.2437230132587033
2983,6,685,-1.3611836377815902,6,4,1,-0.7791093033730874
2984,6,685,-1.3611836377815902,4,4,1,-2.3370871941459206
2985,6,685,-1.3611836377815902,5,4,1,-0.9043125070701774
2986,6,685,-1.3611836377815902,5,5,1,0.0103915235310542
2987,6,685,-1.3611836377815902,4,4,1,-0.5115125647643725
2988,6,685,-1.3611836377815902,6,4,1,0.6626767304232509
2989,6,685,-1.3611836377815902,3,4,1,-0.5291625434330787
2990,6,685,-1.3611836377815902,6,4,1,1.6060200832924756
2991,6,685,-1.3611836377815902,6,4,1,1.2822828073860917
2992,6,685,-1.3611836377815902,5,4,1,-0.3628816643176961
2993,6,685,-1.3611836377815902,3,4,1,0.4140415282585768
2994,6,685,-1.3611836377815902,5,4,1,-0.256624924376011
2995,6,685,-1.3611836377815902,6,4,1,-0.7484449166344467
2996,6,685,-1.3611836377815902,5,4,1,-1.8527236417841328
2997,6,685,-1.3611836377815902,3,4,1,-0.7397360132120597
2998,6,685,-1.3611836377815902,6,2,1,0.8507485402798057
2999,6,685,-1.3611836377815902,5,4,1,0.7947743893584494
3000,5,698,-1.73516400239606,4,2,1,0.1582477086485316
3001,5,698,-1.73516400239606,4,4,1,-0.9919714458965402
3002,5,698,-1.73516400239606,6,8,1,1.0122804264233158
3003,5,698,-1.73516400239606,7,4,1,1.7143780473278698
3004,5,698,-1.73516400239606,5,8,1,-1.5114259675551245
3005,5,698,-1.73516400239606,6,2,1,-0.467969150793475
3006,5,698,-1.73516400239606,5,4,1,0.4785751934211245
3007,5,698,-1.73516400239606,5,2,1,-0.8532058586299612
3008,5,698,-1.73516400239606,6,4,1,0.2003910009641983
3009,5,698,-1.73516400239606,4,4,1,-1.1995329024103003
3010,5,698,-1.73516400239606,5,2,1,-0.6725623456311903
3011,5,698,-1.73516400239606,2,1,1,-0.1764016218131237
3012,5,698,-1.73516400239606,5,2,1,0.5008690164119076
3013,5,698,-1.73516400239606,7,2,1,2.0930158920510915
3014,5,698,-1.73516400239606,7,7,1,0.855448796315845
3015,5,698,-1.73516400239606,4,8,1,1.1449315832253812
3016,5,698,-1.73516400239606,6,8,1,2.3855820051684966
3017,5,698,-1.73516400239606,3,8,1,-0.1940280743728015
3018,5,698,-1.73516400239606,6,4,1,0.6994405952475041
3019,5,698,-1.73516400239606,6,8,1,1.9075380714754104
3020,5,698,-1.73516400239606,6,2,1,1.289236354086378
3021,5,698,-1.73516400239606,7,8,1,1.390309711806933
3022,5,698,-1.73516400239606,6,2,1,0.6915330066104851
3023,5,698,-1.73516400239606,6,5,1,1.4466668518086363
3024,5,698,-1.73516400239606,6,8,1,1.9750057306730904
3025,5,698,-1.73516400239606,7,6,1,0.7260951404640912
3026,5,698,-1.73516400239606,7,2,1,1.9024690224040808
3027,5,698,-1.73516400239606,7,8,1,1.368372543704154
3028,5,698,-1.73516400239606,4,2,1,0.9475426528156192
3029,5,698,-1.73516400239606,6,4,1,0.5314101745182142
3030,5,698,-1.73516400239606,7,2,1,0.5985250828311928
3031,5,698,-1.73516400239606,5,2,1,-0.7277588242260806
3032,5,698,-1.73516400239606,5,2,1,-0.3313026759171719
3033,5,698,-1.73516400239606,5,4,1,-0.4064313257091967
3034,5,698,-1.73516400239606,5,5,1,1.867592015793832
3035,5,698,-1.73516400239606,5,8,1,-0.1293555421322812
3036,5,698,-1.73516400239606,5,2,1,-0.904329169504036
3037,5,698,-1.73516400239606,2,2,1,-0.5372564514901016
3038,5,698,-1.73516400239606,6,1,1,1.0599189668730078
3039,5,698,-1.73516400239606,6,8,1,1.7403216015999148
3040,5,698,-1.73516400239606,6,2,1,0.9938447003094532
3041,5,698,-1.73516400239606,4,2,1,0.2596580469301792
3042,5,698,-1.73516400239606,7,2,1,1.3419760253279251
3043,5,698,-1.73516400239606,7,5,1,2.49759681885903
3044,5,698,-1.73516400239606,4,8,1,-0.5946808533493332
3045,5,698,-1.73516400239606,3,2,1,0.2362623464782597
3046,5,698,-1.73516400239606,5,2,1,0.5987078907559334
3047,5,698,-1.73516400239606,5,2,1,0.129982231630861
3048,5,698,-1.73516400239606,4,2,1,1.032080365057139
3049,5,698,-1.73516400239606,2,2,1,-0.1451543686244149
3050,5,698,-1.73516400239606,5,2,1,-0.0065283277218351
3051,5,698,-1.73516400239606,6,2,1,0.947708457915874
3052,5,698,-1.73516400239606,5,5,1,1.4652434723063847
3053,5,698,-1.73516400239606,6,2,1,0.2419874698709032
3054,5,698,-1.73516400239606,4,2,1,-0.8876092143967725
3055,5,698,-1.73516400239606,5,2,1,0.6411384746112659
3056,5,698,-1.73516400239606,6,2,1,-0.4118008478863922
3057,5,698,-1.73516400239606,2,2,1,-0.7043756659028826
3058,5,698,-1.73516400239606,6,2,1,1.2835588401411733
3059,5,698,-1.73516400239606,5,1,1,-0.6055560362229787
3060,5,698,-1.73516400239606,5,8,1,0.5011503151675296
3061,5,698,-1.73516400239606,4,2,1,0.413095832729421
3062,4,1070,-0.7248013785492359,6,2,1,0.8074872842896496
3063,4,1070,-0.7248013785492359,4,7,1,1.938399407189506
3064,4,1070,-0.7248013785492359,6,2,1,0.5927817599122198
3065,4,1070,-0.7248013785492359,4,4,1,0.6064135912184057
3066,4,1070,-0.7248013785492359,4,2,1,0.204074357778953
3067,4,1070,-0.7248013785492359,5,4,1,0.2485331074112309
3068,4,1070,-0.7248013785492359,6,2,1,1.764392330683357
3069,4,1070,-0.7248013785492359,6,1,1,2.2649857613085937
3070,4,1070,-0.7248013785492359,4,4,1,-0.6754069349266588
3071,4,1070,-0.7248013785492359,5,2,1,1.2755964418677217
3072,4,1070,-0.7248013785492359,3,4,1,0.3041763240528899
3073,4,1070,-0.7248013785492359,5,4,1,0.4567988674028698
3074,4,1070,-0.7248013785492359,6,2,1,0.9075043793222626
3075,4,1070,-0.7248013785492359,6,4,1,1.1108913645468963
3076,4,1070,-0.7248013785492359,5,4,1,0.6990969192903429
3077,4,1070,-0.7248013785492359,6,4,1,1.2592512351114036
3078,4,1070,-0.7248013785492359,7,8,1,1.96423624885266
3079,4,1070,-0.7248013785492359,5,4,1,0.3181236797624333
3080,4,1070,-0.7248013785492359,6,4,1,1.841788189733614
3081,4,1070,-0.7248013785492359,6,2,1,2.0202274199643577
3082,4,1070,-0.7248013785492359,6,4,1,1.9938266429876563
3083,4,1070,-0.7248013785492359,5,4,1,1.3286186840277976
3084,4,1070,-0.7248013785492359,6,2,1,0.8932417407993745
3085,4,1070,-0.7248013785492359,6,4,1,1.0421973288212547
3086,4,1070,-0.7248013785492359,6,8,1,1.611558244334212
3087,4,1070,-0.7248013785492359,5,5,1,-0.4351842069952885
3088,4,1070,-0.7248013785492359,5,5,1,0.82513374514136
3089,4,1070,-0.7248013785492359,6,4,1,0.9211962995807385
3090,4,1070,-0.7248013785492359,5,8,1,0.175461733716799
3091,4,1070,-0.7248013785492359,7,4,1,0.8822368052452833
3092,4,1070,-0.7248013785492359,6,4,1,1.0271873212644234
3093,4,1070,-0.7248013785492359,6,8,1,-0.1944248684356956
3094,4,1070,-0.7248013785492359,4,4,1,0.245789574265366
3095,4,1070,-0.7248013785492359,5,2,1,1.1680009528673612
3096,4,1070,-0.7248013785492359,6,4,1,0.7528578339261596
3097,4,1070,-0.7248013785492359,6,2,1,1.0238566101909456
3098,4,1070,-0.7248013785492359,5,2,1,-0.1732770414157741
3099,4,1070,-0.7248013785492359,5,2,1,-0.0691049715431857
3100,4,1070,-0.7248013785492359,5,5,1,1.5853688696228336
3101,4,1070,-0.7248013785492359,4,2,1,2.073274372736389
3102,4,1070,-0.7248013785492359,5,2,1,1.0154472173969458
3103,4,1070,-0.7248013785492359,6,4,1,2.50744181247926
3104,4,1070,-0.7248013785492359,5,2,1,1.5468067179155918
3105,4,1070,-0.7248013785492359,6,4,1,1.1734725819545102
3106,4,1070,-0.7248013785492359,5,8,1,-0.5106301935605823
3107,4,1070,-0.7248013785492359,5,2,1,0.43324687846585
3108,4,1070,-0.7248013785492359,5,2,1,0.7427887342014006
3109,4,1070,-0.7248013785492359,6,2,1,0.6926567844813682
3110,4,1070,-0.7248013785492359,6,2,1,0.9189702825362298
3111,4,1070,-0.7248013785492359,6,4,1,0.9259204580061426
3112,4,1070,-0.7248013785492359,3,2,1,0.3593021880485319
3113,4,1070,-0.7248013785492359,5,2,1,0.2953476079374275
3114,4,1070,-0.7248013785492359,5,7,1,1.1615002347903052
3115,4,1070,-0.7248013785492359,5,4,1,0.7701796627475038
3116,4,1070,-0.7248013785492359,6,2,1,-0.3345513053873047
3117,4,1070,-0.7248013785492359,6,2,1,0.7055671064691785
3118,4,1070,-0.7248013785492359,5,8,1,1.3440962855842529
3119,4,1070,-0.7248013785492359,5,4,1,-0.4495344280687151
3120,4,1070,-0.7248013785492359,5,2,1,2.4332344969162336
3121,4,1070,-0.7248013785492359,5,2,1,-0.2788654851317877
3122,4,1070,-0.7248013785492359,7,2,1,2.181107469530948
3123,4,1070,-0.7248013785492359,5,4,1,-0.1284936096462399
3124,4,1070,-0.7248013785492359,5,2,1,0.5004647942171419
3125,4,1070,-0.7248013785492359,5,5,1,0.6193493813118529
3126,4,1070,-0.7248013785492359,6,2,1,1.6600401306516532
3127,4,1070,-0.7248013785492359,4,7,1,-1.1494526336149782
3128,4,1070,-0.7248013785492359,3,2,1,-1.2057728248654704
3129,4,1070,-0.7248013785492359,3,2,1,0.384694259311285
3130,4,1070,-0.7248013785492359,7,4,1,1.6701985950642748
3131,4,1070,-0.7248013785492359,3,4,1,0.0804663508657523
3132,4,1070,-0.7248013785492359,6,4,1,1.8699911163474607
3133,4,1070,-0.7248013785492359,6,8,1,-0.3193314914506094
3134,4,1070,-0.7248013785492359,4,2,1,-0.7282597961566912
3135,4,1070,-0.7248013785492359,5,1,1,1.0951323074017536
3136,4,1070,-0.7248013785492359,5,2,1,0.9127629647606998
3137,4,1070,-0.7248013785492359,6,2,1,2.011346091961725
3138,4,1070,-0.7248013785492359,2,2,1,0.3686574087224367
3139,4,1070,-0.7248013785492359,6,8,1,2.163997194559959
3140,4,1070,-0.7248013785492359,6,5,1,1.8833561271039807
3141,4,1070,-0.7248013785492359,5,2,1,1.1260983366036668
3142,4,1070,-0.7248013785492359,5,7,1,1.2309746173718474
3143,4,1070,-0.7248013785492359,4,7,1,-0.8741769078498409
3144,4,1070,-0.7248013785492359,7,1,1,3.080037893624503
3145,4,1070,-0.7248013785492359,5,2,1,-0.3754747281908194
3146,4,1070,-0.7248013785492359,5,5,1,0.5373204262389805
3147,4,1070,-0.7248013785492359,6,2,1,1.6911026788795809
3148,4,1070,-0.7248013785492359,6,8,1,0.9526053595733374
3149,4,1070,-0.7248013785492359,3,2,1,0.7608430216064447
3150,4,1070,-0.7248013785492359,4,2,1,0.376562182038604
3151,4,1070,-0.7248013785492359,5,4,1,1.6169779139669045
3152,4,1070,-0.7248013785492359,7,2,1,2.4653340622794087
3153,4,1070,-0.7248013785492359,5,4,1,0.6040632380110998
3154,4,1070,-0.7248013785492359,4,2,1,0.3980029776115326
3155,4,1070,-0.7248013785492359,4,2,1,1.2981593381775582
3156,4,1070,-0.7248013785492359,6,4,1,1.1248505996508469
3157,4,1070,-0.7248013785492359,4,2,1,-1.0961184848187469
3158,4,1070,-0.7248013785492359,4,2,1,0.5361468543686929
3159,4,1070,-0.7248013785492359,7,1,1,1.282952984884426
3160,4,1070,-0.7248013785492359,3,4,1,-0.8893748027283259
3161,4,1070,-0.7248013785492359,6,4,1,0.7685117917897062
3162,4,1070,-0.7248013785492359,7,2,1,2.528473683839574
3163,4,1070,-0.7248013785492359,5,2,1,1.250276056633608
3164,4,1070,-0.7248013785492359,5,8,1,-0.9632920899267708
3165,4,1070,-0.7248013785492359,3,2,1,-0.7891276104795057
3166,4,1070,-0.7248013785492359,5,4,1,0.396010608315415
3167,4,1070,-0.7248013785492359,2,2,1,0.7450600472804721
3168,4,1070,-0.7248013785492359,6,2,1,1.1775646453531197
3169,4,1070,-0.7248013785492359,2,2,1,-0.0566353222049076
3170,4,1070,-0.7248013785492359,3,2,1,0.0092251474459815
3171,4,1070,-0.7248013785492359,5,2,1,0.0037601565845189
3172,4,1070,-0.7248013785492359,7,8,1,0.4542127312225371
3173,3,851,-0.7853215678982359,5,8,1,1.4673341996115403
3174,3,851,-0.7853215678982359,4,8,1,0.025014512315415
3175,3,851,-0.7853215678982359,7,8,1,1.9502014700696284
3176,3,851,-0.7853215678982359,7,1,1,1.486456582082788
3177,3,851,-0.7853215678982359,7,2,1,3.157927248071446
3178,3,851,-0.7853215678982359,5,4,1,0.6494381018667772
3179,3,851,-0.7853215678982359,6,2,1,-0.2975609566923842
3180,3,851,-0.7853215678982359,5,2,1,-0.5393814554814881
3181,3,851,-0.7853215678982359,4,4,1,-0.8491372185975474
3182,3,851,-0.7853215678982359,6,4,1,0.8906817122559296
3183,3,851,-0.7853215678982359,6,4,1,0.0382281314649197
3184,3,851,-0.7853215678982359,6,5,1,1.80656472213622
3185,3,851,-0.7853215678982359,5,4,1,1.4171524967829745
3186,3,851,-0.7853215678982359,7,8,1,0.8168614390129012
3187,3,851,-0.7853215678982359,6,4,1,0.4565355565145946
3188,3,851,-0.7853215678982359,7,8,1,1.5200071320385111
3189,3,851,-0.7853215678982359,7,4,1,0.2872629762211208
3190,3,851,-0.7853215678982359,6,4,1,1.9634233353984
3191,3,851,-0.7853215678982359,7,5,1,1.7849657772926937
3192,3,851,-0.7853215678982359,7,4,1,0.9756259330972344
3193,3,851,-0.7853215678982359,6,4,1,-0.5906694675174263
3194,3,851,-0.7853215678982359,3,4,1,0.83356992268706
3195,3,851,-0.7853215678982359,6,4,1,-0.2457660517840096
3196,3,851,-0.7853215678982359,5,5,1,1.0656724164549085
3197,3,851,-0.7853215678982359,6,5,1,2.333507017795152
3198,3,851,-0.7853215678982359,7,8,1,2.6065398714933767
3199,3,851,-0.7853215678982359,6,4,1,-0.4518978497656883
3200,3,851,-0.7853215678982359,6,4,1,-0.1359487183827114
3201,3,851,-0.7853215678982359,6,8,1,0.9736611743448352
3202,3,851,-0.7853215678982359,5,5,1,0.7568965477844192
3203,3,851,-0.7853215678982359,6,1,1,0.3358618088996701
3204,3,851,-0.7853215678982359,6,4,1,0.2528261134240608
3205,3,851,-0.7853215678982359,7,4,1,2.157257000446705
3206,3,851,-0.7853215678982359,6,4,1,-0.1201311301060522
3207,3,851,-0.7853215678982359,6,8,1,1.2328641860721872
3208,3,851,-0.7853215678982359,5,4,1,0.5077595083403437
3209,3,851,-0.7853215678982359,5,4,1,0.1693725361314355
3210,3,851,-0.7853215678982359,6,4,1,1.9421794677001436
3211,3,851,-0.7853215678982359,5,4,1,-0.9168497634597452
3212,3,851,-0.7853215678982359,5,4,1,1.832641974335184
3213,3,851,-0.7853215678982359,7,4,1,0.8715219160167165
3214,3,851,-0.7853215678982359,6,4,1,1.477324247840211
3215,3,851,-0.7853215678982359,6,7,1,1.918574233047823
3216,3,851,-0.7853215678982359,6,2,1,1.7017261500891
3217,3,851,-0.7853215678982359,5,2,1,-1.281717586175642
3218,3,851,-0.7853215678982359,4,8,1,-0.7067700958158191
3219,3,851,-0.7853215678982359,5,2,1,-0.0773498145469647
3220,3,851,-0.7853215678982359,6,2,1,-0.3953434719557267
3221,3,851,-0.7853215678982359,6,2,1,1.6166222219591302
3222,3,851,-0.7853215678982359,6,2,1,1.657656273226206
3223,3,851,-0.7853215678982359,6,2,1,0.3312245208225629
3224,3,851,-0.7853215678982359,4,2,1,-0.5209607720323162
3225,3,851,-0.7853215678982359,5,2,1,1.758746435903117
3226,3,851,-0.7853215678982359,3,2,1,-2.011706728560053
3227,3,851,-0.7853215678982359,5,2,1,2.029421027918078
3228,3,851,-0.7853215678982359,6,8,1,1.735462037710064
3229,3,851,-0.7853215678982359,5,4,1,1.9607091560855447
3230,3,851,-0.7853215678982359,5,5,1,1.3123667561922443
3231,3,851,-0.7853215678982359,7,4,1,3.350515678429673
3232,3,851,-0.7853215678982359,7,1,1,1.7855656796596733
3233,3,851,-0.7853215678982359,6,8,1,2.135433476058953
3234,3,851,-0.7853215678982359,6,8,1,0.4954660560084705
3235,3,851,-0.7853215678982359,6,4,1,0.3709127677935552
3236,3,851,-0.7853215678982359,6,4,1,-0.4203626906661615
3237,3,851,-0.7853215678982359,6,5,1,1.883251284955771
3238,3,851,-0.7853215678982359,2,2,1,-1.147985451541692
3239,3,851,-0.7853215678982359,6,4,1,-0.6323241806828238
3240,3,851,-0.7853215678982359,6,8,1,0.3931556535851567
3241,3,851,-0.7853215678982359,6,4,1,0.0607745714261293
3242,3,851,-0.7853215678982359,5,4,1,0.5987084814462775
3243,3,851,-0.7853215678982359,4,4,1,-0.162092785700247
3244,3,851,-0.7853215678982359,6,2,1,-0.2583398600261906
3245,3,851,-0.7853215678982359,5,2,1,0.4528200390813128
3246,2,1259,-0.337134287725034,5,2,1,2.414464735204976
3247,2,1259,-0.337134287725034,6,2,1,1.0833175111505295
3248,2,1259,-0.337134287725034,5,4,1,0.6222874371221627
3249,2,1259,-0.337134287725034,6,4,1,1.2373285838871342
3250,2,1259,-0.337134287725034,6,8,1,1.4033663704797903
3251,2,1259,-0.337134287725034,4,8,1,0.0589537392444847
3252,2,1259,-0.337134287725034,5,4,1,-0.0128806127178677
3253,2,1259,-0.337134287725034,4,5,1,-0.1121340852011886
3254,2,1259,-0.337134287725034,5,4,1,1.122726387443119
3255,2,1259,-0.337134287725034,6,4,1,1.7443574041087857
3256,2,1259,-0.337134287725034,6,2,1,1.379379384041172
3257,2,1259,-0.337134287725034,6,4,1,-0.7430250038197738
3258,2,1259,-0.337134287725034,7,4,1,2.7487098981442277
3259,2,1259,-0.337134287725034,6,4,1,0.4314577607343925
3260,2,1259,-0.337134287725034,6,1,1,1.5587845673746377
3261,2,1259,-0.337134287725034,7,2,1,1.7803848179929385
3262,2,1259,-0.337134287725034,4,8,1,0.3634735328924566
3263,2,1259,-0.337134287725034,6,4,1,0.7746619017470395
3264,2,1259,-0.337134287725034,7,4,1,1.9910139917862213
3265,2,1259,-0.337134287725034,7,2,1,1.7047461485920057
3266,2,1259,-0.337134287725034,5,2,1,0.3518523237013152
3267,2,1259,-0.337134287725034,5,8,1,0.2014016807081041
3268,2,1259,-0.337134287725034,5,3,1,0.4881960665720377
3269,2,1259,-0.337134287725034,5,2,1,0.7698918780081861
3270,2,1259,-0.337134287725034,6,4,1,-0.4363235296286408
3271,2,1259,-0.337134287725034,4,2,1,-0.4368618152135224
3272,2,1259,-0.337134287725034,6,2,1,2.181651157862192
3273,2,1259,-0.337134287725034,6,5,1,1.2510094929780335
3274,2,1259,-0.337134287725034,5,2,1,-0.6521942082364988
3275,2,1259,-0.337134287725034,4,2,1,-0.2816891882537164
3276,2,1259,-0.337134287725034,6,8,1,1.2824228589213569
3277,2,1259,-0.337134287725034,7,8,1,2.4631843611137088
3278,2,1259,-0.337134287725034,6,4,1,0.6819071504369957
3279,2,1259,-0.337134287725034,4,8,1,-0.1840085676655027
3280,2,1259,-0.337134287725034,7,4,1,1.0935087509876251
3281,2,1259,-0.337134287725034,5,1,1,-0.9282543259735242
3282,2,1259,-0.337134287725034,6,2,1,0.181227593200307
3283,2,1259,-0.337134287725034,5,4,1,-0.0489634119423494
3284,2,1259,-0.337134287725034,4,4,1,-0.8003159162599027
3285,2,1259,-0.337134287725034,4,2,1,0.9165840280228328
3286,2,1259,-0.337134287725034,6,8,1,1.268630087054867
3287,2,1259,-0.337134287725034,7,4,1,2.669307120467568
3288,2,1259,-0.337134287725034,3,6,1,-1.1781363640514264
3289,2,1259,-0.337134287725034,6,4,1,0.8661256145186236
3290,2,1259,-0.337134287725034,6,2,1,0.7901475141451575
3291,2,1259,-0.337134287725034,5,4,1,0.1244377272185176
3292,2,1259,-0.337134287725034,7,4,1,1.6187376177412034
3293,2,1259,-0.337134287725034,7,4,1,0.7916162937621072
3294,2,1259,-0.337134287725034,4,4,1,-0.8373421074472862
3295,2,1259,-0.337134287725034,6,4,1,1.1700904057016153
3296,2,1259,-0.337134287725034,6,4,1,0.5755229350433506
3297,2,1259,-0.337134287725034,6,8,1,0.8542795979493523
3298,2,1259,-0.337134287725034,5,2,1,0.3083917424656079
3299,2,1259,-0.337134287725034,5,4,1,0.5305075698843864
3300,2,1259,-0.337134287725034,7,4,1,1.7112167732081989
3301,2,1259,-0.337134287725034,6,2,1,1.5145916250842335
3302,2,1259,-0.337134287725034,5,4,1,-0.7381566249533829
3303,2,1259,-0.337134287725034,4,2,1,-1.2196441639510618
3304,2,1259,-0.337134287725034,6,8,1,1.2629279709199044
3305,2,1259,-0.337134287725034,6,4,1,0.7677021070561729
3306,2,1259,-0.337134287725034,7,4,1,1.3155121670018166
3307,2,1259,-0.337134287725034,6,4,1,0.6446278706652598
3308,2,1259,-0.337134287725034,6,2,1,1.021074360706421
3309,2,1259,-0.337134287725034,6,2,1,1.4526744395781834
3310,2,1259,-0.337134287725034,6,2,1,-0.4079565428173342
3311,2,1259,-0.337134287725034,1,4,1,0.5171549531079226
3312,2,1259,-0.337134287725034,5,4,1,0.2871581250339947
3313,2,1259,-0.337134287725034,6,2,1,1.5666066957626557
3314,2,1259,-0.337134287725034,4,8,1,0.0386487547364705
3315,2,1259,-0.337134287725034,5,2,1,0.7728489061919755
3316,2,1259,-0.337134287725034,6,4,1,0.3663509086917671
3317,2,1259,-0.337134287725034,6,2,1,1.1154000894617102
3318,2,1259,-0.337134287725034,7,2,1,2.9608356271211203
3319,2,1259,-0.337134287725034,1,2,1,-0.1381201154777432
3320,2,1259,-0.337134287725034,4,2,1,-0.0907887133071974
3321,2,1259,-0.337134287725034,5,2,1,1.238715681166073
3322,2,1259,-0.337134287725034,4,2,1,-0.3684632908845429
3323,2,1259,-0.337134287725034,6,2,1,1.152355699678312
3324,2,1259,-0.337134287725034,5,2,1,-0.1245416196073899
3325,2,1259,-0.337134287725034,4,2,1,-0.0979103408179074
3326,2,1259,-0.337134287725034,5,2,1,-0.4174121874144624
3327,2,1259,-0.337134287725034,5,8,1,1.641259479165265
3328,2,1259,-0.337134287725034,5,4,1,0.9507523436112966
3329,2,1259,-0.337134287725034,6,8,1,1.2206812101015596
3330,2,1259,-0.337134287725034,7,8,1,0.4523465484154059
3331,2,1259,-0.337134287725034,4,2,1,-0.4379118330275924
3332,2,1259,-0.337134287725034,6,2,1,1.0295332368202532
3333,2,1259,-0.337134287725034,5,2,1,-0.8509268818779159
3334,2,1259,-0.337134287725034,5,8,1,-1.4424995269605316
3335,2,1259,-0.337134287725034,6,8,1,2.0979933951267795
3336,2,1259,-0.337134287725034,6,2,1,-0.3140205861197095
3337,2,1259,-0.337134287725034,5,2,1,1.021491910059394
3338,2,1259,-0.337134287725034,6,2,1,0.7711795595351413
3339,2,1259,-0.337134287725034,3,2,1,-0.1475029542050583
3340,2,1259,-0.337134287725034,6,2,1,0.4093812889185668
3341,2,1259,-0.337134287725034,7,8,1,1.808249061536088
3342,2,1259,-0.337134287725034,5,2,1,0.7633181935883174
3343,2,1259,-0.337134287725034,5,8,1,1.5411450402592677
3344,2,1259,-0.337134287725034,5,2,1,0.8086717286826702
3345,2,1259,-0.337134287725034,4,4,1,-0.4630002502769146
3346,2,1259,-0.337134287725034,5,2,1,0.5088167483887193
3347,2,1259,-0.337134287725034,5,4,1,-1.1217221957916192
3348,2,1259,-0.337134287725034,6,4,1,0.5314882443555755
3349,2,1259,-0.337134287725034,5,8,1,-0.7760030625057787
3350,2,1259,-0.337134287725034,3,2,1,-0.4208281058016977
3351,2,1259,-0.337134287725034,6,2,1,0.5816838315340861
3352,2,1259,-0.337134287725034,5,2,1,0.1744708170291861
3353,2,1259,-0.337134287725034,5,4,1,0.464303342485618
3354,2,1259,-0.337134287725034,5,2,1,-0.112011454085673
3355,2,1259,-0.337134287725034,5,2,1,-0.1676840194284691
3356,2,1259,-0.337134287725034,6,4,1,0.8084025679048762
3357,2,1259,-0.337134287725034,4,8,1,0.8736927009905266
3358,2,1259,-0.337134287725034,5,2,1,0.8902429570825723
3359,2,1259,-0.337134287725034,4,2,1,0.1718220609513313
3360,1,323,1.00506302134088,6,8,1,0.6884359719116083
3361,1,323,1.00506302134088,5,5,1,0.7037741993286224
3362,1,323,1.00506302134088,5,8,1,-1.3961359862828218
3363,1,323,1.00506302134088,6,4,1,1.4330010615308777
3364,1,323,1.00506302134088,6,8,1,0.539909770310252
3365,1,323,1.00506302134088,5,2,1,-0.3695701222385295
3366,1,323,1.00506302134088,6,4,1,0.5571343904905651
3367,1,323,1.00506302134088,5,2,1,-0.4215324126261287
3368,1,323,1.00506302134088,5,2,1,-1.1979677781807463
3369,1,323,1.00506302134088,4,2,1,-1.5555449503235572
3370,1,323,1.00506302134088,6,8,1,0.0991069047577976
3371,1,323,1.00506302134088,4,8,1,-0.9140235802532806
3372,1,323,1.00506302134088,6,8,1,0.3857019177238923
3373,1,323,1.00506302134088,5,8,1,-1.6373219859986037
3374,1,323,1.00506302134088,4,3,1,1.2216520858930815
3375,1,323,1.00506302134088,5,8,1,0.873310230888244
3376,1,323,1.00506302134088,6,4,1,-0.2721325174831513
3377,1,323,1.00506302134088,6,4,1,-0.8050120876121823
3378,1,323,1.00506302134088,4,2,1,-0.0939192546577968
3379,1,323,1.00506302134088,6,3,1,-0.133133085090656
3380,1,323,1.00506302134088,5,2,1,-0.135335185146085
3381,1,323,1.00506302134088,6,8,1,-0.6165598764983177
3382,1,323,1.00506302134088,4,4,1,-1.5734905204322152
3383,1,323,1.00506302134088,5,4,1,-0.8536637100516352
3384,76,843,0.22407651434157,5,4,0,-2.081076667581991
3385,76,843,0.22407651434157,5,8,0,1.7045366042187338
3386,76,843,0.22407651434157,5,4,0,0.4579789980563299
3387,76,843,0.22407651434157,5,8,1,0.0584478842312271
3388,76,843,0.22407651434157,6,4,0,0.0859291087666901
3389,76,843,0.22407651434157,6,4,0,0.8663037162231869
3390,76,843,0.22407651434157,5,4,0,-0.9248798527677012
3391,76,843,0.22407651434157,6,4,0,1.475562766709456
3392,76,843,0.22407651434157,5,2,0,0.0419544598995162
3393,76,843,0.22407651434157,6,4,0,1.5696962724781054
3394,76,843,0.22407651434157,6,4,0,0.9353261481750652
3395,76,843,0.22407651434157,6,4,0,0.0374986618644063
3396,76,843,0.22407651434157,5,4,0,-0.8151786666573025
3397,76,843,0.22407651434157,4,4,0,-0.276303858223633
3398,76,843,0.22407651434157,6,4,0,-2.029801961150222
3399,76,843,0.22407651434157,6,1,1,0.6508100100011822
3400,76,843,0.22407651434157,7,4,0,1.7347238657027586
3401,76,843,0.22407651434157,5,4,0,1.3402618281674463
3402,76,843,0.22407651434157,6,4,0,0.3449997430663774
3403,76,843,0.22407651434157,3,4,0,-1.0156771697780276
3404,76,843,0.22407651434157,4,4,0,-1.6728598169866071
3405,76,843,0.22407651434157,4,8,0,0.311813259598021
3406,76,843,0.22407651434157,7,8,0,1.9408462145697825
3407,76,843,0.22407651434157,5,4,0,0.5525585592590342
3408,76,843,0.22407651434157,5,8,0,-0.390661275693751
3409,76,843,0.22407651434157,5,4,0,-0.4336539181073966
3410,76,843,0.22407651434157,6,4,1,0.5655980903800608
3411,76,843,0.22407651434157,6,4,1,0.2913039347405831
3412,76,843,0.22407651434157,5,4,1,-0.1581717703177748
3413,76,843,0.22407651434157,5,4,0,0.2090074893300777
3414,76,843,0.22407651434157,6,4,1,0.3883036576314868
3415,76,843,0.22407651434157,5,4,0,-0.0635480714180666
3416,76,843,0.22407651434157,6,4,0,0.413623309997407
3417,76,843,0.22407651434157,6,4,1,-0.5488619278177777
3418,76,843,0.22407651434157,7,1,1,-0.3111885988026647
3419,76,843,0.22407651434157,5,4,1,-0.3042121725591586
3420,76,843,0.22407651434157,5,4,0,-0.9305459631070562
3421,76,843,0.22407651434157,6,4,1,1.395375990704066
3422,76,843,0.22407651434157,5,4,0,-1.3446851198901235
3423,76,843,0.22407651434157,5,4,0,-0.5441534980996902
3424,76,843,0.22407651434157,5,4,1,-0.8067134359931775
3425,76,843,0.22407651434157,6,4,0,0.4776824957381727
3426,76,843,0.22407651434157,5,4,0,0.1547618730632721
3427,76,843,0.22407651434157,5,4,1,-0.9968634182082274
3428,76,843,0.22407651434157,5,4,0,-1.4436919975771751
3429,76,843,0.22407651434157,5,8,0,-0.1466142579534137
3430,76,843,0.22407651434157,5,4,0,0.5705782720329029
3431,76,843,0.22407651434157,5,4,0,-0.7151658067890102
3432,76,843,0.22407651434157,5,4,0,0.1379014796402602
3433,76,843,0.22407651434157,6,4,1,0.5864539658287784
3434,76,843,0.22407651434157,7,5,0,1.8958635430981583
3435,76,843,0.22407651434157,5,8,1,-0.987276966844684
3436,76,843,0.22407651434157,5,4,0,-2.049297612298105
3437,76,843,0.22407651434157,6,4,1,0.7275943083372644
3438,76,843,0.22407651434157,6,4,0,-1.2114074355157411
3439,76,843,0.22407651434157,5,4,0,-0.2880841100860606
3440,76,843,0.22407651434157,5,8,1,0.6125169828493736
3441,76,843,0.22407651434157,6,4,1,0.5279114246155922
3442,76,843,0.22407651434157,5,4,1,-0.217378380667265
3443,76,843,0.22407651434157,5,4,1,-1.452157360719996
3444,76,843,0.22407651434157,7,4,1,0.8535335680226306
3445,76,843,0.22407651434157,5,4,0,-1.519004028983387
3446,76,843,0.22407651434157,5,4,0,-0.1578957624808619
3447,76,843,0.22407651434157,5,4,0,-0.3361449247426757
3448,76,843,0.22407651434157,4,4,0,-0.8676466510627384
3449,76,843,0.22407651434157,6,4,1,-1.0090647419520598
3450,76,843,0.22407651434157,6,4,1,0.0307914369516872
3451,76,843,0.22407651434157,6,4,1,-1.4423552995303857
3452,76,843,0.22407651434157,5,4,0,0.5568237363131587
3453,76,843,0.22407651434157,5,4,0,0.1080178545961243
3454,76,843,0.22407651434157,6,4,0,1.6341989175117972
3455,76,843,0.22407651434157,6,4,0,0.0644636746680137
3456,76,843,0.22407651434157,6,4,1,1.4807392290448136
3457,76,843,0.22407651434157,7,8,1,-0.6524085872252409
3458,76,843,0.22407651434157,5,5,0,-0.9124395146685952
3459,76,843,0.22407651434157,6,4,0,0.1957716207544347
3460,76,843,0.22407651434157,6,4,1,-1.2661855002848117
3461,76,843,0.22407651434157,6,4,0,0.2778199115909124
3462,76,843,0.22407651434157,6,4,1,0.7119451832016088
3463,76,843,0.22407651434157,4,4,0,-2.0401839863004696
3464,76,843,0.22407651434157,4,4,0,-0.928563811676342
3465,76,843,0.22407651434157,6,4,0,-0.347213429592381
3466,76,843,0.22407651434157,6,4,0,0.1175265689345126
3467,76,843,0.22407651434157,6,4,0,1.354065758706242
3468,76,843,0.22407651434157,3,4,1,-2.061212925164818
3469,76,843,0.22407651434157,6,4,0,-0.7252021411150937
3470,76,843,0.22407651434157,6,4,0,-1.642531879857463
3471,76,843,0.22407651434157,6,8,0,1.1043871223781607
3472,76,843,0.22407651434157,5,4,0,-0.168613210907048
3473,76,843,0.22407651434157,3,4,0,-1.454579736181318
3474,76,843,0.22407651434157,5,4,0,-0.0179067108418578
3475,76,843,0.22407651434157,5,8,0,0.6191772533884042
3476,76,843,0.22407651434157,5,4,1,-0.1090038329064671
3477,76,843,0.22407651434157,6,4,0,-0.086159145072441
3478,76,843,0.22407651434157,5,2,0,1.2852964688327224
3479,76,843,0.22407651434157,5,8,0,-0.5754119376139061
3480,76,843,0.22407651434157,6,4,0,-0.3873081642169802
3481,76,843,0.22407651434157,6,4,1,0.8269899389997241
3482,76,843,0.22407651434157,6,8,1,0.9444379151299388
3483,76,843,0.22407651434157,6,4,1,-0.0273383176407833
3484,76,843,0.22407651434157,6,4,0,1.0953553818854953
3485,76,843,0.22407651434157,5,4,0,-0.4130487489254409
3486,76,843,0.22407651434157,5,8,0,-0.4539422111616175
3487,76,843,0.22407651434157,6,8,0,-0.5323219071860716
3488,76,843,0.22407651434157,5,4,0,-0.0382570104760828
3489,76,843,0.22407651434157,5,4,0,0.49984007551251
3490,76,843,0.22407651434157,5,4,1,-0.4217980547062794
3491,76,843,0.22407651434157,5,4,0,1.1554709019578275
3492,76,843,0.22407651434157,6,4,1,0.2014690613793797
3493,76,843,0.22407651434157,2,8,0,-0.0018598164669173
3494,76,843,0.22407651434157,6,4,1,-1.4777823559806962
3495,76,843,0.22407651434157,5,2,0,-0.1000554710366475
3496,76,843,0.22407651434157,6,4,1,1.6798392594189997
3497,76,843,0.22407651434157,2,8,0,-0.5737278339821927
3498,76,843,0.22407651434157,1,8,0,-0.559266036186163
3499,76,843,0.22407651434157,5,4,0,-2.124221740231621
3500,76,843,0.22407651434157,6,4,1,0.8696017717256206
3501,76,843,0.22407651434157,6,4,1,-1.0481826525165128
3502,76,843,0.22407651434157,3,4,1,-1.7817947235414449
3503,76,843,0.22407651434157,3,8,0,0.6997684999316766
3504,76,843,0.22407651434157,5,4,0,-0.7774562776486021
3505,76,843,0.22407651434157,6,4,0,0.7634846025218852
3506,76,843,0.22407651434157,6,4,0,-0.5423804282958452
3507,76,843,0.22407651434157,6,4,1,0.0496088799315464
3508,76,843,0.22407651434157,6,8,1,0.1049530543891691
3509,76,843,0.22407651434157,6,1,0,1.5114919938792544
3510,76,843,0.22407651434157,5,1,0,-0.8227645730210967
3511,76,843,0.22407651434157,5,4,1,-1.828149583125064
3512,76,843,0.22407651434157,5,4,0,-0.1853724994882236
3513,76,843,0.22407651434157,5,4,0,-0.5153430149585218
3514,76,843,0.22407651434157,6,4,0,0.3351345802828377
3515,76,843,0.22407651434157,6,1,0,0.7059917633750636
3516,75,665,0.230755432558687,4,2,0,-0.9075484806682638
3517,75,665,0.230755432558687,5,2,0,-0.4123562012138603
3518,75,665,0.230755432558687,5,2,0,-2.1687237128185672
3519,75,665,0.230755432558687,4,2,0,-0.8446155046075324
3520,75,665,0.230755432558687,5,2,0,-0.2817849325003971
3521,75,665,0.230755432558687,5,2,0,-0.3712167033557091
3522,75,665,0.230755432558687,6,4,0,-1.2166534741866473
3523,75,665,0.230755432558687,5,8,1,1.3608857205796052
3524,75,665,0.230755432558687,5,8,0,-1.887753761141315
3525,75,665,0.230755432558687,7,8,1,0.9923181748024634
3526,75,665,0.230755432558687,6,2,0,1.8487415691454483
3527,75,665,0.230755432558687,5,2,0,0.1013227155766028
3528,75,665,0.230755432558687,3,2,0,-0.8989821600575113
3529,75,665,0.230755432558687,5,8,1,-0.0817332716905288
3530,75,665,0.230755432558687,5,2,0,-1.4846170849766047
3531,75,665,0.230755432558687,5,2,0,-0.5357049471836612
3532,75,665,0.230755432558687,6,8,0,0.2909879942742674
3533,75,665,0.230755432558687,5,2,0,-0.2018244925899563
3534,75,665,0.230755432558687,7,8,0,1.113670980744552
3535,75,665,0.230755432558687,5,2,0,0.8693474452256421
3536,75,665,0.230755432558687,6,8,1,0.6726324691419182
3537,75,665,0.230755432558687,4,2,0,0.7863495693242274
3538,75,665,0.230755432558687,4,2,0,-0.3484001437083383
3539,75,665,0.230755432558687,6,8,0,-0.3838688728086945
3540,75,665,0.230755432558687,6,8,0,1.774129553492377
3541,75,665,0.230755432558687,5,5,0,-0.2028733282109387
3542,75,665,0.230755432558687,5,2,0,0.4429021140146786
3543,75,665,0.230755432558687,6,2,1,0.5599226753209117
3544,75,665,0.230755432558687,6,2,1,0.4600008402951991
3545,75,665,0.230755432558687,4,2,0,-0.2768259843874542
3546,75,665,0.230755432558687,5,4,1,0.8084373339212967
3547,75,665,0.230755432558687,5,2,1,-0.3113532702936266
3548,75,665,0.230755432558687,5,2,1,-0.2007111321132571
3549,75,665,0.230755432558687,5,2,0,0.5117431059472126
3550,75,665,0.230755432558687,4,2,0,-0.2362773777829434
3551,75,665,0.230755432558687,5,8,0,-0.1801970287840394
3552,75,665,0.230755432558687,4,4,0,-0.1124281090889646
3553,75,665,0.230755432558687,6,8,0,-0.0789521516679788
3554,75,665,0.230755432558687,4,8,0,0.3108272478798131
3555,75,665,0.230755432558687,5,2,0,1.2889005217776046
3556,75,665,0.230755432558687,5,2,1,-1.0151854705496377
3557,75,665,0.230755432558687,5,5,0,1.303821885788444
3558,75,665,0.230755432558687,5,2,0,-1.1566333910929891
3559,75,665,0.230755432558687,7,2,1,1.3926600934592843
3560,75,665,0.230755432558687,4,8,0,-0.3634312614919134
3561,75,665,0.230755432558687,5,4,0,1.6693037173422864
3562,75,665,0.230755432558687,5,2,0,0.9056901462917856
3563,75,665,0.230755432558687,6,8,0,1.0940595366851091
3564,75,665,0.230755432558687,2,8,0,-1.2850692295371755
3565,75,665,0.230755432558687,5,2,0,1.192722216374403
3566,75,665,0.230755432558687,6,2,0,-0.4906997518751717
3567,75,665,0.230755432558687,5,2,0,0.2073925270147669
3568,75,665,0.230755432558687,5,8,1,-0.2039994236415578
3569,75,665,0.230755432558687,5,4,0,-0.9798500741780948
3570,75,665,0.230755432558687,6,2,0,-0.7776238143893496
3571,75,665,0.230755432558687,6,4,1,-0.7118684190601965
3572,75,665,0.230755432558687,6,2,0,-0.5836718734072555
3573,75,665,0.230755432558687,5,2,0,0.2340440024492439
3574,75,665,0.230755432558687,5,4,0,-0.5089302274308136
3575,75,665,0.230755432558687,6,2,0,2.0408419067926387
3576,75,665,0.230755432558687,7,2,1,0.4851623496423551
3577,75,665,0.230755432558687,5,4,0,-0.3513655372257889
3578,75,665,0.230755432558687,4,4,0,-1.098324048794456
3579,75,665,0.230755432558687,3,4,0,-0.3041311097770316
3580,75,665,0.230755432558687,6,2,1,0.4556481706097959
3581,75,665,0.230755432558687,7,8,1,0.1520602123397864
3582,75,665,0.230755432558687,4,2,0,-0.0125430696122302
3583,75,665,0.230755432558687,6,8,0,-0.3739232307689956
3584,75,665,0.230755432558687,5,8,0,0.1810333238150508
3585,75,665,0.230755432558687,5,8,0,0.230279834886112
3586,75,665,0.230755432558687,4,2,0,0.0625377313850891
3587,75,665,0.230755432558687,5,8,1,1.3136489676351772
3588,75,665,0.230755432558687,7,2,0,2.273350690006121
3589,75,665,0.230755432558687,6,4,0,0.3843061577838648
3590,75,665,0.230755432558687,5,2,1,-0.3627275445524441
3591,75,665,0.230755432558687,7,4,0,0.7752360227266292
3592,75,665,0.230755432558687,6,4,1,0.1186691381043701
3593,75,665,0.230755432558687,6,8,1,0.0149574123929112
3594,75,665,0.230755432558687,5,8,0,-0.4011832751517308
3595,75,665,0.230755432558687,5,4,0,-0.4219399960617718
3596,75,665,0.230755432558687,5,4,0,1.160654671956168
3597,75,665,0.230755432558687,5,2,0,-0.9267431095861808
3598,75,665,0.230755432558687,4,8,0,-0.8094487959019743
3599,75,665,0.230755432558687,6,2,0,0.2161562337086333
3600,75,665,0.230755432558687,6,2,0,0.4785954457214154
3601,75,665,0.230755432558687,5,8,0,-0.1077632282741253
3602,75,665,0.230755432558687,5,8,0,-0.5409077456369268
3603,75,665,0.230755432558687,5,2,0,0.4883909625374663
3604,75,665,0.230755432558687,5,2,0,0.3687506429124565
3605,75,665,0.230755432558687,4,2,0,-1.7257196134781816
3606,75,665,0.230755432558687,4,5,0,0.3395283586719895
3607,75,665,0.230755432558687,5,8,0,-1.4496390222755628
3608,75,665,0.230755432558687,5,2,0,1.1159208058519523
3609,75,665,0.230755432558687,6,4,0,-0.1581955472312579
3610,75,665,0.230755432558687,6,2,1,0.7794887822278495
3611,75,665,0.230755432558687,5,8,0,-1.3786786083399798
3612,75,665,0.230755432558687,6,4,0,1.0047551941101422
3613,75,665,0.230755432558687,5,8,0,-1.715043642791175
3614,75,665,0.230755432558687,5,2,1,-1.002444535116718
3615,75,665,0.230755432558687,6,2,0,0.5076739804395242
3616,75,665,0.230755432558687,5,2,0,0.7832704592820161
3617,75,665,0.230755432558687,4,2,0,-0.7193288859440135
3618,75,665,0.230755432558687,5,2,0,0.0283012175203626
3619,75,665,0.230755432558687,5,8,0,0.0511211958490151
3620,75,665,0.230755432558687,6,4,0,0.1934798515497197
3621,75,665,0.230755432558687,5,2,0,1.3395620869678742
3622,75,665,0.230755432558687,6,4,1,1.3439321317673214
3623,75,665,0.230755432558687,5,2,1,-0.159572509419618
3624,75,665,0.230755432558687,6,2,0,-0.4290143307936838
3625,75,665,0.230755432558687,5,2,0,-1.3076265142702346
3626,75,665,0.230755432558687,5,8,0,0.0809871228491795
3627,75,665,0.230755432558687,4,2,0,-1.0790773627481076
3628,74,1280,-0.65713146933399,5,4,0,0.4941529740588286
3629,74,1280,-0.65713146933399,6,8,0,0.1554805698763278
3630,74,1280,-0.65713146933399,6,4,1,0.1303906822372817
3631,74,1280,-0.65713146933399,5,4,0,-1.96417573423076
3632,74,1280,-0.65713146933399,6,4,0,0.390786619949348
3633,74,1280,-0.65713146933399,5,4,0,-1.5727533059171306
3634,74,1280,-0.65713146933399,6,2,0,0.2012531577631663
3635,74,1280,-0.65713146933399,5,8,0,1.010810336209308
3636,74,1280,-0.65713146933399,5,1,0,-0.1749391263198067
3637,74,1280,-0.65713146933399,7,4,0,1.3405774186105173
3638,74,1280,-0.65713146933399,5,4,0,-0.9934280081765324
3639,74,1280,-0.65713146933399,7,1,0,-0.5356012943077099
3640,74,1280,-0.65713146933399,5,4,1,-1.3836785820314754
3641,74,1280,-0.65713146933399,3,4,0,-1.860044992670506
3642,74,1280,-0.65713146933399,6,8,0,0.8647042315081063
3643,74,1280,-0.65713146933399,5,8,0,-1.4261108117297587
3644,74,1280,-0.65713146933399,5,8,0,-1.0854941485870024
3645,74,1280,-0.65713146933399,6,4,1,1.268435467144411
3646,74,1280,-0.65713146933399,6,4,0,0.3105096718859463
3647,74,1280,-0.65713146933399,5,1,0,-1.2327674913912985
3648,74,1280,-0.65713146933399,6,4,0,-0.0541469983546089
3649,74,1280,-0.65713146933399,3,8,0,-0.0527849514135589
3650,74,1280,-0.65713146933399,5,2,0,-2.1231572021454603
3651,74,1280,-0.65713146933399,4,7,0,-0.9753239500882542
3652,74,1280,-0.65713146933399,5,5,0,-1.1486307405192058
3653,74,1280,-0.65713146933399,7,8,0,1.950616614491812
3654,74,1280,-0.65713146933399,4,1,0,-2.1252370819635416
3655,74,1280,-0.65713146933399,5,2,0,1.1319903432377951
3656,74,1280,-0.65713146933399,5,1,0,-0.5672685383412605
3657,74,1280,-0.65713146933399,1,1,0,-0.7248505008889091
3658,74,1280,-0.65713146933399,6,8,0,0.0955169257475797
3659,74,1280,-0.65713146933399,3,8,0,-0.5104214082583546
3660,74,1280,-0.65713146933399,6,7,0,-1.6522355264745987
3661,74,1280,-0.65713146933399,5,8,0,-1.7009480589807429
3662,74,1280,-0.65713146933399,6,4,1,-0.9710312603388972
3663,74,1280,-0.65713146933399,6,4,0,-0.7764979106521671
3664,74,1280,-0.65713146933399,3,8,0,-1.038974125504975
3665,74,1280,-0.65713146933399,5,4,0,-0.1111102461688952
3666,74,1280,-0.65713146933399,5,4,1,-1.7107361840194897
3667,74,1280,-0.65713146933399,4,4,0,-2.896129688790438
3668,74,1280,-0.65713146933399,5,4,1,-1.5121406724229844
3669,74,1280,-0.65713146933399,5,8,0,0.4984534787654126
3670,74,1280,-0.65713146933399,4,4,0,-1.353843639860998
3671,74,1280,-0.65713146933399,6,8,1,-0.0224055913354056
3672,74,1280,-0.65713146933399,5,8,0,0.2179904553495123
3673,74,1280,-0.65713146933399,5,4,1,-1.62701361820123
3674,74,1280,-0.65713146933399,4,2,0,-0.006714939846166
3675,74,1280,-0.65713146933399,6,8,0,-1.1515661008970934
3676,74,1280,-0.65713146933399,6,2,0,1.183170148793936
3677,74,1280,-0.65713146933399,6,8,1,0.5647402475879858
3678,74,1280,-0.65713146933399,6,8,0,-0.1402286428655003
3679,74,1280,-0.65713146933399,6,3,0,0.495666305587728
3680,74,1280,-0.65713146933399,5,8,1,0.0376307888428466
3681,74,1280,-0.65713146933399,5,8,0,-0.3538676647523009
3682,74,1280,-0.65713146933399,6,8,1,-0.1634773257893588
3683,74,1280,-0.65713146933399,5,8,0,0.8396025754100577
3684,74,1280,-0.65713146933399,6,1,0,0.1867411642080381
3685,74,1280,-0.65713146933399,5,5,0,-0.0739333612855431
3686,74,1280,-0.65713146933399,6,4,0,0.344307101159524
3687,74,1280,-0.65713146933399,6,8,0,-0.1284421587164893
3688,74,1280,-0.65713146933399,6,4,0,0.3349216246462336
3689,74,1280,-0.65713146933399,6,5,0,0.461573379514304
3690,74,1280,-0.65713146933399,5,8,1,-1.024864454562051
3691,74,1280,-0.65713146933399,6,8,0,-0.2681103122537356
3692,74,1280,-0.65713146933399,7,1,1,1.3152615024897678
3693,74,1280,-0.65713146933399,6,2,0,-1.471529717792144
3694,74,1280,-0.65713146933399,6,2,0,-0.0987900480759702
3695,74,1280,-0.65713146933399,5,8,0,-1.8953454193439856
3696,74,1280,-0.65713146933399,5,8,0,-0.746060903566778
3697,74,1280,-0.65713146933399,1,8,0,-0.8460644555463518
3698,74,1280,-0.65713146933399,5,4,0,-0.5740985986636578
3699,74,1280,-0.65713146933399,5,2,0,-2.406250695737873
3700,74,1280,-0.65713146933399,5,4,0,-1.5401794458622995
3701,74,1280,-0.65713146933399,7,2,0,1.232145786582876
3702,74,1280,-0.65713146933399,5,8,0,-0.3363301145052112
3703,74,1280,-0.65713146933399,5,4,0,-1.300759098584553
3704,74,1280,-0.65713146933399,5,2,0,0.0238463206446425
3705,74,1280,-0.65713146933399,5,8,0,-1.2101649683175566
3706,74,1280,-0.65713146933399,6,8,1,-0.5804604517846826
3707,74,1280,-0.65713146933399,3,4,0,-1.2624733899511416
3708,74,1280,-0.65713146933399,4,8,0,-2.055425108411208
3709,74,1280,-0.65713146933399,5,5,0,0.2902807851699265
3710,74,1280,-0.65713146933399,5,4,0,-0.4874714102510669
3711,74,1280,-0.65713146933399,5,4,0,-0.9297559200409355
3712,74,1280,-0.65713146933399,4,8,0,-1.3343114538436989
3713,74,1280,-0.65713146933399,7,4,1,0.6724380934453984
3714,74,1280,-0.65713146933399,3,4,0,-1.6426426046772835
3715,74,1280,-0.65713146933399,5,4,0,-0.8743578635095187
3716,74,1280,-0.65713146933399,6,4,0,-0.3746512853187247
3717,74,1280,-0.65713146933399,5,8,0,-0.7038561881605723
3718,74,1280,-0.65713146933399,6,5,1,0.7181400109767195
3719,74,1280,-0.65713146933399,5,8,0,-1.9375419766602544
3720,74,1280,-0.65713146933399,5,8,0,-1.7752988421058002
3721,74,1280,-0.65713146933399,5,2,0,-0.7656588384889893
3722,74,1280,-0.65713146933399,7,4,1,2.032697691204187
3723,74,1280,-0.65713146933399,6,4,0,-0.5040551927503641
3724,74,1280,-0.65713146933399,2,2,0,-0.7800931138447673
3725,74,1280,-0.65713146933399,5,4,0,-1.2452151471094397
3726,74,1280,-0.65713146933399,6,8,0,1.0705798512923264
3727,74,1280,-0.65713146933399,4,4,0,-1.0752847414050788
3728,74,1280,-0.65713146933399,5,4,0,-0.0297365157232326
3729,74,1280,-0.65713146933399,4,4,0,-0.4207847151183854
3730,74,1280,-0.65713146933399,5,4,0,-1.6591153909284666
3731,74,1280,-0.65713146933399,6,1,0,-0.1091535970430731
3732,74,1280,-0.65713146933399,5,1,0,-0.9343591252143648
3733,74,1280,-0.65713146933399,3,4,0,-0.7692451101861455
3734,74,1280,-0.65713146933399,6,8,1,0.6769747612815356
3735,74,1280,-0.65713146933399,5,8,0,-0.5097990168036916
3736,74,1280,-0.65713146933399,3,1,0,-0.865101904903241
3737,74,1280,-0.65713146933399,6,8,0,-1.0679595629154266
3738,74,1280,-0.65713146933399,5,4,1,-1.79388340220151
3739,74,1280,-0.65713146933399,5,8,0,-0.1915482940623143
3740,74,1280,-0.65713146933399,5,7,0,-1.0832869827775973
3741,74,1280,-0.65713146933399,7,4,1,1.2133258354961751
3742,74,1280,-0.65713146933399,3,4,1,-2.08370133590684
3743,74,1280,-0.65713146933399,6,5,1,0.8483424430154091
3744,74,1280,-0.65713146933399,5,4,0,-0.0780337605359442
3745,74,1280,-0.65713146933399,6,4,0,-1.0926846332404527
3746,74,1280,-0.65713146933399,3,8,0,-1.3759321606527462
3747,74,1280,-0.65713146933399,4,4,0,-2.1991985117828508
3748,74,1280,-0.65713146933399,5,1,0,-0.4469345959961784
3749,74,1280,-0.65713146933399,6,8,1,0.5799816644642396
3750,74,1280,-0.65713146933399,4,4,0,-1.9387148185778225
3751,74,1280,-0.65713146933399,5,8,0,-2.144862935882619
3752,74,1280,-0.65713146933399,2,2,0,-0.5895815356166971
3753,74,1280,-0.65713146933399,4,4,0,-0.2096074248226111
3754,74,1280,-0.65713146933399,6,4,1,-1.5089958211872587
3755,74,1280,-0.65713146933399,6,4,0,-0.7645393109832809
3756,74,1280,-0.65713146933399,5,8,0,-0.6369763322212192
3757,74,1280,-0.65713146933399,5,8,0,-0.486782470605212
3758,74,1280,-0.65713146933399,7,4,0,0.2855189841071137
3759,74,1280,-0.65713146933399,7,4,1,0.4426219963421003
3760,74,1280,-0.65713146933399,6,8,1,-0.6496979246388362
3761,74,1280,-0.65713146933399,5,4,0,0.6613581508694302
3762,74,1280,-0.65713146933399,5,8,0,0.4326842673937229
3763,74,1280,-0.65713146933399,6,8,0,0.5102855632457459
3764,74,1280,-0.65713146933399,6,4,0,-0.7306960393270242
3765,74,1280,-0.65713146933399,6,8,0,-0.7892154125022081
3766,74,1280,-0.65713146933399,3,8,0,-1.2452304755414034
3767,74,1280,-0.65713146933399,5,8,0,-0.6749573424411685
3768,74,1280,-0.65713146933399,3,2,0,-1.9296271158401628
3769,74,1280,-0.65713146933399,6,8,0,-1.165412585241825
3770,74,1280,-0.65713146933399,5,4,1,-1.0998988963788736
3771,74,1280,-0.65713146933399,5,4,0,-0.5413218801250039
3772,74,1280,-0.65713146933399,6,4,1,0.5290073260065576
3773,74,1280,-0.65713146933399,7,4,0,0.5544895525103523
3774,74,1280,-0.65713146933399,6,4,1,-0.1715069628079585
3775,74,1280,-0.65713146933399,6,4,0,-1.507036741838519
3776,74,1280,-0.65713146933399,4,4,0,-1.3630419159627327
3777,74,1280,-0.65713146933399,5,8,1,-0.2374004426604701
3778,74,1280,-0.65713146933399,7,4,0,0.8730214951906937
3779,74,1280,-0.65713146933399,6,4,0,-0.4781795760200923
3780,74,1280,-0.65713146933399,5,5,0,-0.5633727679653115
3781,74,1280,-0.65713146933399,6,4,0,0.1964513224969436
3782,74,1280,-0.65713146933399,4,4,0,-1.2243121852347232
3783,74,1280,-0.65713146933399,7,5,0,1.449860135838667
3784,74,1280,-0.65713146933399,7,1,1,0.96003507233752
3785,74,1280,-0.65713146933399,7,8,0,1.1861066899377395
3786,74,1280,-0.65713146933399,5,8,0,-1.8695493505141692
3787,74,1280,-0.65713146933399,6,4,0,-0.4250573554043018
3788,74,1280,-0.65713146933399,5,8,0,-0.8322216089990898
3789,74,1280,-0.65713146933399,5,8,1,-2.4275821044243666
3790,74,1280,-0.65713146933399,6,8,0,0.8004604873783261
3791,74,1280,-0.65713146933399,5,2,0,-1.1893161309660814
3792,74,1280,-0.65713146933399,6,4,0,-0.9885636704911184
3793,74,1280,-0.65713146933399,5,5,1,-0.0001246978017249
3794,74,1280,-0.65713146933399,5,4,0,-0.3160448453038351
3795,74,1280,-0.65713146933399,5,8,1,-0.6617290405995964
3796,74,1280,-0.65713146933399,5,4,0,-0.591647168734407
3797,74,1280,-0.65713146933399,5,5,0,-0.5080967646055052
3798,74,1280,-0.65713146933399,5,4,0,-0.3853295145756291
3799,74,1280,-0.65713146933399,5,8,0,-1.0912336113375096
3800,74,1280,-0.65713146933399,5,4,0,0.1544520806176544
3801,74,1280,-0.65713146933399,6,3,1,0.3910926287059123
3802,74,1280,-0.65713146933399,6,4,0,-0.7947054487486271
3803,74,1280,-0.65713146933399,5,4,0,-0.264967732818702
3804,73,1192,-0.16984861258633,6,2,0,-1.4569946227161688
3805,73,1192,-0.16984861258633,5,4,1,-1.1582608172189148
3806,73,1192,-0.16984861258633,5,4,1,-1.3439897892322668
3807,73,1192,-0.16984861258633,6,8,1,-0.7345420216868417
3808,73,1192,-0.16984861258633,5,4,1,-1.1495222028025591
3809,73,1192,-0.16984861258633,5,8,1,0.0994039126656752
3810,73,1192,-0.16984861258633,6,5,0,-0.6191831139892977
3811,73,1192,-0.16984861258633,6,4,1,-0.5614664895739157
3812,73,1192,-0.16984861258633,5,3,0,-0.7078555209261972
3813,73,1192,-0.16984861258633,6,8,1,0.2499133536332156
3814,73,1192,-0.16984861258633,6,4,0,-0.1591787791798207
3815,73,1192,-0.16984861258633,5,4,1,0.343009566359687
3816,73,1192,-0.16984861258633,5,8,0,-0.4959917804114696
3817,73,1192,-0.16984861258633,4,8,0,0.7721746295267132
3818,73,1192,-0.16984861258633,5,1,0,-2.5263408536852494
3819,73,1192,-0.16984861258633,6,4,0,1.9366761034632731
3820,73,1192,-0.16984861258633,5,8,1,-1.4781905938613251
3821,73,1192,-0.16984861258633,6,4,0,-0.8196941373626031
3822,73,1192,-0.16984861258633,5,4,0,-0.9624914653495256
3823,73,1192,-0.16984861258633,6,4,0,-0.3678174171787076
3824,73,1192,-0.16984861258633,7,5,1,2.0647353364324967
3825,73,1192,-0.16984861258633,6,4,0,0.7192279755994593
3826,73,1192,-0.16984861258633,5,4,1,-2.047065442688834
3827,73,1192,-0.16984861258633,5,8,1,-0.2455480026094565
3828,73,1192,-0.16984861258633,5,1,1,-1.714631577482545
3829,73,1192,-0.16984861258633,6,4,1,-0.8689541249321749
3830,73,1192,-0.16984861258633,6,4,1,-0.4524657602007574
3831,73,1192,-0.16984861258633,4,1,0,-0.3674654988337984
3832,73,1192,-0.16984861258633,5,3,0,1.0891676942922557
3833,73,1192,-0.16984861258633,5,4,0,-1.0235557164384783
3834,73,1192,-0.16984861258633,6,4,0,-0.4663802065924505
3835,73,1192,-0.16984861258633,5,6,0,-1.1549179359501354
3836,73,1192,-0.16984861258633,7,8,0,1.255053816808272
3837,73,1192,-0.16984861258633,6,4,1,-1.7130321603958132
3838,73,1192,-0.16984861258633,5,8,1,-0.2866377429631904
3839,73,1192,-0.16984861258633,6,4,0,-1.3939304348182169
3840,73,1192,-0.16984861258633,5,4,0,0.4830383677142509
3841,73,1192,-0.16984861258633,2,1,0,-2.1957061330055514
3842,73,1192,-0.16984861258633,6,4,0,-0.3082069567288488
3843,73,1192,-0.16984861258633,5,4,0,-1.010986346375524
3844,73,1192,-0.16984861258633,5,4,1,-1.7734838256535037
3845,73,1192,-0.16984861258633,5,4,0,-2.74943715027582
3846,73,1192,-0.16984861258633,6,4,1,0.2911917714414049
3847,73,1192,-0.16984861258633,6,4,0,-0.7361966168258249
3848,73,1192,-0.16984861258633,5,8,1,-0.5071457568341999
3849,73,1192,-0.16984861258633,6,4,1,-1.0461358901250415
3850,73,1192,-0.16984861258633,6,4,0,1.071572893360928
3851,73,1192,-0.16984861258633,5,1,0,-1.0936307699083916
3852,73,1192,-0.16984861258633,6,4,0,-0.868575195474703
3853,73,1192,-0.16984861258633,7,4,0,0.5743292264747284
3854,73,1192,-0.16984861258633,4,8,1,-2.124783478482941
3855,73,1192,-0.16984861258633,6,4,1,-0.9788600998533186
3856,73,1192,-0.16984861258633,5,4,0,-2.4070242882848056
3857,73,1192,-0.16984861258633,3,4,0,-1.6291279103361045
3858,73,1192,-0.16984861258633,6,8,0,-0.5951078488610904
3859,73,1192,-0.16984861258633,7,4,1,0.3461470811060732
3860,73,1192,-0.16984861258633,6,4,0,0.413488463343135
3861,73,1192,-0.16984861258633,6,8,0,-0.4003313035672497
3862,73,1192,-0.16984861258633,6,5,1,-0.1318392480452292
3863,73,1192,-0.16984861258633,1,4,0,-1.1112064728440236
3864,73,1192,-0.16984861258633,5,8,0,-1.4710994659374863
3865,73,1192,-0.16984861258633,2,4,0,-1.5940049063926396
3866,73,1192,-0.16984861258633,6,5,0,1.0082431596123018
3867,73,1192,-0.16984861258633,5,8,0,-1.2757333062700222
3868,73,1192,-0.16984861258633,4,1,0,-2.5501294204570257
3869,73,1192,-0.16984861258633,6,5,1,-0.424062005267615
3870,73,1192,-0.16984861258633,6,8,0,-0.6362983985478903
3871,73,1192,-0.16984861258633,5,8,0,-0.5158645572966841
3872,73,1192,-0.16984861258633,1,4,1,-1.3572627040046903
3873,73,1192,-0.16984861258633,4,4,0,-0.5687400481065269
3874,73,1192,-0.16984861258633,5,4,0,-0.4853681780063735
3875,73,1192,-0.16984861258633,6,1,0,0.0754856152433463
3876,73,1192,-0.16984861258633,7,4,0,0.2302565725552058
3877,73,1192,-0.16984861258633,5,1,0,-1.7562061409167369
3878,73,1192,-0.16984861258633,6,5,0,-0.2226231375157387
3879,73,1192,-0.16984861258633,5,8,1,-2.4243833735259583
3880,73,1192,-0.16984861258633,7,1,0,0.4979336366770161
3881,73,1192,-0.16984861258633,7,8,0,-1.163706270421739
3882,73,1192,-0.16984861258633,5,1,0,-0.0420267813829354
3883,73,1192,-0.16984861258633,6,1,1,-0.0347464825325286
3884,73,1192,-0.16984861258633,5,4,0,-2.2301550357917868
3885,73,1192,-0.16984861258633,5,2,1,-0.4058561689051727
3886,73,1192,-0.16984861258633,6,4,0,-0.7411111849915033
3887,73,1192,-0.16984861258633,6,8,1,-0.1271222487942074
3888,73,1192,-0.16984861258633,5,4,0,-0.8493371146067763
3889,73,1192,-0.16984861258633,5,8,0,-0.8739869643829044
3890,73,1192,-0.16984861258633,7,8,0,0.2560790985557479
3891,73,1192,-0.16984861258633,5,4,0,-1.1247551545032397
3892,73,1192,-0.16984861258633,7,4,1,-0.0168435562833599
3893,73,1192,-0.16984861258633,7,6,0,-0.5118539216787095
3894,73,1192,-0.16984861258633,5,4,1,-0.3757264044921762
3895,73,1192,-0.16984861258633,7,4,1,-0.1138725138692077
3896,73,1192,-0.16984861258633,7,5,0,1.3622861313887764
3897,73,1192,-0.16984861258633,6,8,0,1.3446714724509663
3898,73,1192,-0.16984861258633,5,1,1,-0.1900736040284991
3899,73,1192,-0.16984861258633,6,1,1,0.1131584674477866
3900,73,1192,-0.16984861258633,6,4,1,-1.0763054789428717
3901,73,1192,-0.16984861258633,5,1,0,-1.373567219141928
3902,73,1192,-0.16984861258633,5,4,0,-2.5704467314287296
3903,73,1192,-0.16984861258633,5,1,0,-0.4704962060749949
3904,73,1192,-0.16984861258633,5,4,0,-1.1832642592130538
3905,73,1192,-0.16984861258633,5,1,1,-1.5631499766291943
3906,73,1192,-0.16984861258633,5,4,1,-0.9930747644567842
3907,73,1192,-0.16984861258633,7,8,1,0.2423609611003391
3908,73,1192,-0.16984861258633,7,8,0,0.3210823963629279
3909,73,1192,-0.16984861258633,5,2,1,-0.9363341791437554
3910,73,1192,-0.16984861258633,5,4,0,-0.1721764546167955
3911,73,1192,-0.16984861258633,4,8,0,-1.575552245929924
3912,73,1192,-0.16984861258633,5,4,0,-1.7322684702748188
3913,73,1192,-0.16984861258633,5,1,1,-1.478062669627712
3914,73,1192,-0.16984861258633,6,2,0,-0.3433274647320596
3915,73,1192,-0.16984861258633,7,4,1,0.4372017563367841
3916,73,1192,-0.16984861258633,4,1,1,-1.5325408869709776
3917,73,1192,-0.16984861258633,5,2,0,-0.7747662156178483
3918,73,1192,-0.16984861258633,6,8,1,-0.4471737698631511
3919,73,1192,-0.16984861258633,6,4,1,-1.3944227517740906
3920,73,1192,-0.16984861258633,7,8,1,-0.3550599600139244
3921,73,1192,-0.16984861258633,7,4,1,-0.3821025894200661
3922,73,1192,-0.16984861258633,6,8,0,0.2004364884291334
3923,73,1192,-0.16984861258633,6,4,0,0.286848146559124
3924,73,1192,-0.16984861258633,6,8,0,0.2704189924350988
3925,73,1192,-0.16984861258633,6,4,0,-0.4164199040759686
3926,73,1192,-0.16984861258633,7,4,0,0.4738244287254763
3927,73,1192,-0.16984861258633,3,4,1,-0.8531596843128699
3928,73,1192,-0.16984861258633,5,8,1,-0.656366619431387
3929,73,1192,-0.16984861258633,6,4,1,-0.5607579252877336
3930,73,1192,-0.16984861258633,5,4,0,-0.95733211595472
3931,73,1192,-0.16984861258633,6,4,0,1.071912438556317
3932,73,1192,-0.16984861258633,7,4,0,-0.7959321826752492
3933,73,1192,-0.16984861258633,6,4,1,0.0840088564255248
3934,73,1192,-0.16984861258633,6,8,1,-0.9282254615605768
3935,73,1192,-0.16984861258633,5,4,0,-0.5686132915629031
3936,73,1192,-0.16984861258633,6,8,0,0.8880620064640883
3937,73,1192,-0.16984861258633,6,1,1,1.3360570514272323
3938,73,1192,-0.16984861258633,6,4,0,0.2625014395730186
3939,73,1192,-0.16984861258633,6,4,1,-1.6417443535245964
3940,73,1192,-0.16984861258633,7,1,1,-0.1487758162670789
3941,73,1192,-0.16984861258633,7,5,1,1.434467627982794
3942,73,1192,-0.16984861258633,6,1,0,0.6399239212938758
3943,73,1192,-0.16984861258633,4,8,0,-0.3754456899147695
3944,73,1192,-0.16984861258633,6,4,0,-1.488880065327553
3945,73,1192,-0.16984861258633,2,8,0,-2.245205870542057
3946,73,1192,-0.16984861258633,5,4,0,-1.4031509445183763
3947,73,1192,-0.16984861258633,4,5,0,0.8576300016287135
3948,73,1192,-0.16984861258633,7,4,1,-0.2055929548819458
3949,73,1192,-0.16984861258633,6,4,0,-1.419882820772842
3950,73,1192,-0.16984861258633,5,4,1,-1.3445542956174972
3951,73,1192,-0.16984861258633,5,8,0,0.1317203318849565
3952,73,1192,-0.16984861258633,7,4,0,1.5954277866146196
3953,73,1192,-0.16984861258633,6,4,0,-1.108281952394511
3954,73,1192,-0.16984861258633,5,4,1,-1.5656103195236126
3955,73,1192,-0.16984861258633,7,8,1,-0.3860656261589372
3956,73,1192,-0.16984861258633,5,4,0,-1.3975625444128943
3957,73,1192,-0.16984861258633,5,4,1,-0.7755242259079531
3958,73,1192,-0.16984861258633,5,1,0,0.7110334201246488
3959,73,1192,-0.16984861258633,4,2,0,0.8083605375349928
3960,73,1192,-0.16984861258633,6,8,0,-1.3390683967045225
3961,73,1192,-0.16984861258633,4,8,1,-1.1156097121465132
3962,73,1192,-0.16984861258633,4,4,0,-1.680566984871996
3963,73,1192,-0.16984861258633,6,4,0,-0.4519939653800435
3964,73,1192,-0.16984861258633,5,1,0,-1.4731275287446366
3965,73,1192,-0.16984861258633,6,4,0,-2.0034957262604776
3966,73,1192,-0.16984861258633,5,4,1,-1.3703368145922614
3967,73,1192,-0.16984861258633,6,8,0,1.493575522522531
3968,73,1192,-0.16984861258633,5,4,0,-0.6503093605971674
3969,73,1192,-0.16984861258633,6,4,0,1.0327786674302413
3970,73,1192,-0.16984861258633,6,4,0,-2.003651305132672
3971,73,1192,-0.16984861258633,5,8,0,-0.5299651708431115
3972,73,1192,-0.16984861258633,6,4,0,-1.8251749793925975
3973,73,1192,-0.16984861258633,6,4,0,-0.2074014892089607
3974,73,1192,-0.16984861258633,5,4,0,-0.8417111732868684
3975,73,1192,-0.16984861258633,7,5,1,1.3732203228337527
3976,73,1192,-0.16984861258633,6,4,1,-1.044783315736808
3977,73,1192,-0.16984861258633,6,1,1,-0.5665543617732199
3978,73,1192,-0.16984861258633,6,4,1,0.0793101103504105
3979,73,1192,-0.16984861258633,6,4,1,-0.9832297689157684
3980,73,1192,-0.16984861258633,5,4,0,-1.9751699106004348
3981,73,1192,-0.16984861258633,6,2,1,-0.524772545176803
3982,73,1192,-0.16984861258633,7,4,0,0.9581116638336018
3983,73,1192,-0.16984861258633,5,1,1,-0.5617493135370892
3984,73,1192,-0.16984861258633,5,4,0,-0.9540389939152336
3985,73,1192,-0.16984861258633,5,4,0,-1.3648043644589642
3986,73,1192,-0.16984861258633,6,1,1,1.7316860778780871
3987,73,1192,-0.16984861258633,5,4,0,-0.887612007868569
3988,73,1192,-0.16984861258633,5,4,0,-0.298931974037633
3989,73,1192,-0.16984861258633,5,4,0,-1.9294990586822276
3990,73,1192,-0.16984861258633,6,4,1,-1.0711961094577334
3991,72,1016,-0.0431594609828615,5,4,0,-0.5824065685210388
3992,72,1016,-0.0431594609828615,2,8,0,-0.8687041151389306
3993,72,1016,-0.0431594609828615,5,4,0,-1.077871956966523
3994,72,1016,-0.0431594609828615,4,4,0,-0.8876715412268584
3995,72,1016,-0.0431594609828615,6,2,0,0.6635486539327915
3996,72,1016,-0.0431594609828615,6,4,1,-0.3280090690188607
3997,72,1016,-0.0431594609828615,5,4,0,-0.2827705601292806
3998,72,1016,-0.0431594609828615,4,4,1,0.5358912939726103
3999,72,1016,-0.0431594609828615,5,4,0,-1.48392369953381
4000,72,1016,-0.0431594609828615,6,4,0,0.347960399655177
4001,72,1016,-0.0431594609828615,7,8,1,0.8143762618307248
4002,72,1016,-0.0431594609828615,5,4,1,-0.3302737591781822
4003,72,1016,-0.0431594609828615,5,1,0,-0.0131950209460657
4004,72,1016,-0.0431594609828615,5,4,1,-0.2543951205403301
4005,72,1016,-0.0431594609828615,5,4,0,-0.5832763607363097
4006,72,1016,-0.0431594609828615,5,4,0,-0.0439511086027843
4007,72,1016,-0.0431594609828615,7,4,1,1.342336977815011
4008,72,1016,-0.0431594609828615,5,4,0,-0.7067023806216665
4009,72,1016,-0.0431594609828615,6,4,0,0.1275876688894255
4010,72,1016,-0.0431594609828615,4,4,0,-0.0038034509454232
4011,72,1016,-0.0431594609828615,6,4,0,0.7064809055520958
4012,72,1016,-0.0431594609828615,5,4,0,-1.1287521220317305
4013,72,1016,-0.0431594609828615,5,4,0,-1.045120133686649
4014,72,1016,-0.0431594609828615,5,8,0,-0.8045188566571665
4015,72,1016,-0.0431594609828615,4,8,0,-1.2701954314470596
4016,72,1016,-0.0431594609828615,6,8,1,1.5398961218923437
4017,72,1016,-0.0431594609828615,4,4,0,-0.4806703952657692
4018,72,1016,-0.0431594609828615,6,4,1,-1.2543764512969091
4019,72,1016,-0.0431594609828615,4,4,0,-0.4613167625647709
4020,72,1016,-0.0431594609828615,7,4,0,1.9914523125823616
4021,72,1016,-0.0431594609828615,2,4,0,-0.8477157082844736
4022,72,1016,-0.0431594609828615,5,4,0,0.2742499983684491
4023,72,1016,-0.0431594609828615,5,8,1,-0.0471178335139299
4024,72,1016,-0.0431594609828615,5,4,0,-1.3079989238414411
4025,72,1016,-0.0431594609828615,6,4,0,1.1154998860401226
4026,72,1016,-0.0431594609828615,5,4,0,-2.3239450765487435
4027,72,1016,-0.0431594609828615,5,4,0,-0.2254172233291946
4028,72,1016,-0.0431594609828615,5,4,1,0.949222106169955
4029,72,1016,-0.0431594609828615,5,4,0,-1.4729668678410168
4030,72,1016,-0.0431594609828615,4,4,0,-1.0767334404531457
4031,72,1016,-0.0431594609828615,5,8,0,1.078922000918885
4032,72,1016,-0.0431594609828615,3,4,0,-1.0194584209776585
4033,72,1016,-0.0431594609828615,4,4,0,-0.8862702742980624
4034,72,1016,-0.0431594609828615,5,4,0,-2.040111555933279
4035,72,1016,-0.0431594609828615,5,4,0,-1.885270811271503
4036,72,1016,-0.0431594609828615,6,4,1,-1.385526137923088
4037,72,1016,-0.0431594609828615,4,4,0,-0.5828017434539258
4038,72,1016,-0.0431594609828615,5,4,0,1.0572643938306052
4039,72,1016,-0.0431594609828615,6,8,1,0.4869955683597142
4040,72,1016,-0.0431594609828615,3,4,0,-0.909700791893423
4041,72,1016,-0.0431594609828615,4,4,1,-0.1723889947384418
4042,72,1016,-0.0431594609828615,7,4,0,0.8575083502504112
4043,72,1016,-0.0431594609828615,5,4,0,-0.2557993544806503
4044,72,1016,-0.0431594609828615,5,8,0,-0.2923748069721014
4045,72,1016,-0.0431594609828615,6,4,0,1.6537203581626092
4046,72,1016,-0.0431594609828615,7,1,0,1.0994346124999526
4047,72,1016,-0.0431594609828615,6,2,0,1.561231413843002
4048,72,1016,-0.0431594609828615,3,4,0,-0.2457404353625391
4049,72,1016,-0.0431594609828615,5,8,0,1.701314809426594
4050,72,1016,-0.0431594609828615,5,8,0,0.2280818786480871
4051,72,1016,-0.0431594609828615,5,4,0,-0.3651424494709014
4052,72,1016,-0.0431594609828615,6,4,1,-1.1653634649130138
4053,72,1016,-0.0431594609828615,6,4,1,0.9327710008819948
4054,72,1016,-0.0431594609828615,6,4,0,-0.7536338273272369
4055,72,1016,-0.0431594609828615,5,4,0,-1.8021057976968853
4056,72,1016,-0.0431594609828615,5,8,0,-0.1508333438588105
4057,72,1016,-0.0431594609828615,6,4,1,1.1266876034180118
4058,72,1016,-0.0431594609828615,5,4,0,-0.714976553834931
4059,72,1016,-0.0431594609828615,4,4,0,-2.1683380074438547
4060,72,1016,-0.0431594609828615,6,4,1,0.6370991230164946
4061,72,1016,-0.0431594609828615,5,1,0,-1.1631417814458826
4062,72,1016,-0.0431594609828615,7,4,1,0.8999690957935617
4063,72,1016,-0.0431594609828615,6,8,0,1.842256379210968
4064,72,1016,-0.0431594609828615,7,1,0,-0.0126852303500866
4065,72,1016,-0.0431594609828615,5,4,0,-0.4020772935277459
4066,72,1016,-0.0431594609828615,5,4,0,-0.4515004563815682
4067,72,1016,-0.0431594609828615,5,4,0,-1.1730717048803032
4068,72,1016,-0.0431594609828615,6,2,0,-0.8231140639779266
4069,72,1016,-0.0431594609828615,4,4,0,-0.8780788789277612
4070,72,1016,-0.0431594609828615,4,8,0,-1.3126089745745977
4071,72,1016,-0.0431594609828615,6,4,0,0.2350509692698305
4072,72,1016,-0.0431594609828615,4,4,0,0.9196613253071164
4073,72,1016,-0.0431594609828615,6,2,0,0.7938803285914473
4074,72,1016,-0.0431594609828615,5,4,0,-0.1070645384075433
4075,72,1016,-0.0431594609828615,3,8,0,-0.9181257431577358
4076,72,1016,-0.0431594609828615,5,4,0,-0.4343811771168982
4077,72,1016,-0.0431594609828615,4,4,0,-0.5453003133110316
4078,72,1016,-0.0431594609828615,6,4,1,-0.0635581360808637
4079,72,1016,-0.0431594609828615,5,4,0,-0.7914359509437332
4080,72,1016,-0.0431594609828615,4,4,0,-0.4313185424910137
4081,72,1016,-0.0431594609828615,5,4,0,-0.4568217423691024
4082,72,1016,-0.0431594609828615,7,4,0,0.352536477224359
4083,72,1016,-0.0431594609828615,6,4,0,0.0528253021013276
4084,72,1016,-0.0431594609828615,5,4,0,0.6059903609753581
4085,72,1016,-0.0431594609828615,6,4,1,1.1908904649945928
4086,72,1016,-0.0431594609828615,5,4,0,-0.3031562092125002
4087,72,1016,-0.0431594609828615,5,4,0,0.5662957203268371
4088,72,1016,-0.0431594609828615,6,4,0,-0.6287239571647618
4089,72,1016,-0.0431594609828615,6,8,0,-0.3793672946547457
4090,72,1016,-0.0431594609828615,6,4,0,1.134923304606083
4091,72,1016,-0.0431594609828615,4,4,0,-0.8377589603469937
4092,72,1016,-0.0431594609828615,6,4,0,-0.1308874849728199
4093,72,1016,-0.0431594609828615,6,3,1,0.7142743461301538
4094,72,1016,-0.0431594609828615,5,1,1,-0.5923945115829796
4095,72,1016,-0.0431594609828615,5,2,1,-0.5954816639798836
4096,72,1016,-0.0431594609828615,4,4,1,-0.1310631749292578
4097,72,1016,-0.0431594609828615,6,4,0,-1.2188166686228612
4098,72,1016,-0.0431594609828615,6,1,1,0.0785609496059747
4099,72,1016,-0.0431594609828615,6,4,1,0.4311072427463591
4100,72,1016,-0.0431594609828615,6,4,1,-0.7446089138403724
4101,72,1016,-0.0431594609828615,5,4,0,-1.5057573842406229
4102,72,1016,-0.0431594609828615,6,4,0,-1.600177180118137
4103,72,1016,-0.0431594609828615,6,3,0,0.7062770300542996
4104,72,1016,-0.0431594609828615,5,4,0,-0.9829068939680832
4105,72,1016,-0.0431594609828615,5,2,0,0.17050906960859
4106,72,1016,-0.0431594609828615,5,1,1,-1.7945064100222046
4107,72,1016,-0.0431594609828615,3,4,0,-1.284470186117112
4108,72,1016,-0.0431594609828615,3,4,0,0.6664453677179758
4109,72,1016,-0.0431594609828615,5,4,0,-1.3118947901569196
4110,72,1016,-0.0431594609828615,5,4,0,-0.5714768395492781
4111,72,1016,-0.0431594609828615,5,4,0,-0.3049401800618962
4112,72,1016,-0.0431594609828615,5,4,0,0.3961704197198447
4113,72,1016,-0.0431594609828615,4,4,0,-0.1974274540193035
4114,72,1016,-0.0431594609828615,5,8,0,0.8167229858896092
4115,72,1016,-0.0431594609828615,4,4,1,-0.5703114741233675
4116,72,1016,-0.0431594609828615,6,4,0,0.9030333177933504
4117,72,1016,-0.0431594609828615,5,8,0,0.5136727147312707
4118,72,1016,-0.0431594609828615,6,2,0,1.653887681474175
4119,72,1016,-0.0431594609828615,5,4,1,-1.071692481534961
4120,72,1016,-0.0431594609828615,6,4,0,0.6681026984100823
4121,72,1016,-0.0431594609828615,7,4,0,0.6782393135055269
4122,72,1016,-0.0431594609828615,1,2,0,-1.0958214195332168
4123,72,1016,-0.0431594609828615,3,4,0,-0.9227219178770772
4124,72,1016,-0.0431594609828615,6,4,0,-0.6236231153842332
4125,72,1016,-0.0431594609828615,4,8,0,-0.1324213464128274
4126,72,1016,-0.0431594609828615,7,4,0,1.1997089504930092
4127,72,1016,-0.0431594609828615,5,8,0,-0.9257318346266916
4128,72,1016,-0.0431594609828615,5,4,0,0.0716514916514834
4129,72,1016,-0.0431594609828615,5,4,0,-0.9510536803883748
4130,72,1016,-0.0431594609828615,4,4,0,-0.6229798879840855
4131,72,1016,-0.0431594609828615,5,1,0,-1.6866214302859537
4132,72,1016,-0.0431594609828615,6,4,0,-0.3791788063224977
4133,72,1016,-0.0431594609828615,6,4,1,1.0919981192660193
4134,72,1016,-0.0431594609828615,6,4,0,1.365877852274919
4135,72,1016,-0.0431594609828615,4,4,0,-1.2096896694514698
4136,72,1016,-0.0431594609828615,4,8,0,0.3014109389257672
4137,72,1016,-0.0431594609828615,4,4,0,-1.5328387811459752
4138,72,1016,-0.0431594609828615,4,4,0,-0.5938278171070366
4139,72,1016,-0.0431594609828615,6,1,0,0.6085856068622896
4140,72,1016,-0.0431594609828615,3,4,0,-0.4225283045504608
4141,72,1016,-0.0431594609828615,6,4,0,1.8926364683043413
4142,72,1016,-0.0431594609828615,3,4,0,-1.9294436009948732
4143,72,1016,-0.0431594609828615,5,1,0,0.4196394566585101
4144,72,1016,-0.0431594609828615,5,4,0,0.8074879686344559
4145,72,1016,-0.0431594609828615,5,4,1,0.0623682831653364
4146,72,1016,-0.0431594609828615,6,4,0,0.8682476625604313
4147,72,1016,-0.0431594609828615,5,4,1,-0.3686019767524139
4148,72,1016,-0.0431594609828615,5,4,0,0.0854286112117428
4149,72,1016,-0.0431594609828615,6,4,0,1.9722478671974537
4150,72,1016,-0.0431594609828615,5,4,1,-1.36156351618497
4151,72,1016,-0.0431594609828615,6,1,0,-0.6696312742082073
4152,71,161,-1.27078375154515,6,4,1,-0.0330250589287551
4153,71,161,-1.27078375154515,7,4,1,1.7156534610531071
4154,71,161,-1.27078375154515,5,2,0,1.1893662414887152
4155,71,161,-1.27078375154515,6,4,0,2.4756478332750524
4156,71,161,-1.27078375154515,6,4,0,1.3494983266232483
4157,71,161,-1.27078375154515,5,4,0,1.087234484625843
4158,71,161,-1.27078375154515,6,4,0,0.8963319370256618
4159,71,161,-1.27078375154515,5,4,0,0.8379659004429831
4160,71,161,-1.27078375154515,5,2,0,-0.1283190670860458
4161,71,161,-1.27078375154515,2,4,0,0.5044054289822342
4162,71,161,-1.27078375154515,3,1,0,1.2132746915903816
4163,71,161,-1.27078375154515,4,4,0,0.0094580394436961
4164,71,161,-1.27078375154515,5,8,0,1.5171123632604482
4165,71,161,-1.27078375154515,6,4,0,0.5522996747339901
4166,71,161,-1.27078375154515,6,4,1,-0.7296097214216509
4167,71,161,-1.27078375154515,6,4,1,0.0831281935014117
4168,71,161,-1.27078375154515,5,4,1,0.7796087093083621
4169,71,161,-1.27078375154515,6,4,1,0.2294940968090545
4170,71,161,-1.27078375154515,4,4,0,0.0276167975272175
4171,71,161,-1.27078375154515,5,8,1,1.7081867604093153
4172,71,161,-1.27078375154515,6,4,0,0.9861346738519652
4173,71,161,-1.27078375154515,4,8,0,0.2915495256916326
4174,71,161,-1.27078375154515,6,4,0,0.7104928053954748
4175,71,161,-1.27078375154515,1,4,0,-0.9511068397255305
4176,70,127,1.5016480730660302,6,4,0,-0.6809421013755871
4177,70,127,1.5016480730660302,5,1,0,-0.2785537751124685
4178,70,127,1.5016480730660302,5,2,1,0.9838925908378082
4179,70,127,1.5016480730660302,2,2,0,-1.405075357323649
4180,70,127,1.5016480730660302,4,2,0,-0.2821378223706681
4181,70,127,1.5016480730660302,5,2,0,0.2173442475257992
4182,70,127,1.5016480730660302,5,2,0,-1.2940406595781933
4183,70,127,1.5016480730660302,3,4,0,-1.9698237166688624
4184,70,127,1.5016480730660302,6,2,0,0.6181226194731528
4185,70,127,1.5016480730660302,6,8,0,0.2041628578206223
4186,70,127,1.5016480730660302,7,2,1,-0.3484917502243562
4187,70,127,1.5016480730660302,6,8,1,-0.4617322205824245
4188,70,127,1.5016480730660302,5,2,1,1.264150407336816
4189,70,127,1.5016480730660302,5,2,0,-0.4103511637147983
4190,70,127,1.5016480730660302,5,2,0,-1.4092884259607912
4191,70,127,1.5016480730660302,7,2,1,1.5822225288474612
4192,70,127,1.5016480730660302,6,2,0,0.3214684911447178
4193,70,127,1.5016480730660302,6,2,0,-0.1554412091824087
4194,70,127,1.5016480730660302,5,2,0,-1.8983799396026304
4195,70,127,1.5016480730660302,4,2,0,-0.368563110320163
4196,70,127,1.5016480730660302,5,2,0,0.4302065218165433
4197,70,127,1.5016480730660302,5,2,0,-0.3549012625590987
4198,70,127,1.5016480730660302,4,2,0,-0.6591141657082266
4199,70,127,1.5016480730660302,5,1,0,-0.1624274333776321
4200,70,127,1.5016480730660302,2,1,0,-1.6685135581079724
4201,70,127,1.5016480730660302,6,1,0,-1.6274796366926243
4202,70,127,1.5016480730660302,4,1,0,-1.4047975718211694
4203,70,127,1.5016480730660302,5,2,0,-1.2987379457864112
4204,70,127,1.5016480730660302,6,1,1,-1.0393214170512035
4205,70,127,1.5016480730660302,6,2,0,2.032623651943572
4206,70,127,1.5016480730660302,1,2,0,-0.203823419206699
4207,69,1102,-1.18551261116562,6,8,1,1.1678999380637234
4208,69,1102,-1.18551261116562,6,8,1,0.5201711852220262
4209,69,1102,-1.18551261116562,6,2,1,-0.1777531731534418
4210,69,1102,-1.18551261116562,6,1,0,-1.5933848292656805
4211,69,1102,-1.18551261116562,1,4,0,-0.837452021755523
4212,69,1102,-1.18551261116562,5,4,0,-0.5489268066470713
4213,69,1102,-1.18551261116562,5,8,1,-0.706274184069162
4214,69,1102,-1.18551261116562,5,8,0,0.1252167591473961
4215,69,1102,-1.18551261116562,6,4,0,0.1375897063494567
4216,69,1102,-1.18551261116562,5,8,1,-1.7608380559714736
4217,69,1102,-1.18551261116562,3,4,1,-1.5376417771814372
4218,69,1102,-1.18551261116562,6,1,0,-0.937947209074712
4219,69,1102,-1.18551261116562,5,8,0,-1.0585323270809823
4220,69,1102,-1.18551261116562,6,8,0,-0.5320956233084398
4221,69,1102,-1.18551261116562,3,4,1,-0.6810299832322316
4222,69,1102,-1.18551261116562,7,4,1,0.8608314839918244
4223,69,1102,-1.18551261116562,5,8,1,-1.1784441482363983
4224,69,1102,-1.18551261116562,6,1,0,0.8442389071082816
4225,69,1102,-1.18551261116562,7,2,0,0.3835549626726932
4226,69,1102,-1.18551261116562,7,2,1,1.038100415515364
4227,69,1102,-1.18551261116562,6,8,0,0.3551591348534469
4228,69,1102,-1.18551261116562,6,4,1,-1.4273525889368004
4229,69,1102,-1.18551261116562,5,8,1,0.1731235026274301
4230,69,1102,-1.18551261116562,7,3,0,-0.6716819122325625
4231,69,1102,-1.18551261116562,5,8,0,-0.9602438265946748
4232,69,1102,-1.18551261116562,6,1,1,0.0625668724990296
4233,69,1102,-1.18551261116562,5,5,0,-0.3542128120516241
4234,69,1102,-1.18551261116562,5,2,0,-1.3172243221957995
4235,69,1102,-1.18551261116562,6,8,1,0.3941197844273683
4236,69,1102,-1.18551261116562,5,4,1,-0.6679038030237576
4237,69,1102,-1.18551261116562,4,1,0,-2.027476884101234
4238,69,1102,-1.18551261116562,5,1,1,-0.5386081816191111
4239,69,1102,-1.18551261116562,5,8,0,-1.044609946304639
4240,69,1102,-1.18551261116562,7,4,0,-1.5174159655994968
4241,69,1102,-1.18551261116562,3,4,0,-0.6699866427434852
4242,69,1102,-1.18551261116562,6,8,1,-0.4557811035909769
4243,69,1102,-1.18551261116562,5,4,0,-1.86750522597578
4244,69,1102,-1.18551261116562,6,8,1,-0.7900738137698022
4245,69,1102,-1.18551261116562,6,8,1,-0.3519157721997705
4246,69,1102,-1.18551261116562,5,1,0,-1.8069319804289927
4247,69,1102,-1.18551261116562,5,8,0,-0.9635122613149494
4248,69,1102,-1.18551261116562,6,5,0,0.3500105157786782
4249,69,1102,-1.18551261116562,4,4,0,-1.1918104715643425
4250,69,1102,-1.18551261116562,5,8,0,-1.9036524247561533
4251,69,1102,-1.18551261116562,6,8,0,-0.7946439183725027
4252,69,1102,-1.18551261116562,6,4,1,-0.4840246424207702
4253,69,1102,-1.18551261116562,6,8,1,0.0035630351092214
4254,69,1102,-1.18551261116562,5,8,0,-0.7069675376704193
4255,69,1102,-1.18551261116562,7,8,1,0.3022691413193537
4256,69,1102,-1.18551261116562,4,4,0,-2.507026198990288
4257,69,1102,-1.18551261116562,6,5,1,0.4845971995697427
4258,69,1102,-1.18551261116562,6,4,0,0.2560718053970377
4259,69,1102,-1.18551261116562,5,4,0,-1.2877364021462467
4260,69,1102,-1.18551261116562,5,4,1,-0.5631723016833248
4261,69,1102,-1.18551261116562,6,8,0,-0.3379495434873631
4262,69,1102,-1.18551261116562,5,4,1,-0.462338635559612
4263,69,1102,-1.18551261116562,5,4,1,-1.9758995265997248
4264,69,1102,-1.18551261116562,6,4,1,1.4813065336503883
4265,69,1102,-1.18551261116562,5,4,1,-1.8655022690382923
4266,69,1102,-1.18551261116562,6,8,1,0.2936194065393124
4267,69,1102,-1.18551261116562,5,2,1,-0.624714160737126
4268,69,1102,-1.18551261116562,5,4,0,-1.345363888269718
4269,69,1102,-1.18551261116562,5,4,1,-1.0217311399980842
4270,69,1102,-1.18551261116562,6,8,1,-0.2228601935817437
4271,69,1102,-1.18551261116562,5,8,0,0.3605946611890998
4272,69,1102,-1.18551261116562,6,4,0,-0.0836567503663535
4273,69,1102,-1.18551261116562,6,2,0,1.206409618158772
4274,69,1102,-1.18551261116562,5,4,0,-1.1478136475693494
4275,69,1102,-1.18551261116562,5,8,1,-1.4417972011070388
4276,69,1102,-1.18551261116562,5,2,1,-1.927966113670353
4277,69,1102,-1.18551261116562,5,4,1,-1.6399475419154017
4278,69,1102,-1.18551261116562,5,5,1,-0.3553047184044904
4279,69,1102,-1.18551261116562,7,4,1,-0.4942378904825919
4280,69,1102,-1.18551261116562,6,4,1,-0.2286768141724114
4281,69,1102,-1.18551261116562,5,4,0,0.2143874547242239
4282,69,1102,-1.18551261116562,7,8,1,-0.1224702261919527
4283,69,1102,-1.18551261116562,1,8,0,-1.4427985852067564
4284,69,1102,-1.18551261116562,6,2,0,-1.4046806371751883
4285,69,1102,-1.18551261116562,6,2,1,0.0658573491557502
4286,69,1102,-1.18551261116562,6,8,1,0.3993061610295455
4287,69,1102,-1.18551261116562,6,8,0,-0.0971346953736807
4288,69,1102,-1.18551261116562,5,4,0,-1.2941835392794423
4289,69,1102,-1.18551261116562,6,1,1,0.0912154885874636
4290,69,1102,-1.18551261116562,5,2,0,-0.7835886231752777
4291,69,1102,-1.18551261116562,6,4,0,-0.1209560423111325
4292,69,1102,-1.18551261116562,6,8,1,-0.720847821462339
4293,69,1102,-1.18551261116562,5,2,1,-1.028787631165088
4294,69,1102,-1.18551261116562,5,5,0,-0.3973020883435066
4295,69,1102,-1.18551261116562,3,2,0,-2.068221085135861
4296,69,1102,-1.18551261116562,3,4,1,-2.051289290704754
4297,69,1102,-1.18551261116562,2,8,0,-0.3572804800433146
4298,69,1102,-1.18551261116562,4,8,1,-0.9492610754014468
4299,69,1102,-1.18551261116562,6,4,1,-0.1976474963856306
4300,69,1102,-1.18551261116562,6,8,1,-0.0876784009482767
4301,69,1102,-1.18551261116562,6,4,1,-0.5616531001488321
4302,69,1102,-1.18551261116562,5,2,0,-1.2596712695474217
4303,69,1102,-1.18551261116562,6,8,0,-0.154145511612875
4304,69,1102,-1.18551261116562,6,4,0,-1.6310623113464031
4305,69,1102,-1.18551261116562,6,4,1,0.2031435644416694
4306,69,1102,-1.18551261116562,6,4,1,0.7105684523429889
4307,69,1102,-1.18551261116562,6,8,0,0.9893328731430564
4308,69,1102,-1.18551261116562,6,4,1,0.3198673671051709
4309,69,1102,-1.18551261116562,5,4,0,-1.2560958459101172
4310,69,1102,-1.18551261116562,6,4,0,0.6231903249035232
4311,69,1102,-1.18551261116562,5,4,1,-1.7711177672939709
4312,69,1102,-1.18551261116562,6,4,0,-0.134194894221521
4313,69,1102,-1.18551261116562,6,2,1,-0.5861840366743103
4314,69,1102,-1.18551261116562,4,5,1,-0.3194912372550371
4315,69,1102,-1.18551261116562,5,8,0,-1.1111196548659157
4316,69,1102,-1.18551261116562,5,8,0,-0.8977101804398577
4317,69,1102,-1.18551261116562,5,4,0,-1.4773052830508226
4318,69,1102,-1.18551261116562,6,4,0,-0.3557750215557982
4319,69,1102,-1.18551261116562,6,8,0,-0.1030436538812343
4320,69,1102,-1.18551261116562,5,8,0,-0.9669643667126312
4321,69,1102,-1.18551261116562,4,1,0,-1.3088795378412983
4322,69,1102,-1.18551261116562,7,4,0,0.9650897249687094
4323,69,1102,-1.18551261116562,5,4,0,-1.91165588151414
4324,69,1102,-1.18551261116562,3,2,0,-0.5402656534538693
4325,69,1102,-1.18551261116562,5,8,0,-0.6801045492279622
4326,69,1102,-1.18551261116562,5,8,1,-1.1425444457877825
4327,69,1102,-1.18551261116562,4,3,1,-1.0840519171862923
4328,69,1102,-1.18551261116562,5,8,0,1.0989219597993458
4329,69,1102,-1.18551261116562,5,2,0,0.6604635857577256
4330,69,1102,-1.18551261116562,6,2,1,-1.4063391307081825
4331,69,1102,-1.18551261116562,6,4,1,-1.900209720065526
4332,69,1102,-1.18551261116562,6,4,1,-1.4672276101893804
4333,69,1102,-1.18551261116562,5,8,0,-1.1853356134074464
4334,69,1102,-1.18551261116562,6,2,0,-0.3778073946883347
4335,69,1102,-1.18551261116562,7,4,1,-0.1359719780171795
4336,69,1102,-1.18551261116562,4,4,1,-1.2479056472215435
4337,69,1102,-1.18551261116562,5,2,1,-0.2954927515440659
4338,69,1102,-1.18551261116562,6,8,0,1.6643984768848596
4339,69,1102,-1.18551261116562,5,8,1,-0.94612643660809
4340,69,1102,-1.18551261116562,6,2,1,-0.702830870337317
4341,69,1102,-1.18551261116562,5,4,0,-0.6457167399408701
4342,69,1102,-1.18551261116562,5,4,1,-1.4587200788471533
4343,69,1102,-1.18551261116562,6,2,1,0.8696399604980575
4344,69,1102,-1.18551261116562,5,2,1,-1.2560942795567311
4345,69,1102,-1.18551261116562,5,4,0,-0.6117275362053481
4346,69,1102,-1.18551261116562,6,4,1,-0.2887829541740312
4347,69,1102,-1.18551261116562,6,2,0,1.6002198450003473
4348,69,1102,-1.18551261116562,6,8,0,-0.4356497960347758
4349,69,1102,-1.18551261116562,6,4,0,-0.7413764626056302
4350,69,1102,-1.18551261116562,6,4,0,0.0660595855420403
4351,69,1102,-1.18551261116562,5,8,1,1.0677585024881588
4352,69,1102,-1.18551261116562,5,5,1,-0.9435275356538684
4353,69,1102,-1.18551261116562,5,2,0,-1.572805818880272
4354,69,1102,-1.18551261116562,6,5,1,1.7549683317210054
4355,69,1102,-1.18551261116562,6,8,1,-1.3960395879444891
4356,69,1102,-1.18551261116562,4,2,1,-1.636815858668976
4357,69,1102,-1.18551261116562,6,8,1,-0.2935703866441569
4358,69,1102,-1.18551261116562,6,2,0,1.5613399300156636
4359,69,1102,-1.18551261116562,6,4,0,-1.875519329193028
4360,69,1102,-1.18551261116562,5,2,0,-0.8106603095497392
4361,69,1102,-1.18551261116562,5,5,1,-1.4620142243205068
4362,69,1102,-1.18551261116562,6,8,0,-0.835848748247316
4363,69,1102,-1.18551261116562,6,8,0,-1.1490906103949854
4364,69,1102,-1.18551261116562,4,8,1,-1.903006280952971
4365,69,1102,-1.18551261116562,5,4,1,-0.2650208216620036
4366,69,1102,-1.18551261116562,4,4,0,-1.8957717748269205
4367,68,426,1.5104148426976898,7,2,0,0.7511281495208204
4368,68,426,1.5104148426976898,4,2,0,-0.3085855035433043
4369,68,426,1.5104148426976898,6,2,1,1.4795370744726353
4370,68,426,1.5104148426976898,6,8,1,0.0349365841501102
4371,68,426,1.5104148426976898,5,2,0,-1.2758059093517682
4372,68,426,1.5104148426976898,4,2,0,1.0599336411848166
4373,68,426,1.5104148426976898,3,2,0,0.5955784060084466
4374,68,426,1.5104148426976898,6,8,0,0.7664366766757621
4375,68,426,1.5104148426976898,4,2,1,-1.1478145086208926
4376,68,426,1.5104148426976898,7,1,1,1.3324230361246767
4377,68,426,1.5104148426976898,6,2,0,0.3222181369760299
4378,68,426,1.5104148426976898,6,5,1,-0.9868474346984274
4379,68,426,1.5104148426976898,6,5,1,1.5320058521349922
4380,68,426,1.5104148426976898,6,1,0,-0.2392405819603531
4381,68,426,1.5104148426976898,5,6,0,0.8109907023717091
4382,68,426,1.5104148426976898,2,8,0,-0.4583406147588154
4383,68,426,1.5104148426976898,5,4,1,-0.5583496345459358
4384,68,426,1.5104148426976898,6,2,0,0.784881690424373
4385,68,426,1.5104148426976898,2,4,0,-1.9872714163981076
4386,68,426,1.5104148426976898,4,2,1,0.8943641023846748
4387,68,426,1.5104148426976898,5,1,0,0.2753365657089821
4388,68,426,1.5104148426976898,6,1,1,0.7883787414419171
4389,68,426,1.5104148426976898,6,8,0,0.6463899056478123
4390,68,426,1.5104148426976898,6,1,0,-0.3594882531281374
4391,68,426,1.5104148426976898,5,8,0,0.5511739123889011
4392,68,426,1.5104148426976898,5,2,0,0.0234316968426235
4393,68,426,1.5104148426976898,4,2,0,0.0040529618678723
4394,68,426,1.5104148426976898,6,1,1,1.8273163478518832
4395,68,426,1.5104148426976898,4,1,0,1.1176906300264782
4396,68,426,1.5104148426976898,5,1,0,-0.3166500570171646
4397,68,426,1.5104148426976898,5,2,0,0.20721691943594
4398,68,426,1.5104148426976898,3,8,0,-0.1410872589762845
4399,68,426,1.5104148426976898,3,1,0,-0.5645070646958055
4400,68,426,1.5104148426976898,2,8,0,1.2176285415725323
4401,68,426,1.5104148426976898,3,8,0,0.4416777436137957
4402,68,426,1.5104148426976898,5,1,0,-0.1011149979534094
4403,68,426,1.5104148426976898,6,4,0,0.7605858299624615
4404,68,426,1.5104148426976898,4,2,0,-0.1518389974055426
4405,68,426,1.5104148426976898,5,1,0,0.8639793563879296
4406,68,426,1.5104148426976898,3,8,0,-0.2391258841192389
4407,68,426,1.5104148426976898,5,8,1,0.0975568129653816
4408,68,426,1.5104148426976898,5,1,0,0.1472421431506928
4409,68,426,1.5104148426976898,4,1,0,-0.4659372848990853
4410,68,426,1.5104148426976898,4,8,0,-1.286511008833479
4411,68,426,1.5104148426976898,3,1,0,-2.1223570237451543
4412,68,426,1.5104148426976898,5,8,0,1.25345273740961
4413,68,426,1.5104148426976898,6,8,0,0.4496972371756213
4414,68,426,1.5104148426976898,3,1,0,-1.253214668308005
4415,68,426,1.5104148426976898,5,1,0,-0.5062025788192123
4416,68,426,1.5104148426976898,7,8,1,0.5331180859069931
4417,68,426,1.5104148426976898,4,8,0,-0.1514128343446738
4418,68,426,1.5104148426976898,7,1,0,2.3036480449747248
4419,68,426,1.5104148426976898,6,1,1,2.103041667003985
4420,68,426,1.5104148426976898,5,8,1,1.53536152455092
4421,68,426,1.5104148426976898,2,1,0,-1.5553886720177073
4422,68,426,1.5104148426976898,5,1,0,-0.342830873515548
4423,68,426,1.5104148426976898,1,8,0,-0.6926119183008504
4424,68,426,1.5104148426976898,4,1,0,-1.6960916386580416
4425,68,426,1.5104148426976898,4,2,0,-1.6875919845350242
4426,68,426,1.5104148426976898,5,8,1,-1.0251252466037113
4427,68,426,1.5104148426976898,2,8,0,-1.2675477814773968
4428,68,426,1.5104148426976898,7,2,1,1.3812561129114376
4429,68,426,1.5104148426976898,7,1,1,2.724718791861835
4430,68,426,1.5104148426976898,4,8,0,-0.3867849675430254
4431,68,426,1.5104148426976898,6,8,0,-0.1370635338712426
4432,68,426,1.5104148426976898,3,1,0,-1.137334963965374
4433,68,426,1.5104148426976898,3,1,0,0.1407522745743628
4434,68,426,1.5104148426976898,5,1,0,-1.570313067336829
4435,68,426,1.5104148426976898,4,4,0,-0.3337825619096828
4436,68,426,1.5104148426976898,5,8,0,-1.440467280671455
4437,68,426,1.5104148426976898,5,8,0,0.575016315293135
4438,68,426,1.5104148426976898,6,1,1,0.8256583832248773
4439,67,790,0.0545861480591116,6,4,0,-1.4928221076448704
4440,67,790,0.0545861480591116,6,2,1,0.2651427911428307
4441,67,790,0.0545861480591116,5,4,0,0.8924198889665317
4442,67,790,0.0545861480591116,5,1,0,-0.391278580066324
4443,67,790,0.0545861480591116,6,2,0,0.544308395491009
4444,67,790,0.0545861480591116,6,4,0,0.8898932600717245
4445,67,790,0.0545861480591116,7,8,1,1.1776079491258944
4446,67,790,0.0545861480591116,3,2,1,-0.4018514984597494
4447,67,790,0.0545861480591116,6,2,0,1.189745955531311
4448,67,790,0.0545861480591116,5,4,0,0.0155403440771203
4449,67,790,0.0545861480591116,5,5,0,-0.4388442685840951
4450,67,790,0.0545861480591116,7,4,0,1.8159547142149195
4451,67,790,0.0545861480591116,6,2,0,0.2472494243446725
4452,67,790,0.0545861480591116,5,2,0,0.6851272220839856
4453,67,790,0.0545861480591116,5,2,0,-1.3223356975447251
4454,67,790,0.0545861480591116,6,4,1,-0.3011346635024082
4455,67,790,0.0545861480591116,6,4,0,-0.3795795826891742
4456,67,790,0.0545861480591116,5,2,0,0.3423054170634111
4457,67,790,0.0545861480591116,4,8,1,-1.282992284020776
4458,67,790,0.0545861480591116,5,8,0,-2.2811524793968254
4459,67,790,0.0545861480591116,4,4,1,-2.1616129680099387
4460,67,790,0.0545861480591116,5,4,1,-0.8418267875068213
4461,67,790,0.0545861480591116,6,4,0,-0.2531808028957494
4462,67,790,0.0545861480591116,6,4,1,0.4446043245939153
4463,67,790,0.0545861480591116,5,4,1,-0.7210132290260814
4464,67,790,0.0545861480591116,6,8,1,-0.044826820011667
4465,67,790,0.0545861480591116,5,1,0,-0.3182215815900799
4466,67,790,0.0545861480591116,6,4,0,-1.1150196389333102
4467,67,790,0.0545861480591116,4,8,0,-0.9547955266245932
4468,67,790,0.0545861480591116,6,4,0,-1.1565304492334103
4469,67,790,0.0545861480591116,5,1,0,-1.111561093672552
4470,67,790,0.0545861480591116,3,8,0,0.7782178859510558
4471,67,790,0.0545861480591116,6,4,0,-0.9556487776549062
4472,67,790,0.0545861480591116,5,4,1,0.7411183073094336
4473,67,790,0.0545861480591116,6,2,0,0.2065959743257944
4474,67,790,0.0545861480591116,6,4,0,0.0018462944458838
4475,67,790,0.0545861480591116,6,2,0,-0.8515696545076108
4476,67,790,0.0545861480591116,4,8,1,-0.8258188254434234
4477,67,790,0.0545861480591116,5,4,0,0.3922571386970563
4478,67,790,0.0545861480591116,6,2,0,-1.0458512189101
4479,67,790,0.0545861480591116,5,2,0,-0.5598220173740446
4480,67,790,0.0545861480591116,6,4,0,-0.6034522054124658
4481,67,790,0.0545861480591116,5,4,1,-0.1230642236118829
4482,67,790,0.0545861480591116,4,4,1,-0.2672416666120293
4483,67,790,0.0545861480591116,5,8,1,-0.0936511569972096
4484,67,790,0.0545861480591116,6,4,1,0.1650616625849243
4485,67,790,0.0545861480591116,7,1,1,-0.5836319633498934
4486,67,790,0.0545861480591116,4,4,1,-0.5115532038083059
4487,67,790,0.0545861480591116,6,4,0,-1.2450698453613105
4488,67,790,0.0545861480591116,6,8,1,0.3583357728627532
4489,67,790,0.0545861480591116,6,2,1,-0.0327476750053183
4490,67,790,0.0545861480591116,5,2,0,-0.6076347999142508
4491,67,790,0.0545861480591116,5,2,0,-0.9443786671365376
4492,67,790,0.0545861480591116,6,5,0,1.1890252692416934
4493,67,790,0.0545861480591116,5,4,1,-0.8209786617040308
4494,67,790,0.0545861480591116,5,4,1,-1.829954335782314
4495,67,790,0.0545861480591116,6,5,1,-0.4129476350803879
4496,67,790,0.0545861480591116,6,2,0,0.6569456349044276
4497,67,790,0.0545861480591116,6,4,1,0.1066477936185743
4498,67,790,0.0545861480591116,5,2,0,0.2290793417347758
4499,67,790,0.0545861480591116,6,2,1,0.3844263697148809
4500,67,790,0.0545861480591116,4,4,0,-1.8420219239911768
4501,67,790,0.0545861480591116,3,2,1,-1.7452294181020545
4502,67,790,0.0545861480591116,5,8,0,-1.3745435549707097
4503,67,790,0.0545861480591116,6,8,1,0.2620730712559072
4504,67,790,0.0545861480591116,6,8,1,-0.4073457456671986
4505,67,790,0.0545861480591116,6,4,1,0.2169993702682512
4506,67,790,0.0545861480591116,6,2,1,-0.6301993827314413
4507,67,790,0.0545861480591116,6,8,0,1.16546587331445
4508,67,790,0.0545861480591116,5,2,1,0.5212595514097159
4509,67,790,0.0545861480591116,7,4,1,0.5517932411335765
4510,67,790,0.0545861480591116,6,2,0,0.6154437056442429
4511,67,790,0.0545861480591116,5,4,0,-0.6473360242918517
4512,67,790,0.0545861480591116,5,2,1,-0.991844528077842
4513,67,790,0.0545861480591116,6,8,1,-0.3692495024196029
4514,67,790,0.0545861480591116,6,5,1,0.1952900936726345
4515,67,790,0.0545861480591116,5,4,0,-0.4193078391035469
4516,67,790,0.0545861480591116,4,4,0,-0.2113868714039053
4517,67,790,0.0545861480591116,4,4,0,-1.061743907642969
4518,67,790,0.0545861480591116,6,4,0,0.3231396289080766
4519,67,790,0.0545861480591116,4,4,0,-1.0942974040195947
4520,67,790,0.0545861480591116,5,2,0,-0.2449017166291199
4521,67,790,0.0545861480591116,6,2,0,0.9633204699019804
4522,67,790,0.0545861480591116,5,2,1,-0.287988615817435
4523,67,790,0.0545861480591116,6,2,0,0.5300883231580111
4524,67,790,0.0545861480591116,5,8,0,-0.9342686241941244
4525,67,790,0.0545861480591116,5,8,0,-0.4426935075163543
4526,67,790,0.0545861480591116,6,2,0,-0.7679688904547209
4527,67,790,0.0545861480591116,6,8,0,-0.0732880844417668
4528,67,790,0.0545861480591116,5,4,1,-1.7053523005021194
4529,67,790,0.0545861480591116,5,4,1,-0.3284186403670186
4530,67,790,0.0545861480591116,6,8,0,0.8328490274853327
4531,67,790,0.0545861480591116,5,5,0,-0.9940960307576764
4532,67,790,0.0545861480591116,5,8,0,-0.4316987771109339
4533,67,790,0.0545861480591116,6,2,1,0.7376161084404541
4534,67,790,0.0545861480591116,3,2,0,-0.7125910129158354
4535,67,790,0.0545861480591116,6,4,1,-0.0666910859366174
4536,67,790,0.0545861480591116,6,2,1,0.8289072192550114
4537,67,790,0.0545861480591116,6,4,0,-0.7565490280853291
4538,67,790,0.0545861480591116,6,4,0,0.4224733565660641
4539,67,790,0.0545861480591116,5,4,1,-0.1114133306878659
4540,67,790,0.0545861480591116,3,8,0,-0.8123531659329029
4541,67,790,0.0545861480591116,6,2,0,-0.9729699077103664
4542,67,790,0.0545861480591116,5,2,0,0.5321496023589225
4543,67,790,0.0545861480591116,6,4,0,0.2699803250620258
4544,67,790,0.0545861480591116,6,2,1,-0.6128784054228271
4545,67,790,0.0545861480591116,5,2,0,-2.037721913808121
4546,67,790,0.0545861480591116,4,4,1,-1.400642000367898
4547,67,790,0.0545861480591116,6,8,1,0.4552628011037385
4548,67,790,0.0545861480591116,6,8,1,0.6092623146363859
4549,67,790,0.0545861480591116,5,2,1,0.1035210566001554
4550,67,790,0.0545861480591116,6,8,0,-0.5267837230496589
4551,67,790,0.0545861480591116,5,6,1,0.8421549714221442
4552,67,790,0.0545861480591116,5,4,0,-0.2532151590372204
4553,67,790,0.0545861480591116,6,2,1,0.906266767677767
4554,67,790,0.0545861480591116,5,2,0,-0.3683270263045577
4555,67,790,0.0545861480591116,6,2,1,0.2583004652695245
4556,67,790,0.0545861480591116,5,4,0,-1.1056449672041642
4557,67,790,0.0545861480591116,6,4,1,1.3600065373187349
4558,67,790,0.0545861480591116,5,5,1,-0.2070268661456679
4559,67,790,0.0545861480591116,6,2,1,0.4788374239643432
4560,67,790,0.0545861480591116,5,5,1,-1.3389020030726395
4561,67,790,0.0545861480591116,5,2,0,-0.5795146621679367
4562,67,790,0.0545861480591116,5,1,0,1.133400541878222
4563,67,790,0.0545861480591116,5,8,0,0.3719341453248493
4564,67,790,0.0545861480591116,6,8,1,1.1519878866748128
4565,66,861,-0.8052885122688821,6,4,0,1.877063400385208
4566,66,861,-0.8052885122688821,5,2,0,1.6834096597791008
4567,66,861,-0.8052885122688821,5,4,0,-0.0327810628044805
4568,66,861,-0.8052885122688821,5,3,0,0.478751755274881
4569,66,861,-0.8052885122688821,7,8,1,2.3869670972933754
4570,66,861,-0.8052885122688821,5,4,0,-2.133468838947471
4571,66,861,-0.8052885122688821,4,4,1,-0.093883096929295
4572,66,861,-0.8052885122688821,6,8,0,2.1347395208444757
4573,66,861,-0.8052885122688821,4,2,1,-1.4744602643775129
4574,66,861,-0.8052885122688821,7,8,1,2.010307312998379
4575,66,861,-0.8052885122688821,2,8,0,-1.0513593589933898
4576,66,861,-0.8052885122688821,4,2,0,0.0746764256897306
4577,66,861,-0.8052885122688821,6,1,1,1.0452358267540536
4578,66,861,-0.8052885122688821,4,8,0,-0.0779039243953632
4579,66,861,-0.8052885122688821,5,2,0,-0.7030796527918723
4580,66,861,-0.8052885122688821,5,4,0,-0.0378418022758972
4581,66,861,-0.8052885122688821,6,8,0,-0.008623445148169
4582,66,861,-0.8052885122688821,7,4,0,2.20295443109092
4583,66,861,-0.8052885122688821,7,4,0,1.934089519498022
4584,66,861,-0.8052885122688821,5,8,0,-0.9280766574437992
4585,66,861,-0.8052885122688821,4,2,0,-0.7592943298137362
4586,66,861,-0.8052885122688821,6,8,0,2.191874248561489
4587,66,861,-0.8052885122688821,5,4,0,-0.3466527695797619
4588,66,861,-0.8052885122688821,5,4,1,-0.3114555366940361
4589,66,861,-0.8052885122688821,6,8,1,1.0121343934303628
4590,66,861,-0.8052885122688821,6,4,0,0.7798695281792878
4591,66,861,-0.8052885122688821,4,2,0,-0.0699046737197414
4592,66,861,-0.8052885122688821,7,4,1,1.864857241823264
4593,66,861,-0.8052885122688821,5,4,0,-0.0100945431654975
4594,66,861,-0.8052885122688821,3,2,0,-0.8003729482673404
4595,66,861,-0.8052885122688821,5,2,0,0.5185586681866146
4596,66,861,-0.8052885122688821,6,8,0,0.498122133089917
4597,66,861,-0.8052885122688821,5,1,0,-1.08821642479611
4598,66,861,-0.8052885122688821,5,8,0,-1.6408218655427245
4599,66,861,-0.8052885122688821,6,1,1,0.2978632529918354
4600,66,861,-0.8052885122688821,7,4,1,0.3476695268233841
4601,66,861,-0.8052885122688821,4,2,0,-0.9581223116101314
4602,66,861,-0.8052885122688821,6,4,0,-0.0722759504398391
4603,66,861,-0.8052885122688821,5,2,0,0.4592251416895356
4604,66,861,-0.8052885122688821,5,2,1,0.4549910384986541
4605,66,861,-0.8052885122688821,4,4,1,-0.7215788187504457
4606,66,861,-0.8052885122688821,4,8,0,-0.0941263525510595
4607,66,861,-0.8052885122688821,5,2,0,1.7785880909085268
4608,66,861,-0.8052885122688821,6,4,0,1.7927720989287232
4609,66,861,-0.8052885122688821,4,1,0,0.701039033692163
4610,66,861,-0.8052885122688821,7,2,1,1.4832017657762595
4611,66,861,-0.8052885122688821,5,8,0,1.418681979190305
4612,66,861,-0.8052885122688821,5,4,0,0.277321200945278
4613,66,861,-0.8052885122688821,4,4,0,0.389243530571106
4614,66,861,-0.8052885122688821,5,8,0,-0.4102116868217856
4615,66,861,-0.8052885122688821,5,5,0,-0.1773813453368574
4616,66,861,-0.8052885122688821,5,2,0,1.3068510070813804
4617,66,861,-0.8052885122688821,3,8,0,0.0749473931085455
4618,66,861,-0.8052885122688821,6,2,0,1.0514276031824812
4619,66,861,-0.8052885122688821,4,8,0,-1.5926942499697103
4620,66,861,-0.8052885122688821,6,8,1,-0.4751740089567466
4621,66,861,-0.8052885122688821,5,8,1,-0.9395683737896612
4622,66,861,-0.8052885122688821,4,2,0,0.6794791535782619
4623,66,861,-0.8052885122688821,4,8,0,-0.5575954436252676
4624,66,861,-0.8052885122688821,5,4,0,-0.0473073288416791
4625,66,861,-0.8052885122688821,6,8,0,1.851025553769442
4626,66,861,-0.8052885122688821,7,4,1,2.0788506048188435
4627,66,861,-0.8052885122688821,5,4,0,0.0812192033217534
4628,66,861,-0.8052885122688821,5,8,0,-1.2548514591789282
4629,66,861,-0.8052885122688821,5,4,0,1.0030884493812593
4630,66,861,-0.8052885122688821,3,8,0,-0.6991376299572305
4631,66,861,-0.8052885122688821,6,8,1,-0.1330034119843771
4632,66,861,-0.8052885122688821,3,4,0,-0.7814043568556989
4633,66,861,-0.8052885122688821,7,1,0,0.4629040238581715
4634,66,861,-0.8052885122688821,6,4,0,1.0278079059087497
4635,66,861,-0.8052885122688821,5,8,0,0.8204055414886571
4636,66,861,-0.8052885122688821,6,4,1,0.1485688712942203
4637,66,861,-0.8052885122688821,7,4,1,3.0225685431835783
4638,66,861,-0.8052885122688821,6,4,1,0.5166307266032865
4639,66,861,-0.8052885122688821,5,8,0,-1.180484970147316
4640,66,861,-0.8052885122688821,6,4,0,0.5790399034722761
4641,66,861,-0.8052885122688821,3,8,0,-0.418517856766329
4642,66,861,-0.8052885122688821,5,4,0,0.2133245809449947
4643,66,861,-0.8052885122688821,6,2,0,-0.2867742277241414
4644,66,861,-0.8052885122688821,4,4,0,-0.8711386412286816
4645,66,861,-0.8052885122688821,6,4,1,0.4842150261475555
4646,66,861,-0.8052885122688821,5,8,0,-0.1989546822982627
4647,66,861,-0.8052885122688821,5,8,0,-0.0692023816633034
4648,66,861,-0.8052885122688821,6,4,1,0.0403407671353989
4649,66,861,-0.8052885122688821,4,2,0,0.4917332741677109
4650,66,861,-0.8052885122688821,7,6,1,-0.1207319651027848
4651,66,861,-0.8052885122688821,5,4,1,0.4834406062494683
4652,66,861,-0.8052885122688821,7,4,0,1.395413285559688
4653,66,861,-0.8052885122688821,6,4,0,1.0167375216836352
4654,66,861,-0.8052885122688821,6,8,1,1.1831430024669718
4655,66,861,-0.8052885122688821,5,4,0,-1.4427534170591978
4656,66,861,-0.8052885122688821,4,4,0,-0.6585038436434348
4657,66,861,-0.8052885122688821,5,8,0,1.0286854219008243
4658,66,861,-0.8052885122688821,5,1,0,-1.0536942180142663
4659,66,861,-0.8052885122688821,5,4,0,-0.0237795075686882
4660,66,861,-0.8052885122688821,5,2,1,-0.6217713616548307
4661,66,861,-0.8052885122688821,7,4,1,1.160381784216204
4662,66,861,-0.8052885122688821,6,8,1,0.6629377493942276
4663,66,861,-0.8052885122688821,5,8,0,0.4860225270672492
4664,66,861,-0.8052885122688821,6,4,0,0.1017933014423805
4665,66,861,-0.8052885122688821,5,4,0,-0.1720997933986839
4666,66,861,-0.8052885122688821,3,1,0,-1.619577798145119
4667,66,861,-0.8052885122688821,6,8,0,1.0618110326534973
4668,66,861,-0.8052885122688821,3,8,0,0.0557493160444806
4669,66,861,-0.8052885122688821,6,2,1,-0.5470788898803389
4670,66,861,-0.8052885122688821,6,4,0,1.178189827581926
4671,66,861,-0.8052885122688821,5,2,0,1.7622798523389769
4672,66,861,-0.8052885122688821,6,8,1,0.7555618493633993
4673,66,861,-0.8052885122688821,5,4,0,1.3018737990307911
4674,66,861,-0.8052885122688821,6,4,0,-0.0397609614294881
4675,66,861,-0.8052885122688821,5,4,0,1.0387019659652683
4676,66,861,-0.8052885122688821,2,4,0,-1.2518249305324618
4677,66,861,-0.8052885122688821,6,4,0,0.1710449986589081
4678,66,861,-0.8052885122688821,5,4,0,0.4267997794435741
4679,66,861,-0.8052885122688821,3,2,0,1.1333975837427277
4680,66,861,-0.8052885122688821,5,4,0,-1.059229553252184
4681,66,861,-0.8052885122688821,5,4,0,-0.0994894049298933
4682,66,861,-0.8052885122688821,5,4,0,0.1537909668495054
4683,66,861,-0.8052885122688821,6,1,0,0.6925273721626359
4684,66,861,-0.8052885122688821,5,4,1,0.2134220680912225
4685,66,861,-0.8052885122688821,6,4,0,2.3687702796764705
4686,66,861,-0.8052885122688821,5,4,0,-0.0434149560298658
4687,66,861,-0.8052885122688821,7,4,0,-0.1387700147278851
4688,66,861,-0.8052885122688821,3,1,0,0.1026836578394258
4689,66,861,-0.8052885122688821,6,4,0,0.6829776453008122
4690,66,861,-0.8052885122688821,4,6,0,-0.2738093159136158
4691,66,861,-0.8052885122688821,6,4,1,-0.6346001262690139
4692,66,861,-0.8052885122688821,5,8,0,1.0978905416564633
4693,66,861,-0.8052885122688821,4,4,0,-1.8727809853330768
4694,66,861,-0.8052885122688821,5,4,0,-0.585216770563352
4695,66,861,-0.8052885122688821,5,4,0,-0.2497654742957026
4696,66,861,-0.8052885122688821,4,4,0,0.2376512295469054
4697,65,176,-0.4239823882947971,6,4,0,-1.055141116260822
4698,65,176,-0.4239823882947971,6,4,0,-0.424160507125291
4699,65,176,-0.4239823882947971,6,4,0,-0.2893346921496664
4700,65,176,-0.4239823882947971,6,5,0,-0.0579745620872183
4701,65,176,-0.4239823882947971,5,4,0,-1.2124072202321967
4702,65,176,-0.4239823882947971,6,8,0,1.6809129155915523
4703,65,176,-0.4239823882947971,6,5,1,-0.9309933059522726
4704,65,176,-0.4239823882947971,6,8,0,1.0388268707409205
4705,65,176,-0.4239823882947971,6,2,0,-0.8701899874692877
4706,65,176,-0.4239823882947971,5,2,0,-1.8005237400518006
4707,65,176,-0.4239823882947971,7,4,1,0.2815885999026622
4708,65,176,-0.4239823882947971,4,4,0,-1.5721250160698954
4709,65,176,-0.4239823882947971,7,4,0,0.6110257392893853
4710,65,176,-0.4239823882947971,5,8,0,0.2906818869763585
4711,65,176,-0.4239823882947971,4,2,0,-0.528423577599617
4712,65,176,-0.4239823882947971,5,2,0,-0.2736970613108286
4713,65,176,-0.4239823882947971,5,8,0,0.1168270043357847
4714,65,176,-0.4239823882947971,4,2,0,-0.9689097618474188
4715,65,176,-0.4239823882947971,5,2,0,-0.3625773797275031
4716,65,176,-0.4239823882947971,5,8,0,-0.1850732753611977
4717,65,176,-0.4239823882947971,6,4,1,0.0008549994379617
4718,65,176,-0.4239823882947971,4,4,1,-1.75139238933175
4719,65,176,-0.4239823882947971,6,2,0,0.6772926499455556
4720,65,176,-0.4239823882947971,6,2,0,-0.8287095785809433
4721,65,176,-0.4239823882947971,6,4,0,-0.9854351898751658
4722,65,176,-0.4239823882947971,5,8,1,-1.5533831956059692
4723,65,176,-0.4239823882947971,6,4,0,-1.054924582553809
4724,65,176,-0.4239823882947971,5,4,1,-0.443932219314523
4725,64,1394,-1.1583602926933,5,4,1,0.8177046384643528
4726,64,1394,-1.1583602926933,5,1,0,-0.3043816744240439
4727,64,1394,-1.1583602926933,4,4,0,-0.5827675635832024
4728,64,1394,-1.1583602926933,4,4,0,-0.7327531134951163
4729,64,1394,-1.1583602926933,2,4,0,-1.2693219670518303
4730,64,1394,-1.1583602926933,3,8,0,-1.0928260590513992
4731,64,1394,-1.1583602926933,7,1,1,0.4481677205874045
4732,64,1394,-1.1583602926933,5,5,0,0.0394530380433033
4733,64,1394,-1.1583602926933,6,4,1,0.240113080203041
4734,64,1394,-1.1583602926933,6,2,1,0.261595220511962
4735,64,1394,-1.1583602926933,5,1,0,0.033914077829851
4736,64,1394,-1.1583602926933,4,2,0,-0.7701917511057085
4737,64,1394,-1.1583602926933,4,4,0,-0.7514276158929194
4738,64,1394,-1.1583602926933,6,1,1,-1.4607252123424217
4739,64,1394,-1.1583602926933,5,4,1,-0.7151497296608026
4740,64,1394,-1.1583602926933,5,4,1,-1.974894610578472
4741,64,1394,-1.1583602926933,7,4,1,0.8087795932907487
4742,64,1394,-1.1583602926933,6,4,1,-0.4554702641650751
4743,64,1394,-1.1583602926933,4,4,0,-0.4023114289906209
4744,64,1394,-1.1583602926933,6,4,0,-1.2720807746653733
4745,64,1394,-1.1583602926933,7,1,0,0.4586182855289361
4746,64,1394,-1.1583602926933,4,4,0,0.3006410936255759
4747,64,1394,-1.1583602926933,4,4,0,-0.9134740096561362
4748,64,1394,-1.1583602926933,6,5,1,-0.2826645382434256
4749,64,1394,-1.1583602926933,6,4,1,1.5767180419894762
4750,64,1394,-1.1583602926933,7,8,0,1.059203303708658
4751,64,1394,-1.1583602926933,3,2,1,-1.0191484405251336
4752,64,1394,-1.1583602926933,6,1,1,0.4071154669237182
4753,64,1394,-1.1583602926933,4,2,1,-0.4798198300202672
4754,64,1394,-1.1583602926933,5,5,1,0.2361229161606004
4755,64,1394,-1.1583602926933,5,4,1,-0.3608316128877739
4756,64,1394,-1.1583602926933,4,4,0,-0.8943587178817138
4757,64,1394,-1.1583602926933,5,4,1,-0.259143034053403
4758,64,1394,-1.1583602926933,4,4,0,-1.7730462414227657
4759,64,1394,-1.1583602926933,6,2,1,-0.3561448793873768
4760,64,1394,-1.1583602926933,6,4,1,-0.8964198422197321
4761,64,1394,-1.1583602926933,5,1,1,0.0904346155831123
4762,64,1394,-1.1583602926933,6,1,0,0.8393634428173488
4763,64,1394,-1.1583602926933,5,1,1,-1.1461129680732949
4764,64,1394,-1.1583602926933,6,1,1,0.7009238168968698
4765,64,1394,-1.1583602926933,5,1,1,-1.9743613293977444
4766,64,1394,-1.1583602926933,5,1,0,-1.4273307738764862
4767,64,1394,-1.1583602926933,7,1,0,-0.0960683230176518
4768,64,1394,-1.1583602926933,6,4,0,-0.2750687789585408
4769,64,1394,-1.1583602926933,6,4,1,-0.3467954385742097
4770,64,1394,-1.1583602926933,7,4,1,0.8218893007208516
4771,64,1394,-1.1583602926933,7,4,0,0.4462292447125384
4772,64,1394,-1.1583602926933,4,4,0,-1.1780676300198696
4773,64,1394,-1.1583602926933,2,4,0,-0.5030575254048355
4774,64,1394,-1.1583602926933,5,8,1,0.913666296597522
4775,64,1394,-1.1583602926933,2,4,1,0.2516456342521235
4776,64,1394,-1.1583602926933,6,8,0,-0.0474850252317078
4777,64,1394,-1.1583602926933,5,4,0,0.0736119146059791
4778,64,1394,-1.1583602926933,6,4,0,-0.6717569916998175
4779,64,1394,-1.1583602926933,6,4,0,0.2258911119465819
4780,64,1394,-1.1583602926933,6,1,1,-0.0432377707000228
4781,64,1394,-1.1583602926933,4,5,1,1.1606829761982649
4782,64,1394,-1.1583602926933,7,8,1,-0.1835910806922245
4783,64,1394,-1.1583602926933,6,4,1,0.0097864200958108
4784,64,1394,-1.1583602926933,5,4,1,-1.6678445999307745
4785,64,1394,-1.1583602926933,3,8,0,-0.7472514732442238
4786,64,1394,-1.1583602926933,6,4,0,0.6666064159317329
4787,64,1394,-1.1583602926933,7,4,1,1.1311098998356852
4788,64,1394,-1.1583602926933,7,4,1,1.3055151147944977
4789,64,1394,-1.1583602926933,5,4,1,0.9236565564285732
4790,64,1394,-1.1583602926933,6,4,1,0.7043824790811744
4791,64,1394,-1.1583602926933,5,4,0,-0.3477133538613817
4792,64,1394,-1.1583602926933,6,8,0,0.3811238753998814
4793,64,1394,-1.1583602926933,5,4,0,0.0715485505181661
4794,64,1394,-1.1583602926933,6,5,1,0.2841631816386331
4795,64,1394,-1.1583602926933,6,8,1,-0.5098800321737492
4796,64,1394,-1.1583602926933,6,8,0,-0.025194633398442
4797,64,1394,-1.1583602926933,6,4,1,1.084029737826802
4798,64,1394,-1.1583602926933,4,4,1,0.0724292927358994
4799,64,1394,-1.1583602926933,6,8,0,0.4781569335617003
4800,64,1394,-1.1583602926933,6,4,0,-0.7367095101183406
4801,64,1394,-1.1583602926933,4,1,1,-0.5421261755202409
4802,64,1394,-1.1583602926933,7,4,0,0.6564928294715512
4803,64,1394,-1.1583602926933,5,4,1,-0.6352433234201637
4804,64,1394,-1.1583602926933,7,4,0,1.9207306570807037
4805,64,1394,-1.1583602926933,4,4,1,0.4575776563919538
4806,64,1394,-1.1583602926933,6,1,1,0.0011472459901762
4807,64,1394,-1.1583602926933,6,4,0,-0.0505546558101496
4808,64,1394,-1.1583602926933,5,4,1,-0.8047203625441188
4809,64,1394,-1.1583602926933,6,3,0,1.4279005407937488
4810,64,1394,-1.1583602926933,7,4,0,-0.0266220482640905
4811,64,1394,-1.1583602926933,6,1,0,0.042537272542834
4812,64,1394,-1.1583602926933,6,4,0,-1.3204137809483902
4813,64,1394,-1.1583602926933,6,4,1,0.0291479082807231
4814,64,1394,-1.1583602926933,5,4,0,0.4082618672062073
4815,64,1394,-1.1583602926933,5,5,0,0.0589601137769777
4816,64,1394,-1.1583602926933,7,4,0,0.841334846333087
4817,64,1394,-1.1583602926933,4,4,0,-2.109170216724796
4818,64,1394,-1.1583602926933,5,4,1,-0.152088951213807
4819,64,1394,-1.1583602926933,5,4,0,-0.1332003295107135
4820,64,1394,-1.1583602926933,6,8,0,0.1954127415835055
4821,64,1394,-1.1583602926933,6,4,0,0.2673234756338563
4822,64,1394,-1.1583602926933,2,8,1,-0.7607412488941512
4823,64,1394,-1.1583602926933,6,4,0,-0.8378803356772179
4824,64,1394,-1.1583602926933,7,4,1,-0.2447208483957674
4825,64,1394,-1.1583602926933,4,4,1,-2.434054994871852
4826,64,1394,-1.1583602926933,3,4,0,-0.724072836151353
4827,64,1394,-1.1583602926933,4,4,0,-1.2155505977520915
4828,64,1394,-1.1583602926933,6,4,1,-1.2140270891395069
4829,64,1394,-1.1583602926933,5,4,1,-0.8865718173115834
4830,64,1394,-1.1583602926933,5,4,1,-0.6771195705683836
4831,64,1394,-1.1583602926933,6,8,1,0.5127724057708595
4832,64,1394,-1.1583602926933,3,4,1,-0.8268435048924888
4833,64,1394,-1.1583602926933,6,4,0,-0.5436272223314729
4834,64,1394,-1.1583602926933,6,4,1,-0.0754337910902081
4835,64,1394,-1.1583602926933,5,4,1,0.6309797836296389
4836,64,1394,-1.1583602926933,6,4,1,-0.1482614507717103
4837,64,1394,-1.1583602926933,5,4,1,-1.0523312983841806
4838,64,1394,-1.1583602926933,7,4,1,0.2791662422780064
4839,64,1394,-1.1583602926933,5,4,0,-0.7788499179600243
4840,64,1394,-1.1583602926933,5,2,1,0.1112649825817988
4841,64,1394,-1.1583602926933,6,1,0,-0.4857647756655624
4842,64,1394,-1.1583602926933,7,2,0,1.659898505640835
4843,64,1394,-1.1583602926933,6,8,1,0.3305125224259057
4844,64,1394,-1.1583602926933,4,8,0,-0.18674201151667
4845,64,1394,-1.1583602926933,5,4,0,-1.4807213787070248
4846,64,1394,-1.1583602926933,6,4,1,-1.2284456801749368
4847,64,1394,-1.1583602926933,6,4,0,0.0985971317509344
4848,64,1394,-1.1583602926933,7,4,1,1.2241685164465803
4849,64,1394,-1.1583602926933,5,4,1,0.8204707881631992
4850,64,1394,-1.1583602926933,4,4,1,-1.280681620220676
4851,64,1394,-1.1583602926933,3,4,1,-1.7891630448866964
4852,64,1394,-1.1583602926933,7,4,1,1.0718468236257517
4853,64,1394,-1.1583602926933,6,4,1,0.1738668201109369
4854,64,1394,-1.1583602926933,6,4,0,-0.7471120074462037
4855,64,1394,-1.1583602926933,6,4,0,-1.3882086910615727
4856,64,1394,-1.1583602926933,5,4,0,-1.269826861551736
4857,64,1394,-1.1583602926933,6,4,0,-0.3123106292365329
4858,64,1394,-1.1583602926933,6,4,1,1.447759526423017
4859,64,1394,-1.1583602926933,6,8,0,-0.3037842116657722
4860,64,1394,-1.1583602926933,6,4,1,-1.5291554288684757
4861,64,1394,-1.1583602926933,6,8,1,1.162325083535457
4862,64,1394,-1.1583602926933,6,4,1,-0.442174229304756
4863,64,1394,-1.1583602926933,6,8,1,0.2219360951292409
4864,64,1394,-1.1583602926933,6,4,1,0.4750084921763207
4865,64,1394,-1.1583602926933,7,4,1,1.109177129995375
4866,64,1394,-1.1583602926933,5,4,1,-1.7954973304333457
4867,64,1394,-1.1583602926933,3,4,1,-1.5101427810822792
4868,64,1394,-1.1583602926933,6,4,1,-0.5227862031269123
4869,64,1394,-1.1583602926933,4,4,0,-2.075241271799533
4870,64,1394,-1.1583602926933,5,8,0,-1.354848825277838
4871,64,1394,-1.1583602926933,7,4,1,1.4066578172439173
4872,64,1394,-1.1583602926933,5,4,0,-0.0373785302715105
4873,64,1394,-1.1583602926933,5,4,1,0.3388088442334533
4874,64,1394,-1.1583602926933,6,4,1,-0.5142476796755696
4875,64,1394,-1.1583602926933,6,4,1,-0.4687307721713438
4876,64,1394,-1.1583602926933,7,4,1,1.5512685778992452
4877,64,1394,-1.1583602926933,6,4,0,-0.2413770479557992
4878,64,1394,-1.1583602926933,5,1,1,-0.8919084177854696
4879,64,1394,-1.1583602926933,5,4,0,-0.5601882153987192
4880,64,1394,-1.1583602926933,3,4,0,-1.01356418284422
4881,64,1394,-1.1583602926933,4,8,1,-0.7289924468186018
4882,64,1394,-1.1583602926933,5,2,0,-0.2582010147665508
4883,64,1394,-1.1583602926933,4,4,0,0.5142529171089117
4884,64,1394,-1.1583602926933,5,4,0,-1.8529695595159816
4885,64,1394,-1.1583602926933,6,4,1,0.4756910161666787
4886,64,1394,-1.1583602926933,6,4,0,-0.2938896038683908
4887,64,1394,-1.1583602926933,7,4,0,0.6534973296747989
4888,64,1394,-1.1583602926933,6,5,0,0.6281243589260085
4889,64,1394,-1.1583602926933,5,4,0,-0.183533897339192
4890,64,1394,-1.1583602926933,4,8,0,-1.1000577423375566
4891,64,1394,-1.1583602926933,7,2,1,1.1069209394272894
4892,64,1394,-1.1583602926933,6,4,1,-0.9218353406897268
4893,64,1394,-1.1583602926933,5,5,1,0.2658952249092008
4894,64,1394,-1.1583602926933,6,4,1,1.400488757392378
4895,64,1394,-1.1583602926933,6,4,1,0.4749042591913593
4896,64,1394,-1.1583602926933,5,8,0,0.0585763803510169
4897,64,1394,-1.1583602926933,6,2,1,-1.327582543376065
4898,64,1394,-1.1583602926933,5,4,1,-1.5436970703622288
4899,64,1394,-1.1583602926933,6,2,0,0.5727544803788944
4900,64,1394,-1.1583602926933,6,4,0,0.3594701930658114
4901,64,1394,-1.1583602926933,6,4,1,-0.1142560321254649
4902,64,1394,-1.1583602926933,7,4,1,1.90088854531326
4903,64,1394,-1.1583602926933,6,4,1,-0.3124746422569622
4904,64,1394,-1.1583602926933,6,4,0,0.5047331351453991
4905,64,1394,-1.1583602926933,5,4,0,-0.9868326621917662
4906,64,1394,-1.1583602926933,4,4,0,0.0331829132128905
4907,64,1394,-1.1583602926933,5,4,0,-1.237022250326942
4908,64,1394,-1.1583602926933,1,8,0,-0.6965867200786989
4909,64,1394,-1.1583602926933,6,4,1,-0.2870001901360824
4910,64,1394,-1.1583602926933,4,4,0,-0.6571677024922159
4911,64,1394,-1.1583602926933,7,4,1,1.8212251355662408
4912,64,1394,-1.1583602926933,5,4,1,0.6119968188909449
4913,64,1394,-1.1583602926933,5,4,1,-1.637087454234115
4914,64,1394,-1.1583602926933,5,4,0,0.8907594669769984
4915,64,1394,-1.1583602926933,5,4,0,-0.7709903907583274
4916,64,1394,-1.1583602926933,7,4,0,0.7220253773060623
4917,64,1394,-1.1583602926933,6,4,0,-1.7433261578226085
4918,64,1394,-1.1583602926933,6,8,0,0.8544273007499201
4919,64,1394,-1.1583602926933,6,4,0,-1.176114897367095
4920,64,1394,-1.1583602926933,6,8,1,-1.332188553870292
4921,64,1394,-1.1583602926933,5,4,1,0.1279076268127743
4922,64,1394,-1.1583602926933,4,4,0,-2.355287113934991
4923,64,1394,-1.1583602926933,5,4,1,-0.6771306830430651
4924,64,1394,-1.1583602926933,6,4,0,1.1909562095043946
4925,64,1394,-1.1583602926933,5,4,0,-0.812153410065314
4926,64,1394,-1.1583602926933,5,4,0,-0.6091932578369152
4927,64,1394,-1.1583602926933,6,8,1,1.2916539531922502
4928,64,1394,-1.1583602926933,7,4,1,1.4904608581021872
4929,64,1394,-1.1583602926933,6,4,0,1.2860438267677414
4930,64,1394,-1.1583602926933,5,4,1,-0.729691037400175
4931,64,1394,-1.1583602926933,3,4,0,-1.297300387933649
4932,64,1394,-1.1583602926933,5,8,0,-0.876424500184542
4933,64,1394,-1.1583602926933,5,4,0,0.0198917020329657
4934,64,1394,-1.1583602926933,5,2,0,-0.908028529226326
4935,64,1394,-1.1583602926933,4,4,0,0.3962811706146303
4936,64,1394,-1.1583602926933,7,4,0,0.2989542798966594
4937,64,1394,-1.1583602926933,6,4,1,0.2959598817857445
4938,64,1394,-1.1583602926933,6,4,0,0.6075362561932117
4939,64,1394,-1.1583602926933,6,4,1,0.6445850162887486
4940,64,1394,-1.1583602926933,7,8,1,0.134869387381198
4941,64,1394,-1.1583602926933,6,5,1,0.5051193647259246
4942,64,1394,-1.1583602926933,4,8,1,-0.014221312981554
4943,64,1394,-1.1583602926933,6,4,1,-0.5782183241910834
4944,63,389,0.196662178182834,6,2,0,0.5689013909797705
4945,63,389,0.196662178182834,5,2,0,-0.9878648303627948
4946,63,389,0.196662178182834,5,2,0,-0.0825449207728839
4947,63,389,0.196662178182834,3,8,0,-0.7554347009682807
4948,63,389,0.196662178182834,5,2,0,0.2330334687218408
4949,63,389,0.196662178182834,5,4,1,-0.188110599678519
4950,63,389,0.196662178182834,7,4,1,0.9415129583549045
4951,63,389,0.196662178182834,5,2,0,-0.2020372327943042
4952,63,389,0.196662178182834,5,4,1,-0.1214902781930289
4953,63,389,0.196662178182834,5,4,0,0.2773322867706955
4954,63,389,0.196662178182834,6,8,0,1.2780246817719756
4955,63,389,0.196662178182834,5,4,0,0.2122593414629295
4956,63,389,0.196662178182834,7,4,1,2.6392672782342217
4957,63,389,0.196662178182834,6,4,0,-0.7913577047992084
4958,63,389,0.196662178182834,6,8,1,0.0540426935964493
4959,63,389,0.196662178182834,5,2,0,-0.7074909713651094
4960,63,389,0.196662178182834,4,8,0,-0.4901007498645611
4961,63,389,0.196662178182834,5,2,0,0.6647622964469855
4962,63,389,0.196662178182834,5,2,0,0.540050131848191
4963,63,389,0.196662178182834,4,8,0,-0.4820376874914598
4964,63,389,0.196662178182834,7,5,1,1.3978054982143344
4965,63,389,0.196662178182834,6,5,0,1.1746564890860864
4966,63,389,0.196662178182834,7,8,0,0.6135645276857477
4967,63,389,0.196662178182834,6,8,0,1.1330856913455822
4968,63,389,0.196662178182834,6,4,0,0.8829839751340832
4969,63,389,0.196662178182834,2,2,0,0.9786164257518388
4970,63,389,0.196662178182834,6,8,1,0.2069456348002947
4971,63,389,0.196662178182834,6,2,1,0.3420643777044369
4972,63,389,0.196662178182834,6,8,0,0.5524491066772855
4973,63,389,0.196662178182834,7,5,1,1.5397151602930814
4974,63,389,0.196662178182834,6,2,0,-0.7576819335178764
4975,63,389,0.196662178182834,5,2,0,0.63717656869346
4976,63,389,0.196662178182834,7,4,0,1.6504839150561623
4977,63,389,0.196662178182834,5,8,0,0.1893441613654034
4978,63,389,0.196662178182834,7,5,1,1.1698837873381271
4979,63,389,0.196662178182834,6,4,0,0.4051666453165233
4980,63,389,0.196662178182834,5,4,0,0.1996848242271691
4981,63,389,0.196662178182834,6,4,1,-0.476831853890619
4982,63,389,0.196662178182834,6,4,1,0.7447348666638182
4983,63,389,0.196662178182834,6,4,1,1.7933026796298408
4984,63,389,0.196662178182834,6,4,0,1.3075551958430505
4985,63,389,0.196662178182834,6,4,0,1.4190856519950863
4986,63,389,0.196662178182834,3,4,0,-0.487346977846025
4987,63,389,0.196662178182834,5,8,0,1.5366291673381165
4988,63,389,0.196662178182834,7,2,0,1.8473723022226527
4989,63,389,0.196662178182834,5,2,0,-0.7627803876552307
4990,63,389,0.196662178182834,6,4,1,1.8901293720572316
4991,63,389,0.196662178182834,5,2,0,0.2796678120150903
4992,63,389,0.196662178182834,6,2,1,-0.43086809267375
4993,63,389,0.196662178182834,6,2,0,1.1111423708105157
4994,63,389,0.196662178182834,6,2,1,-0.5320551749710436
4995,63,389,0.196662178182834,5,2,0,0.4538185512714246
4996,63,389,0.196662178182834,5,2,0,-0.2531826467033918
4997,63,389,0.196662178182834,3,8,0,-1.0679641135940192
4998,63,389,0.196662178182834,5,4,0,1.060272710181656
4999,63,389,0.196662178182834,5,2,0,1.0970710200899922
5000,63,389,0.196662178182834,5,8,1,-0.3682621690264976
5001,63,389,0.196662178182834,5,4,0,0.1885594674514186
5002,62,2366,1.3305122332333,6,4,1,-0.2848455759267544
5003,62,2366,1.3305122332333,5,4,0,-0.8848716714866475
5004,62,2366,1.3305122332333,6,4,0,1.7896722703905728
5005,62,2366,1.3305122332333,5,4,0,-0.7730228448374642
5006,62,2366,1.3305122332333,7,8,1,1.3569159485734903
5007,62,2366,1.3305122332333,4,2,0,-2.2444388599726497
5008,62,2366,1.3305122332333,6,4,1,0.1677339742134138
5009,62,2366,1.3305122332333,6,4,1,-0.6781718372541797
5010,62,2366,1.3305122332333,2,4,0,-0.8700160036696076
5011,62,2366,1.3305122332333,6,5,1,0.6566581614816472
5012,62,2366,1.3305122332333,7,4,1,1.2112095136491126
5013,62,2366,1.3305122332333,6,8,0,1.8832398865002304
5014,62,2366,1.3305122332333,6,8,1,0.3065822144706542
5015,62,2366,1.3305122332333,5,8,0,-1.043464149302953
5016,62,2366,1.3305122332333,4,4,0,0.6157242686965583
5017,62,2366,1.3305122332333,5,4,0,-0.3572043663585798
5018,62,2366,1.3305122332333,6,8,0,0.725521927122906
5019,62,2366,1.3305122332333,6,2,0,1.587873154124123
5020,62,2366,1.3305122332333,3,8,0,0.5005592030364012
5021,62,2366,1.3305122332333,1,4,0,0.6239774207946693
5022,62,2366,1.3305122332333,4,8,0,-0.2332422010618521
5023,62,2366,1.3305122332333,5,8,0,0.5385863629937799
5024,62,2366,1.3305122332333,6,2,1,-0.1435259070885515
5025,62,2366,1.3305122332333,6,5,0,0.7739901367528139
5026,62,2366,1.3305122332333,6,8,1,-1.2400222035974624
5027,62,2366,1.3305122332333,5,8,0,0.9415360545001216
5028,62,2366,1.3305122332333,2,4,0,0.7988884151704101
5029,62,2366,1.3305122332333,6,8,1,0.1215093974919329
5030,62,2366,1.3305122332333,6,4,0,0.092780962006835
5031,62,2366,1.3305122332333,4,2,0,-0.3804374877899463
5032,62,2366,1.3305122332333,5,4,1,-0.0584309248659675
5033,62,2366,1.3305122332333,6,4,1,-1.0996384871809095
5034,62,2366,1.3305122332333,5,1,1,-0.4251708393294412
5035,62,2366,1.3305122332333,5,8,0,-0.5677296472759387
5036,62,2366,1.3305122332333,5,4,0,-0.5084336387574072
5037,62,2366,1.3305122332333,4,4,0,0.945022901450966
5038,62,2366,1.3305122332333,6,4,1,1.3993415102574265
5039,62,2366,1.3305122332333,4,8,0,-0.6917223391318047
5040,62,2366,1.3305122332333,4,2,0,-1.1390555502026685
5041,62,2366,1.3305122332333,2,2,0,-1.5726808789641231
5042,62,2366,1.3305122332333,5,8,1,-2.003164944270638
5043,62,2366,1.3305122332333,6,4,1,0.2644610872122001
5044,62,2366,1.3305122332333,4,8,0,-2.383717305215371
5045,62,2366,1.3305122332333,5,4,0,0.1279152833435438
5046,62,2366,1.3305122332333,7,4,0,0.5427692414449375
5047,62,2366,1.3305122332333,6,8,0,-0.238370491078507
5048,62,2366,1.3305122332333,5,4,0,-0.4944051756297989
5049,62,2366,1.3305122332333,5,8,0,1.1561255974279394
5050,62,2366,1.3305122332333,5,4,1,-0.944730148606198
5051,62,2366,1.3305122332333,5,4,0,0.3568157855923091
5052,62,2366,1.3305122332333,6,4,0,1.0520803985207856
5053,62,2366,1.3305122332333,5,2,1,0.4800022457513679
5054,62,2366,1.3305122332333,5,2,1,-1.1493413568865325
5055,62,2366,1.3305122332333,6,4,0,0.0762016274070346
5056,62,2366,1.3305122332333,1,4,0,-0.8689814116776371
5057,62,2366,1.3305122332333,6,8,1,-0.8567922211450743
5058,62,2366,1.3305122332333,6,4,1,1.0529481377814027
5059,62,2366,1.3305122332333,6,4,0,-0.1747682659177356
5060,62,2366,1.3305122332333,5,8,1,-0.4061564640493733
5061,62,2366,1.3305122332333,6,8,1,-1.5557074684275425
5062,62,2366,1.3305122332333,6,8,0,-1.497779179896512
5063,62,2366,1.3305122332333,5,2,1,0.329295895760309
5064,62,2366,1.3305122332333,4,4,0,-0.3355298199964132
5065,62,2366,1.3305122332333,6,4,1,-0.6919270215514255
5066,62,2366,1.3305122332333,3,8,1,-2.1698259102916397
5067,62,2366,1.3305122332333,7,4,1,1.0481970726233765
5068,62,2366,1.3305122332333,6,4,1,0.4991953503235501
5069,62,2366,1.3305122332333,5,4,0,-0.5339679198782943
5070,62,2366,1.3305122332333,7,4,0,1.3727619682351129
5071,62,2366,1.3305122332333,5,5,0,1.413859025189827
5072,62,2366,1.3305122332333,5,4,1,-1.1066654070610096
5073,62,2366,1.3305122332333,6,4,0,-1.3357565770730775
5074,62,2366,1.3305122332333,6,8,0,-0.3437726663369777
5075,62,2366,1.3305122332333,6,4,0,1.2862985450936493
5076,62,2366,1.3305122332333,5,8,0,-1.141361014274081
5077,62,2366,1.3305122332333,5,8,1,-0.3515196580738318
5078,62,2366,1.3305122332333,6,4,0,1.9031383514718296
5079,62,2366,1.3305122332333,6,4,1,-0.6455363185996538
5080,62,2366,1.3305122332333,4,3,0,-1.3824537564473396
5081,62,2366,1.3305122332333,6,4,1,0.3406311454108948
5082,62,2366,1.3305122332333,5,4,0,0.3425862045330652
5083,62,2366,1.3305122332333,6,4,0,-0.1449585563261379
5084,62,2366,1.3305122332333,5,4,1,-0.2050332158484116
5085,62,2366,1.3305122332333,5,4,1,-0.5619690760089371
5086,62,2366,1.3305122332333,6,4,0,0.5208510334661186
5087,62,2366,1.3305122332333,5,4,0,-0.3826804647886404
5088,62,2366,1.3305122332333,3,4,1,-0.5549155508072413
5089,62,2366,1.3305122332333,6,4,0,-0.4358244770721526
5090,62,2366,1.3305122332333,6,4,0,1.3244641230202416
5091,62,2366,1.3305122332333,6,4,0,-0.5915758265137773
5092,62,2366,1.3305122332333,5,4,0,-1.3427527134706154
5093,62,2366,1.3305122332333,3,4,0,-1.7693974242192894
5094,62,2366,1.3305122332333,5,8,0,0.1927572294833756
5095,62,2366,1.3305122332333,6,8,1,1.9356041819576568
5096,62,2366,1.3305122332333,5,8,0,-0.9732737116485092
5097,62,2366,1.3305122332333,6,4,0,-0.6275407938863621
5098,62,2366,1.3305122332333,6,4,0,1.1642526306096468
5099,62,2366,1.3305122332333,5,8,1,-0.2167981945325323
5100,62,2366,1.3305122332333,5,4,0,0.6699463481428245
5101,62,2366,1.3305122332333,5,4,0,-1.85185459242764
5102,62,2366,1.3305122332333,4,4,0,-1.146791461946247
5103,62,2366,1.3305122332333,5,4,1,-0.0669310286260295
5104,62,2366,1.3305122332333,5,4,1,-0.6161253171733124
5105,62,2366,1.3305122332333,4,4,1,-0.5598614812693974
5106,62,2366,1.3305122332333,5,4,0,-0.0194282494320512
5107,62,2366,1.3305122332333,6,8,1,1.0364221304033805
5108,62,2366,1.3305122332333,5,5,1,1.0605972977632183
5109,62,2366,1.3305122332333,6,8,0,-0.4695366454511683
5110,62,2366,1.3305122332333,5,8,0,0.2159720872504368
5111,62,2366,1.3305122332333,6,8,0,0.1405384778626049
5112,62,2366,1.3305122332333,5,4,0,-1.323064762652866
5113,62,2366,1.3305122332333,5,4,1,-0.5417769876902114
5114,62,2366,1.3305122332333,5,4,0,-0.3418420962686632
5115,62,2366,1.3305122332333,6,8,1,-0.2525907263732543
5116,62,2366,1.3305122332333,5,1,0,-0.3656702127325058
5117,62,2366,1.3305122332333,4,4,0,-1.8304471871430152
5118,62,2366,1.3305122332333,5,4,0,0.0354386655651669
5119,62,2366,1.3305122332333,6,8,0,0.9415758433271008
5120,62,2366,1.3305122332333,4,8,0,-2.2160961295011377
5121,62,2366,1.3305122332333,6,4,0,-0.1463272745818894
5122,62,2366,1.3305122332333,6,4,0,0.8931940501812536
5123,62,2366,1.3305122332333,6,2,1,1.5791599118103232
5124,62,2366,1.3305122332333,5,4,0,-0.3080678942084814
5125,62,2366,1.3305122332333,6,4,0,1.614479199237786
5126,62,2366,1.3305122332333,6,2,0,1.8660076760894568
5127,62,2366,1.3305122332333,6,4,1,-1.1582609702748152
5128,62,2366,1.3305122332333,5,4,0,-1.509986259080793
5129,62,2366,1.3305122332333,5,4,0,-1.317705595031326
5130,62,2366,1.3305122332333,6,4,0,-0.4051388371921006
5131,62,2366,1.3305122332333,1,2,0,-0.6673411676379247
5132,62,2366,1.3305122332333,5,4,0,-1.5565722005574385
5133,62,2366,1.3305122332333,5,5,1,0.744573995705691
5134,62,2366,1.3305122332333,6,4,0,-0.5433298059018484
5135,62,2366,1.3305122332333,6,8,0,1.6042576666904536
5136,62,2366,1.3305122332333,4,4,0,-1.8883933820646568
5137,62,2366,1.3305122332333,5,4,0,-0.8560636806967555
5138,62,2366,1.3305122332333,5,2,0,0.089786561704406
5139,62,2366,1.3305122332333,7,1,0,1.640171354516927
5140,62,2366,1.3305122332333,3,2,0,-0.428823975966709
5141,62,2366,1.3305122332333,6,4,0,-0.9033631160187856
5142,62,2366,1.3305122332333,5,4,1,-0.5283570520360362
5143,62,2366,1.3305122332333,4,4,1,-1.834097436094472
5144,62,2366,1.3305122332333,4,2,0,-1.7431992763530968
5145,62,2366,1.3305122332333,5,4,0,-0.0074285218242628
5146,62,2366,1.3305122332333,6,4,0,0.4350973546712759
5147,62,2366,1.3305122332333,7,4,1,0.2916194966691134
5148,62,2366,1.3305122332333,6,4,1,0.0055472087561233
5149,62,2366,1.3305122332333,4,4,1,-0.7453680331042243
5150,62,2366,1.3305122332333,2,8,1,-0.239798301805678
5151,62,2366,1.3305122332333,5,8,0,-0.1720535280504865
5152,62,2366,1.3305122332333,7,2,1,1.246845868092102
5153,62,2366,1.3305122332333,3,8,0,-0.8415729430649018
5154,62,2366,1.3305122332333,5,8,1,0.0334518047362354
5155,62,2366,1.3305122332333,5,4,1,-0.0370787164384894
5156,62,2366,1.3305122332333,5,8,0,-0.5522076332981501
5157,62,2366,1.3305122332333,5,4,1,-1.269054718382043
5158,62,2366,1.3305122332333,6,1,0,0.3182050857330966
5159,62,2366,1.3305122332333,6,8,0,1.2704778419898064
5160,62,2366,1.3305122332333,6,8,1,-0.300125971900052
5161,62,2366,1.3305122332333,5,4,0,0.1747478926408497
5162,62,2366,1.3305122332333,5,5,1,0.8953009042757935
5163,62,2366,1.3305122332333,5,4,0,-0.2746319060426723
5164,62,2366,1.3305122332333,6,4,0,-0.3963722988883584
5165,62,2366,1.3305122332333,5,4,0,-0.0331421820737984
5166,62,2366,1.3305122332333,4,8,0,-0.411734709433345
5167,62,2366,1.3305122332333,5,8,1,-1.7851282150519692
5168,62,2366,1.3305122332333,7,2,1,0.7669699736410757
5169,62,2366,1.3305122332333,6,4,0,-0.1321243447420545
5170,62,2366,1.3305122332333,6,4,0,0.5144721966498961
5171,62,2366,1.3305122332333,3,4,0,0.1825034080543451
5172,62,2366,1.3305122332333,6,4,0,-0.5442561873641016
5173,62,2366,1.3305122332333,6,4,0,0.0296466331821937
5174,62,2366,1.3305122332333,6,4,0,0.2412813915330691
5175,62,2366,1.3305122332333,5,8,1,0.2635192646272035
5176,62,2366,1.3305122332333,6,4,1,-1.1389401521331552
5177,62,2366,1.3305122332333,5,4,0,-0.4383749632923558
5178,62,2366,1.3305122332333,7,5,1,-0.0053954439850593
5179,62,2366,1.3305122332333,6,4,0,1.0241987865836426
5180,62,2366,1.3305122332333,6,4,0,0.5205567854908891
5181,62,2366,1.3305122332333,5,8,0,-0.3041464570612535
5182,62,2366,1.3305122332333,6,4,0,0.3758259624481891
5183,62,2366,1.3305122332333,5,2,0,0.4506129935259257
5184,62,2366,1.3305122332333,5,2,0,-0.4138738807293564
5185,62,2366,1.3305122332333,6,2,1,-0.7470652884044607
5186,62,2366,1.3305122332333,5,4,1,-1.583918997624599
5187,62,2366,1.3305122332333,5,2,0,-1.157671432242552
5188,62,2366,1.3305122332333,6,4,0,-0.1568894707222624
5189,62,2366,1.3305122332333,5,4,1,-1.6155228751522346
5190,62,2366,1.3305122332333,5,5,1,-1.4933267709119358
5191,62,2366,1.3305122332333,5,4,1,-1.2209315327167485
5192,62,2366,1.3305122332333,4,8,0,-1.7285992105792598
5193,62,2366,1.3305122332333,6,4,1,0.3457606864703119
5194,62,2366,1.3305122332333,6,4,0,0.4915484435302851
5195,62,2366,1.3305122332333,5,4,0,-0.3457192555322224
5196,62,2366,1.3305122332333,5,8,0,-0.7265660207326261
5197,62,2366,1.3305122332333,4,4,0,-1.2136666878466855
5198,62,2366,1.3305122332333,5,8,0,-0.1801378382112092
5199,62,2366,1.3305122332333,7,8,0,1.6887139593511704
5200,62,2366,1.3305122332333,7,8,0,1.107530405848591
5201,62,2366,1.3305122332333,6,4,0,-0.3981975501176513
5202,62,2366,1.3305122332333,6,4,0,0.5043995809384706
5203,62,2366,1.3305122332333,3,4,0,-0.109546981573524
5204,62,2366,1.3305122332333,5,2,1,0.0444859752183633
5205,62,2366,1.3305122332333,5,8,0,-1.3062816242944308
5206,62,2366,1.3305122332333,6,5,0,-0.3362973451720734
5207,62,2366,1.3305122332333,2,4,0,-1.440208604698442
5208,62,2366,1.3305122332333,5,2,0,-1.84757758690022
5209,62,2366,1.3305122332333,4,2,0,-1.7725464101663049
5210,62,2366,1.3305122332333,5,2,0,-1.3562803975355069
5211,62,2366,1.3305122332333,6,5,0,0.5903328308365596
5212,62,2366,1.3305122332333,4,8,0,-0.9374840017643318
5213,62,2366,1.3305122332333,7,8,0,1.0740037125629542
5214,62,2366,1.3305122332333,7,5,1,0.2251006037561569
5215,62,2366,1.3305122332333,6,5,0,1.8475071493961184
5216,62,2366,1.3305122332333,7,4,1,-0.2817811978368547
5217,62,2366,1.3305122332333,6,2,1,-0.6273387580807436
5218,62,2366,1.3305122332333,6,8,0,1.6852674889530457
5219,62,2366,1.3305122332333,5,2,0,-0.66635662264411
5220,62,2366,1.3305122332333,5,2,0,-0.948258367350905
5221,62,2366,1.3305122332333,6,8,1,-0.0701017231739599
5222,62,2366,1.3305122332333,5,2,0,-0.0600178945243097
5223,62,2366,1.3305122332333,7,5,1,2.005636502488714
5224,62,2366,1.3305122332333,5,4,1,-0.956024308822532
5225,62,2366,1.3305122332333,6,2,1,-0.2438150173003918
5226,62,2366,1.3305122332333,5,2,1,0.1878228634389084
5227,62,2366,1.3305122332333,5,2,0,0.3886087105785767
5228,62,2366,1.3305122332333,5,2,1,-0.6348794319781573
5229,62,2366,1.3305122332333,4,4,0,-0.8407144742601794
5230,62,2366,1.3305122332333,5,4,0,-0.794422630369688
5231,62,2366,1.3305122332333,4,4,0,-1.096059444410745
5232,62,2366,1.3305122332333,6,2,0,-0.4489745603589167
5233,62,2366,1.3305122332333,5,8,1,-0.4340862153368847
5234,62,2366,1.3305122332333,5,5,0,-1.4233657304102303
5235,62,2366,1.3305122332333,5,2,0,-0.9788383736157134
5236,62,2366,1.3305122332333,4,4,0,-1.3760916701313892
5237,62,2366,1.3305122332333,2,2,1,0.1385019588271993
5238,62,2366,1.3305122332333,2,8,0,-1.7406685953688048
5239,62,2366,1.3305122332333,6,2,0,1.175772459639095
5240,62,2366,1.3305122332333,6,2,1,0.088566943183062
5241,62,2366,1.3305122332333,5,2,1,-1.203799279838558
5242,62,2366,1.3305122332333,6,2,0,0.0242270749086812
5243,62,2366,1.3305122332333,6,4,0,-1.1880505241104922
5244,62,2366,1.3305122332333,6,8,1,0.9872083137269062
5245,62,2366,1.3305122332333,6,2,1,1.4297353842053109
5246,62,2366,1.3305122332333,6,2,0,-0.2933088125670021
5247,62,2366,1.3305122332333,5,2,0,0.3548598839728311
5248,62,2366,1.3305122332333,5,2,0,-0.4824878706394501
5249,62,2366,1.3305122332333,5,2,0,-0.4548914576337654
5250,62,2366,1.3305122332333,4,8,0,-1.252671919509713
5251,62,2366,1.3305122332333,4,4,1,-1.576985180972106
5252,62,2366,1.3305122332333,6,2,0,2.0251893254919047
5253,62,2366,1.3305122332333,6,4,0,0.5141851752553123
5254,62,2366,1.3305122332333,6,4,0,2.023144666169829
5255,62,2366,1.3305122332333,4,4,0,-0.4661864280542019
5256,62,2366,1.3305122332333,5,8,0,-0.1551117584003067
5257,62,2366,1.3305122332333,4,2,1,-1.3638472870494398
5258,62,2366,1.3305122332333,5,8,0,-0.5527537190835414
5259,62,2366,1.3305122332333,5,2,1,-1.4604977640323216
5260,62,2366,1.3305122332333,5,4,0,-0.675862927243348
5261,62,2366,1.3305122332333,6,8,0,0.6957559942206996
5262,62,2366,1.3305122332333,4,5,1,0.6060494286577842
5263,62,2366,1.3305122332333,4,2,0,-1.0078124091004306
5264,62,2366,1.3305122332333,6,5,0,-0.3497146505935961
5265,62,2366,1.3305122332333,5,2,1,-0.2648053177121942
5266,62,2366,1.3305122332333,4,4,0,-1.607031740600546
5267,62,2366,1.3305122332333,5,1,1,-1.187170620766852
5268,62,2366,1.3305122332333,6,8,0,-1.0415193897178123
5269,62,2366,1.3305122332333,3,2,0,-0.7079515775653711
5270,62,2366,1.3305122332333,5,1,0,-0.754270348400884
5271,62,2366,1.3305122332333,5,2,0,0.986172606949146
5272,62,2366,1.3305122332333,5,8,0,0.1541655152741814
5273,62,2366,1.3305122332333,5,4,0,-0.7244003766840508
5274,62,2366,1.3305122332333,7,5,0,1.6950885149169348
5275,62,2366,1.3305122332333,6,2,0,-0.5482185970579149
5276,62,2366,1.3305122332333,6,4,0,0.8897633385954364
5277,62,2366,1.3305122332333,5,4,0,-1.2567066314906292
5278,62,2366,1.3305122332333,6,4,0,0.1490851523424784
5279,62,2366,1.3305122332333,6,2,0,-0.500229379102452
5280,62,2366,1.3305122332333,6,4,0,0.2445924399894107
5281,62,2366,1.3305122332333,5,4,0,-0.5548307692114683
5282,62,2366,1.3305122332333,4,2,0,-0.1774137168165264
5283,62,2366,1.3305122332333,5,4,0,0.541257894754923
5284,62,2366,1.3305122332333,6,5,1,0.5460402395821543
5285,62,2366,1.3305122332333,5,2,0,-0.4943965015259682
5286,62,2366,1.3305122332333,5,1,0,-0.8605419328506628
5287,62,2366,1.3305122332333,6,2,0,0.0548940135305108
5288,62,2366,1.3305122332333,7,2,1,1.0047537579420691
5289,62,2366,1.3305122332333,7,8,0,0.5971645811226332
5290,62,2366,1.3305122332333,5,5,0,0.4421981110941836
5291,62,2366,1.3305122332333,6,8,0,0.20047119329263
5292,62,2366,1.3305122332333,6,4,0,0.3465897757301172
5293,62,2366,1.3305122332333,4,8,0,-0.5933782804195923
5294,62,2366,1.3305122332333,5,8,0,-0.4065732383109243
5295,62,2366,1.3305122332333,6,4,0,1.5082786473265968
5296,62,2366,1.3305122332333,5,2,1,-0.7441972310697644
5297,62,2366,1.3305122332333,6,4,0,-0.2179098514150297
5298,62,2366,1.3305122332333,2,8,0,-1.1783393253016583
5299,62,2366,1.3305122332333,6,4,0,0.3002452990956262
5300,62,2366,1.3305122332333,6,5,1,0.5975000700597223
5301,62,2366,1.3305122332333,5,4,0,-1.4281061542738622
5302,62,2366,1.3305122332333,4,4,0,0.1801644833556398
5303,62,2366,1.3305122332333,6,4,0,-0.2483279035452763
5304,62,2366,1.3305122332333,5,5,0,-0.5146647960636419
5305,62,2366,1.3305122332333,6,5,0,1.0309538327143344
5306,62,2366,1.3305122332333,5,4,0,0.1953780448742282
5307,62,2366,1.3305122332333,5,8,0,-0.3498043318550261
5308,62,2366,1.3305122332333,5,4,0,0.0016576316495563
5309,62,2366,1.3305122332333,5,4,0,-0.2863642634537441
5310,62,2366,1.3305122332333,6,2,1,0.2891213023207426
5311,62,2366,1.3305122332333,2,2,0,0.8220628829565509
5312,62,2366,1.3305122332333,7,4,1,2.210407463376417
5313,62,2366,1.3305122332333,5,4,0,1.470104941050118
5314,62,2366,1.3305122332333,6,8,1,-0.8825815663456393
5315,62,2366,1.3305122332333,7,4,1,0.8245032605192892
5316,62,2366,1.3305122332333,5,4,1,-0.894860883588622
5317,62,2366,1.3305122332333,7,2,0,0.6014204859858072
5318,62,2366,1.3305122332333,6,2,0,0.0513583481498103
5319,62,2366,1.3305122332333,5,2,0,0.0281339747647657
5320,62,2366,1.3305122332333,5,8,0,1.1342677069608664
5321,62,2366,1.3305122332333,7,8,1,1.2657814203729405
5322,62,2366,1.3305122332333,5,4,0,-0.6870193316506518
5323,62,2366,1.3305122332333,5,4,1,-0.0332547738850591
5324,62,2366,1.3305122332333,6,4,1,-0.3509453146813707
5325,62,2366,1.3305122332333,6,4,1,0.7596976820159453
5326,62,2366,1.3305122332333,6,4,0,0.6158315626567878
5327,62,2366,1.3305122332333,4,1,0,-2.191414891344486
5328,62,2366,1.3305122332333,6,2,0,-0.0290195710436111
5329,62,2366,1.3305122332333,5,8,0,-0.4254673632365784
5330,62,2366,1.3305122332333,5,2,0,1.2088272867932202
5331,62,2366,1.3305122332333,5,4,1,-0.1546840458892106
5332,62,2366,1.3305122332333,6,1,0,-0.2778924130620306
5333,62,2366,1.3305122332333,5,4,0,0.4233687061940975
5334,62,2366,1.3305122332333,6,4,0,0.7019116056142028
5335,61,578,0.201487306882211,6,8,1,0.8613348369320339
5336,61,578,0.201487306882211,4,8,0,-0.3572685470777642
5337,61,578,0.201487306882211,6,4,0,0.4611518839895701
5338,61,578,0.201487306882211,4,8,0,-0.3288815009763616
5339,61,578,0.201487306882211,5,4,0,-0.8404472478530705
5340,61,578,0.201487306882211,6,4,0,-1.4001325583852786
5341,61,578,0.201487306882211,6,4,0,0.4888199105101755
5342,61,578,0.201487306882211,6,4,0,1.2242974627107748
5343,61,578,0.201487306882211,5,8,0,0.6297306283064016
5344,61,578,0.201487306882211,5,8,0,-0.4933575754326511
5345,61,578,0.201487306882211,4,4,1,-1.1106115274764692
5346,61,578,0.201487306882211,5,4,0,-0.6028580450543953
5347,61,578,0.201487306882211,6,8,1,-0.7081800034381212
5348,61,578,0.201487306882211,5,8,0,-1.0283379037432094
5349,61,578,0.201487306882211,5,8,0,-0.4557331794009647
5350,61,578,0.201487306882211,7,5,1,2.046247090845301
5351,61,578,0.201487306882211,6,4,0,-0.4346283688960336
5352,61,578,0.201487306882211,4,2,0,0.6756365315584463
5353,61,578,0.201487306882211,5,8,0,-1.9572166513811733
5354,61,578,0.201487306882211,6,2,0,0.5153861243980418
5355,61,578,0.201487306882211,2,4,0,-0.2906806966056251
5356,61,578,0.201487306882211,5,8,0,-0.139848222191688
5357,61,578,0.201487306882211,5,4,0,-1.563300256976987
5358,61,578,0.201487306882211,5,4,0,1.044340775286005
5359,61,578,0.201487306882211,4,8,0,-1.6665559773225815
5360,61,578,0.201487306882211,5,4,0,0.2217185448121985
5361,61,578,0.201487306882211,3,4,0,-1.7590284989563203
5362,61,578,0.201487306882211,5,4,0,-0.9279898425472716
5363,61,578,0.201487306882211,3,4,1,-1.784874387518014
5364,61,578,0.201487306882211,6,8,1,-0.9981054951297208
5365,61,578,0.201487306882211,6,4,1,1.1211203533296843
5366,61,578,0.201487306882211,7,8,1,-0.6869090352871293
5367,61,578,0.201487306882211,5,1,0,0.1349181009856011
5368,61,578,0.201487306882211,5,5,0,-0.2061961216229959
5369,61,578,0.201487306882211,5,4,0,-0.5412045256574616
5370,61,578,0.201487306882211,6,4,0,1.4110560678945614
5371,61,578,0.201487306882211,4,8,0,-2.528410866107832
5372,61,578,0.201487306882211,6,2,1,0.1031971700807157
5373,61,578,0.201487306882211,6,2,1,0.830557139371742
5374,61,578,0.201487306882211,6,4,1,1.2976300577399955
5375,61,578,0.201487306882211,5,4,0,-1.2268967222950669
5376,61,578,0.201487306882211,5,8,0,0.1278897874317824
5377,61,578,0.201487306882211,4,8,0,-1.067703790732512
5378,61,578,0.201487306882211,7,4,1,2.6226550246003293
5379,61,578,0.201487306882211,4,8,0,-0.4067310550119166
5380,61,578,0.201487306882211,6,2,0,-0.0776932047013218
5381,61,578,0.201487306882211,7,4,1,0.3260277867093987
5382,61,578,0.201487306882211,6,4,1,0.5578880950810634
5383,61,578,0.201487306882211,4,2,0,-0.8957637794539419
5384,61,578,0.201487306882211,6,4,0,1.4077556132843485
5385,61,578,0.201487306882211,5,5,0,-1.1701770911184812
5386,61,578,0.201487306882211,4,4,0,-0.9638384089070288
5387,61,578,0.201487306882211,7,4,1,1.0862080501428124
5388,61,578,0.201487306882211,5,4,0,-0.1868448776378303
5389,61,578,0.201487306882211,6,4,1,1.508911842134687
5390,61,578,0.201487306882211,5,8,0,-1.229744405481047
5391,61,578,0.201487306882211,6,3,0,0.2826160523295223
5392,61,578,0.201487306882211,6,7,0,0.7821703414610843
5393,61,578,0.201487306882211,5,4,0,-0.438784664779831
5394,61,578,0.201487306882211,5,4,1,0.5389660944662209
5395,61,578,0.201487306882211,6,4,0,-0.7355092727800618
5396,61,578,0.201487306882211,6,4,0,0.5671011065061244
5397,61,578,0.201487306882211,5,5,1,0.1974181368151284
5398,61,578,0.201487306882211,5,4,0,2.3511769017031696
5399,61,578,0.201487306882211,6,4,0,1.1069963473338456
5400,61,578,0.201487306882211,6,8,1,0.8256982508386762
5401,61,578,0.201487306882211,6,2,0,0.0612068519447157
5402,61,578,0.201487306882211,6,8,1,0.4800448372790466
5403,61,578,0.201487306882211,6,4,0,0.3795805800767008
5404,61,578,0.201487306882211,5,8,0,-1.6482975531983497
5405,61,578,0.201487306882211,5,8,0,-0.4711479425808737
5406,61,578,0.201487306882211,4,2,0,0.9941239750843672
5407,61,578,0.201487306882211,5,4,0,-0.967202360238742
5408,61,578,0.201487306882211,6,4,1,0.2829472373862602
5409,61,578,0.201487306882211,6,8,1,1.1684535005677892
5410,61,578,0.201487306882211,5,4,1,0.0423756709547496
5411,60,236,0.142414488872365,4,8,0,-0.6258964515969981
5412,60,236,0.142414488872365,2,4,0,-1.1211439443580105
5413,60,236,0.142414488872365,5,4,0,-0.673593993129697
5414,60,236,0.142414488872365,3,2,0,-1.0299352887203752
5415,60,236,0.142414488872365,4,4,1,-2.292977100433586
5416,60,236,0.142414488872365,7,4,1,0.1805917058323633
5417,60,236,0.142414488872365,4,8,0,-0.7985638721612945
5418,60,236,0.142414488872365,6,2,1,-1.0200047671633543
5419,60,236,0.142414488872365,6,4,1,0.0107233207319565
5420,60,236,0.142414488872365,5,8,0,-0.0097052383580032
5421,60,236,0.142414488872365,5,4,0,0.954653509341313
5422,60,236,0.142414488872365,7,4,0,0.5727781724223098
5423,60,236,0.142414488872365,6,1,0,-1.5928590383885437
5424,60,236,0.142414488872365,6,4,0,0.237927178759441
5425,60,236,0.142414488872365,5,5,1,-0.7932796899173279
5426,60,236,0.142414488872365,6,4,0,1.2267868023170878
5427,60,236,0.142414488872365,6,4,0,0.3111910893513079
5428,60,236,0.142414488872365,5,2,0,-0.5701689947093888
5429,60,236,0.142414488872365,3,4,0,-1.1156714812815065
5430,60,236,0.142414488872365,2,8,0,0.1120328621680955
5431,60,236,0.142414488872365,4,4,1,-2.419572531546256
5432,60,236,0.142414488872365,6,6,1,-0.2533295014943093
5433,60,236,0.142414488872365,5,8,0,-1.1267506517701606
5434,60,236,0.142414488872365,7,4,1,-0.9172718082673312
5435,60,236,0.142414488872365,7,4,1,0.1922251356081226
5436,60,236,0.142414488872365,6,2,0,-0.0031144796632834
5437,60,236,0.142414488872365,6,8,0,0.0719542499993388
5438,60,236,0.142414488872365,5,4,0,-1.0906494186331204
5439,60,236,0.142414488872365,3,4,0,0.049059938519087
5440,60,236,0.142414488872365,5,8,0,-1.897191893668546
5441,60,236,0.142414488872365,5,4,0,-1.1389270779558156
5442,60,236,0.142414488872365,3,4,0,-1.4616143696073212
5443,60,236,0.142414488872365,5,4,0,-1.30496227373151
5444,60,236,0.142414488872365,6,4,0,-0.4351182154882053
5445,60,236,0.142414488872365,4,4,0,0.3532827430479868
5446,60,236,0.142414488872365,1,4,0,-1.30010684154786
5447,59,818,-1.09092571620952,7,5,1,0.9379563612137172
5448,59,818,-1.09092571620952,5,4,1,0.2440422584460017
5449,59,818,-1.09092571620952,5,2,1,1.2125572399879747
5450,59,818,-1.09092571620952,6,5,1,1.8999918487334964
5451,59,818,-1.09092571620952,5,4,1,-0.1405844287327373
5452,59,818,-1.09092571620952,5,4,1,-0.1243544170300959
5453,59,818,-1.09092571620952,6,4,1,-1.4387466152074722
5454,59,818,-1.09092571620952,4,5,0,0.304966056685631
5455,59,818,-1.09092571620952,5,6,0,0.0781526235890724
5456,59,818,-1.09092571620952,5,4,1,0.5187275991194606
5457,59,818,-1.09092571620952,4,8,0,-1.1611951113827594
5458,59,818,-1.09092571620952,5,4,1,-1.4131925760692698
5459,59,818,-1.09092571620952,5,4,1,-0.426093729873274
5460,59,818,-1.09092571620952,6,4,0,0.4816269731672988
5461,59,818,-1.09092571620952,4,4,1,-0.9727848054232454
5462,59,818,-1.09092571620952,6,2,0,-0.4081299464281674
5463,59,818,-1.09092571620952,5,4,1,-1.5219887414302398
5464,59,818,-1.09092571620952,7,5,1,1.3936947184627655
5465,59,818,-1.09092571620952,6,4,0,0.3359278447589062
5466,59,818,-1.09092571620952,5,4,0,0.0469936898289136
5467,59,818,-1.09092571620952,5,2,0,-0.3305703989696686
5468,59,818,-1.09092571620952,7,4,1,1.363113861893651
5469,59,818,-1.09092571620952,6,4,0,1.096449381803949
5470,59,818,-1.09092571620952,7,5,1,0.997784235179466
5471,59,818,-1.09092571620952,4,4,0,-1.347494403019272
5472,59,818,-1.09092571620952,6,5,1,0.2455997981626742
5473,59,818,-1.09092571620952,5,6,0,-0.8821087894497562
5474,59,818,-1.09092571620952,4,4,1,0.7458868440189823
5475,59,818,-1.09092571620952,5,4,0,-0.2802281555604419
5476,59,818,-1.09092571620952,6,4,1,0.9363994193443628
5477,59,818,-1.09092571620952,6,4,1,0.3304398347835762
5478,59,818,-1.09092571620952,5,4,0,-0.4427727940031722
5479,59,818,-1.09092571620952,6,4,1,0.9118943211610188
5480,59,818,-1.09092571620952,4,4,0,0.4141670611753305
5481,59,818,-1.09092571620952,6,2,1,-0.3041744430328319
5482,59,818,-1.09092571620952,7,5,1,0.9311812297278448
5483,59,818,-1.09092571620952,6,4,0,0.4481842539800648
5484,59,818,-1.09092571620952,5,4,0,0.1508225704217064
5485,59,818,-1.09092571620952,3,4,0,-1.1177878684490068
5486,59,818,-1.09092571620952,6,5,1,0.9357947593849898
5487,59,818,-1.09092571620952,6,4,1,-0.2361588168937494
5488,59,818,-1.09092571620952,6,4,0,0.4497076838877631
5489,59,818,-1.09092571620952,7,4,0,0.4975427656410155
5490,59,818,-1.09092571620952,6,4,1,0.4638733175725585
5491,59,818,-1.09092571620952,5,4,0,-0.5530668757392334
5492,59,818,-1.09092571620952,5,4,0,1.3597654298989272
5493,59,818,-1.09092571620952,6,4,0,-0.9106369560393212
5494,59,818,-1.09092571620952,6,4,0,0.0965135736384546
5495,59,818,-1.09092571620952,5,4,0,-0.7099291825179004
5496,59,818,-1.09092571620952,5,4,1,-0.7264988136619684
5497,59,818,-1.09092571620952,7,4,1,0.0272718103677184
5498,59,818,-1.09092571620952,6,4,1,-1.743556712899506
5499,59,818,-1.09092571620952,5,4,0,0.92077878097803
5500,59,818,-1.09092571620952,6,4,0,-0.7244979960272845
5501,59,818,-1.09092571620952,6,4,1,0.7503855889483959
5502,59,818,-1.09092571620952,5,4,0,-0.1661722092601258
5503,59,818,-1.09092571620952,7,4,1,0.5001755481452268
5504,59,818,-1.09092571620952,6,4,1,-0.2889548292401545
5505,59,818,-1.09092571620952,6,4,1,-0.4161253728127695
5506,59,818,-1.09092571620952,7,4,0,1.050308127428754
5507,59,818,-1.09092571620952,7,4,0,-0.1554419980491849
5508,59,818,-1.09092571620952,5,4,1,-0.6063743232849648
5509,59,818,-1.09092571620952,6,4,1,-0.5986229108810225
5510,59,818,-1.09092571620952,6,4,0,0.7408311932604937
5511,59,818,-1.09092571620952,5,1,1,-0.8706137043990383
5512,59,818,-1.09092571620952,3,4,0,-0.6497381137304239
5513,59,818,-1.09092571620952,5,8,0,1.466576869586022
5514,59,818,-1.09092571620952,5,4,0,0.7500286576032357
5515,59,818,-1.09092571620952,5,4,0,0.440170011031457
5516,59,818,-1.09092571620952,3,7,1,-0.9597322367176518
5517,59,818,-1.09092571620952,5,4,1,-1.6023556010675195
5518,59,818,-1.09092571620952,7,5,1,2.19037227178504
5519,59,818,-1.09092571620952,6,4,0,-0.4611576097977483
5520,59,818,-1.09092571620952,5,4,0,-0.8753362850197995
5521,59,818,-1.09092571620952,5,4,0,-0.6252881750449185
5522,59,818,-1.09092571620952,5,2,1,-2.1645162340502497
5523,59,818,-1.09092571620952,4,2,1,-0.7430133197664522
5524,59,818,-1.09092571620952,6,5,0,0.9203103294172132
5525,59,818,-1.09092571620952,6,2,0,-1.2395854632694794
5526,59,818,-1.09092571620952,6,4,1,0.9207760048853754
5527,59,818,-1.09092571620952,5,4,0,-1.408887323850817
5528,59,818,-1.09092571620952,7,4,1,1.1150490870193956
5529,59,818,-1.09092571620952,5,4,1,-0.772097401644633
5530,59,818,-1.09092571620952,6,4,1,1.3824916952367148
5531,59,818,-1.09092571620952,6,1,1,0.2192376656333287
5532,59,818,-1.09092571620952,5,4,1,-1.326864079037514
5533,59,818,-1.09092571620952,6,4,0,0.6019407292293443
5534,59,818,-1.09092571620952,4,4,0,-1.1020147365644908
5535,59,818,-1.09092571620952,3,8,1,-1.539322893937136
5536,59,818,-1.09092571620952,5,4,1,0.922484576178066
5537,59,818,-1.09092571620952,5,4,1,-1.2214088663927138
5538,59,818,-1.09092571620952,6,5,1,0.967757738648812
5539,59,818,-1.09092571620952,4,8,0,-2.3566061853023466
5540,59,818,-1.09092571620952,6,5,0,0.7329743606414841
5541,59,818,-1.09092571620952,5,5,1,-0.1391246742827731
5542,59,818,-1.09092571620952,2,1,0,-1.1478959287594617
5543,59,818,-1.09092571620952,6,4,0,0.4683889072067219
5544,59,818,-1.09092571620952,6,1,0,-0.0558412673759278
5545,59,818,-1.09092571620952,4,4,1,-1.6768324050750254
5546,59,818,-1.09092571620952,4,5,1,-0.1006747234576623
5547,59,818,-1.09092571620952,5,4,0,-0.9721102444499669
5548,59,818,-1.09092571620952,3,4,0,-1.3196788923903815
5549,59,818,-1.09092571620952,7,5,1,1.5266115770837758
5550,59,818,-1.09092571620952,6,4,1,0.3970189780345124
5551,59,818,-1.09092571620952,6,4,0,1.2940397738967222
5552,59,818,-1.09092571620952,4,1,1,-0.2554475780641192
5553,59,818,-1.09092571620952,4,4,0,-0.4657438369977582
5554,59,818,-1.09092571620952,6,1,0,-0.2017871620233384
5555,59,818,-1.09092571620952,6,1,1,0.8487491213541073
5556,59,818,-1.09092571620952,5,8,0,-1.32521743277474
5557,59,818,-1.09092571620952,6,5,0,2.150219775193679
5558,59,818,-1.09092571620952,6,4,1,0.2473323974682738
5559,59,818,-1.09092571620952,6,4,1,0.3446433398071184
5560,59,818,-1.09092571620952,5,4,1,-0.1192202587396791
5561,59,818,-1.09092571620952,5,4,1,0.2069235579613093
5562,59,818,-1.09092571620952,6,1,1,-1.1516437872665974
5563,59,818,-1.09092571620952,5,4,0,-1.0327894911592572
5564,59,818,-1.09092571620952,5,2,1,-0.8336141575668964
5565,59,818,-1.09092571620952,6,8,1,0.9995376898520406
5566,59,818,-1.09092571620952,6,4,1,-0.3118886211365376
5567,59,818,-1.09092571620952,6,5,1,0.9920187431217856
5568,59,818,-1.09092571620952,5,8,0,-1.4421497062227286
5569,59,818,-1.09092571620952,5,4,0,-0.3701582716365232
5570,59,818,-1.09092571620952,5,4,0,-1.4049623238182305
5571,59,818,-1.09092571620952,6,5,1,-0.6655552841812595
5572,59,818,-1.09092571620952,5,4,0,0.8817055498416532
5573,59,818,-1.09092571620952,5,5,0,-0.8475568215217224
5574,59,818,-1.09092571620952,7,5,0,0.7057790150138277
5575,59,818,-1.09092571620952,5,4,0,-0.868612757037624
5576,58,1732,-0.946657004743936,3,1,0,0.0321099218004569
5577,58,1732,-0.946657004743936,5,4,0,-0.0873091463451289
5578,58,1732,-0.946657004743936,5,1,0,0.2376723250737435
5579,58,1732,-0.946657004743936,5,4,0,-2.0664285548360866
5580,58,1732,-0.946657004743936,5,5,1,-0.4973047646602194
5581,58,1732,-0.946657004743936,6,4,1,-0.3518474689264416
5582,58,1732,-0.946657004743936,5,4,1,0.723095367421734
5583,58,1732,-0.946657004743936,6,4,1,-0.0215971589759381
5584,58,1732,-0.946657004743936,5,4,1,-0.8293258338297088
5585,58,1732,-0.946657004743936,5,5,0,1.1795853235443214
5586,58,1732,-0.946657004743936,6,4,0,1.15469686452325
5587,58,1732,-0.946657004743936,6,8,0,-0.4668403752873868
5588,58,1732,-0.946657004743936,6,5,1,-0.4822015442057016
5589,58,1732,-0.946657004743936,7,4,0,1.108596527058977
5590,58,1732,-0.946657004743936,5,4,0,-0.9715150689588692
5591,58,1732,-0.946657004743936,5,4,0,-0.6990606266012138
5592,58,1732,-0.946657004743936,4,1,0,-1.7557420831328907
5593,58,1732,-0.946657004743936,7,2,0,-1.240875909459318
5594,58,1732,-0.946657004743936,6,4,1,-1.3425907741468728
5595,58,1732,-0.946657004743936,5,4,0,0.6155403308545645
5596,58,1732,-0.946657004743936,6,4,0,1.0050163139574868
5597,58,1732,-0.946657004743936,5,8,0,-0.495168463056903
5598,58,1732,-0.946657004743936,6,4,0,-0.7189254003688342
5599,58,1732,-0.946657004743936,5,4,0,-1.0512030587718568
5600,58,1732,-0.946657004743936,5,8,1,-1.3244607254397938
5601,58,1732,-0.946657004743936,5,4,1,-0.3156005493164925
5602,58,1732,-0.946657004743936,5,8,0,-0.2450261330033441
5603,58,1732,-0.946657004743936,4,1,0,-0.6746883930653362
5604,58,1732,-0.946657004743936,6,4,0,-0.0770100135392628
5605,58,1732,-0.946657004743936,6,8,1,-0.914825504058592
5606,58,1732,-0.946657004743936,6,4,1,0.0887926372948767
5607,58,1732,-0.946657004743936,6,8,0,-0.074771842713455
5608,58,1732,-0.946657004743936,5,1,0,-0.3418360126012076
5609,58,1732,-0.946657004743936,6,4,0,-0.6055162150510617
5610,58,1732,-0.946657004743936,6,4,0,0.4189251538048787
5611,58,1732,-0.946657004743936,7,8,1,-0.3840783938560104
5612,58,1732,-0.946657004743936,6,4,1,0.246905792769269
5613,58,1732,-0.946657004743936,6,4,0,-0.1817205368283471
5614,58,1732,-0.946657004743936,1,4,0,0.3331205757859161
5615,58,1732,-0.946657004743936,5,4,0,-0.748830040793337
5616,58,1732,-0.946657004743936,5,8,1,-1.126293501120673
5617,58,1732,-0.946657004743936,6,4,0,0.0533415610966448
5618,58,1732,-0.946657004743936,5,4,0,0.7937645632686571
5619,58,1732,-0.946657004743936,6,4,0,1.5911976200590725
5620,58,1732,-0.946657004743936,5,5,0,-1.84599990978368
5621,58,1732,-0.946657004743936,6,4,1,-1.1784887475657897
5622,58,1732,-0.946657004743936,6,8,0,0.4081689630896327
5623,58,1732,-0.946657004743936,5,4,0,-0.5030277982949396
5624,58,1732,-0.946657004743936,6,4,1,0.0662742542929421
5625,58,1732,-0.946657004743936,6,4,0,-2.29807190202541
5626,58,1732,-0.946657004743936,6,4,0,-1.149278472511468
5627,58,1732,-0.946657004743936,5,4,0,-0.3495675676383336
5628,58,1732,-0.946657004743936,6,2,1,-0.4208570370859096
5629,58,1732,-0.946657004743936,5,4,0,-0.883423894985675
5630,58,1732,-0.946657004743936,6,4,0,0.060189575504763
5631,58,1732,-0.946657004743936,5,1,0,-0.7012386325674959
5632,58,1732,-0.946657004743936,4,4,1,-1.970905596887934
5633,58,1732,-0.946657004743936,6,4,0,0.1520392224136984
5634,58,1732,-0.946657004743936,6,1,0,0.0079690573698359
5635,58,1732,-0.946657004743936,6,4,0,-0.2029178959923789
5636,58,1732,-0.946657004743936,6,4,0,0.74721080203592
5637,58,1732,-0.946657004743936,1,4,0,-1.7445793602524298
5638,58,1732,-0.946657004743936,7,1,0,1.0196706846918642
5639,58,1732,-0.946657004743936,6,8,0,-0.5733265187947308
5640,58,1732,-0.946657004743936,6,4,1,-0.0015267296701793
5641,58,1732,-0.946657004743936,6,4,1,-0.4373458653208265
5642,58,1732,-0.946657004743936,5,4,0,-0.6280715904132268
5643,58,1732,-0.946657004743936,7,4,1,0.3959350969317721
5644,58,1732,-0.946657004743936,6,4,0,-1.199949171159067
5645,58,1732,-0.946657004743936,5,4,0,-0.4815032699986338
5646,58,1732,-0.946657004743936,6,2,0,-0.1756653468938023
5647,58,1732,-0.946657004743936,7,4,0,-0.298188556644713
5648,58,1732,-0.946657004743936,7,4,1,-1.048495579392596
5649,58,1732,-0.946657004743936,6,4,0,0.1587849884515736
5650,58,1732,-0.946657004743936,5,8,1,0.9803248991390544
5651,58,1732,-0.946657004743936,5,1,1,0.8633434613693522
5652,58,1732,-0.946657004743936,6,4,0,-0.3020414423625346
5653,58,1732,-0.946657004743936,6,1,0,0.8667622887253695
5654,58,1732,-0.946657004743936,5,4,1,-1.812318348635195
5655,58,1732,-0.946657004743936,5,8,0,-2.2517578729448835
5656,58,1732,-0.946657004743936,5,4,0,-2.260147379092964
5657,58,1732,-0.946657004743936,6,4,1,1.494076153054896
5658,58,1732,-0.946657004743936,6,4,0,-1.6636246743468728
5659,58,1732,-0.946657004743936,6,4,1,-0.2494685636715677
5660,58,1732,-0.946657004743936,6,4,0,1.5682863290570213
5661,58,1732,-0.946657004743936,4,1,0,-0.6055930379212051
5662,58,1732,-0.946657004743936,6,4,0,-0.1156024282107958
5663,58,1732,-0.946657004743936,7,4,1,1.3815732255934148
5664,58,1732,-0.946657004743936,7,4,1,1.2359868152376396
5665,58,1732,-0.946657004743936,5,4,0,-0.8704589465007919
5666,58,1732,-0.946657004743936,5,4,0,-0.5884596760695897
5667,58,1732,-0.946657004743936,7,8,0,1.1193962296954023
5668,58,1732,-0.946657004743936,6,8,1,-0.5515200159280538
5669,58,1732,-0.946657004743936,6,5,0,0.3396406739438323
5670,58,1732,-0.946657004743936,6,4,0,-0.423444670029992
5671,58,1732,-0.946657004743936,5,4,1,-1.7964556995294378
5672,58,1732,-0.946657004743936,6,8,0,-1.0460112386492617
5673,58,1732,-0.946657004743936,4,4,0,-1.174453914220059
5674,58,1732,-0.946657004743936,4,8,1,-0.3783165958753751
5675,58,1732,-0.946657004743936,3,1,0,-0.1544313426553491
5676,58,1732,-0.946657004743936,5,2,0,-0.8816893142598197
5677,58,1732,-0.946657004743936,7,2,0,-0.8182804508776238
5678,58,1732,-0.946657004743936,6,4,1,-1.022469913562534
5679,58,1732,-0.946657004743936,5,4,0,-0.4318084577298487
5680,58,1732,-0.946657004743936,6,4,0,-1.5012397598181462
5681,58,1732,-0.946657004743936,7,4,1,-0.6948808572047686
5682,58,1732,-0.946657004743936,6,4,1,0.8104721854006058
5683,58,1732,-0.946657004743936,4,4,0,-1.062506177837086
5684,58,1732,-0.946657004743936,5,8,1,-2.1885587558794297
5685,58,1732,-0.946657004743936,5,4,0,-1.2759961922172325
5686,58,1732,-0.946657004743936,5,2,1,-0.29310213829637
5687,58,1732,-0.946657004743936,5,4,0,-2.0167569489153787
5688,58,1732,-0.946657004743936,6,8,0,-1.0020062354069346
5689,58,1732,-0.946657004743936,6,8,1,0.2926169538836396
5690,58,1732,-0.946657004743936,5,4,0,-0.4279810375928077
5691,58,1732,-0.946657004743936,7,5,1,0.8982268911641318
5692,58,1732,-0.946657004743936,6,2,1,-0.3264988885284625
5693,58,1732,-0.946657004743936,5,8,0,-1.17002564423999
5694,58,1732,-0.946657004743936,7,4,1,-0.05660957255496
5695,58,1732,-0.946657004743936,6,4,1,-0.4243775850687213
5696,58,1732,-0.946657004743936,6,4,1,-0.685377529830885
5697,58,1732,-0.946657004743936,7,4,0,0.4232113024128233
5698,58,1732,-0.946657004743936,6,4,0,0.1805306661245389
5699,58,1732,-0.946657004743936,5,4,0,0.4335800675347636
5700,58,1732,-0.946657004743936,5,4,0,0.2034107499434357
5701,58,1732,-0.946657004743936,6,4,0,1.1726039302848568
5702,58,1732,-0.946657004743936,6,4,0,-0.0596372138796442
5703,58,1732,-0.946657004743936,5,4,0,-1.0718525191607176
5704,58,1732,-0.946657004743936,6,4,1,0.8813527605425555
5705,58,1732,-0.946657004743936,5,4,1,-0.9337458782965824
5706,58,1732,-0.946657004743936,3,4,0,-1.89577186193285
5707,58,1732,-0.946657004743936,6,4,0,-0.4317393711864242
5708,58,1732,-0.946657004743936,6,4,0,-0.1116893789953178
5709,58,1732,-0.946657004743936,4,2,0,-1.700505224735484
5710,58,1732,-0.946657004743936,5,4,1,-1.4124462805664386
5711,58,1732,-0.946657004743936,6,4,0,-0.5673033856792096
5712,58,1732,-0.946657004743936,7,4,0,-0.3528247495649383
5713,58,1732,-0.946657004743936,5,8,0,-0.1607406359765299
5714,58,1732,-0.946657004743936,6,4,1,0.9537997622135038
5715,58,1732,-0.946657004743936,6,4,0,-0.3537486041573083
5716,58,1732,-0.946657004743936,6,4,1,-0.2000682114679332
5717,58,1732,-0.946657004743936,6,4,0,-0.9896083179026564
5718,58,1732,-0.946657004743936,6,4,0,-0.934309180070172
5719,58,1732,-0.946657004743936,7,4,0,0.5717607829991959
5720,58,1732,-0.946657004743936,7,4,0,-0.9675865336452244
5721,58,1732,-0.946657004743936,5,5,0,-1.5991162392594909
5722,58,1732,-0.946657004743936,6,4,1,0.6564217745219592
5723,58,1732,-0.946657004743936,6,4,1,-0.5819955501216834
5724,58,1732,-0.946657004743936,5,4,0,-0.7019605436144332
5725,58,1732,-0.946657004743936,5,5,0,-1.893035926407584
5726,58,1732,-0.946657004743936,6,8,1,-1.511020794751398
5727,58,1732,-0.946657004743936,6,4,0,-0.1325989718161425
5728,58,1732,-0.946657004743936,3,4,0,-1.0251705797244572
5729,58,1732,-0.946657004743936,5,4,1,-1.3495437404996715
5730,58,1732,-0.946657004743936,6,4,0,-1.4143776661501344
5731,58,1732,-0.946657004743936,6,4,0,-0.7776841085123957
5732,58,1732,-0.946657004743936,5,5,0,-0.56386947207093
5733,58,1732,-0.946657004743936,5,4,1,-0.8367415582023322
5734,58,1732,-0.946657004743936,6,4,0,-1.7848556501240096
5735,58,1732,-0.946657004743936,3,1,0,-0.9666344139824826
5736,58,1732,-0.946657004743936,6,4,1,1.129565432551955
5737,58,1732,-0.946657004743936,4,4,0,-0.2290850164587703
5738,58,1732,-0.946657004743936,4,4,0,-0.7794787974725291
5739,58,1732,-0.946657004743936,6,4,0,0.0135818240718351
5740,58,1732,-0.946657004743936,6,4,1,1.2427597901639318
5741,58,1732,-0.946657004743936,6,4,0,-0.0951230050317407
5742,58,1732,-0.946657004743936,6,4,0,-1.865697958302959
5743,58,1732,-0.946657004743936,6,4,0,0.1099564295565008
5744,58,1732,-0.946657004743936,5,4,0,-2.015095019509636
5745,58,1732,-0.946657004743936,6,4,1,-0.6728740922524532
5746,58,1732,-0.946657004743936,4,4,0,-2.1526743334870933
5747,58,1732,-0.946657004743936,6,2,0,0.4557746953317845
5748,58,1732,-0.946657004743936,6,4,0,-0.3170139426231388
5749,58,1732,-0.946657004743936,7,4,1,0.3771878245790065
5750,58,1732,-0.946657004743936,6,4,0,-1.8788119228643367
5751,58,1732,-0.946657004743936,6,4,0,-0.1924871048731314
5752,58,1732,-0.946657004743936,5,4,0,0.0764004103818728
5753,58,1732,-0.946657004743936,7,4,1,0.3985028613884237
5754,58,1732,-0.946657004743936,5,4,0,-1.4021039426162778
5755,58,1732,-0.946657004743936,6,2,0,-0.3870030551689756
5756,58,1732,-0.946657004743936,5,4,0,-1.4656952607469549
5757,58,1732,-0.946657004743936,6,4,1,-1.0429402205066485
5758,58,1732,-0.946657004743936,7,4,0,0.190122658529127
5759,58,1732,-0.946657004743936,3,4,0,-1.1576880637582434
5760,58,1732,-0.946657004743936,6,4,0,-0.0891647732324445
5761,58,1732,-0.946657004743936,7,8,0,-0.8194015896018972
5762,58,1732,-0.946657004743936,5,4,0,-0.7012466785666424
5763,58,1732,-0.946657004743936,6,4,1,0.9601449131465843
5764,58,1732,-0.946657004743936,5,4,0,-0.4159976684394361
5765,58,1732,-0.946657004743936,6,4,0,-1.3179711846628577
5766,58,1732,-0.946657004743936,5,4,1,-0.426607827908682
5767,58,1732,-0.946657004743936,6,4,0,-1.2987841249962957
5768,58,1732,-0.946657004743936,5,4,0,-0.1915864979081668
5769,58,1732,-0.946657004743936,6,4,0,0.42441763920392
5770,58,1732,-0.946657004743936,6,4,1,-0.4525242621520279
5771,58,1732,-0.946657004743936,6,4,1,-0.4161529942740694
5772,58,1732,-0.946657004743936,6,4,0,-0.4232691652661531
5773,58,1732,-0.946657004743936,4,8,0,-0.2224819482124239
5774,58,1732,-0.946657004743936,5,4,0,-0.9412347085477966
5775,58,1732,-0.946657004743936,6,4,0,0.5032433348065859
5776,58,1732,-0.946657004743936,6,4,0,-0.0377663483977062
5777,58,1732,-0.946657004743936,5,4,0,0.4466279090252585
5778,58,1732,-0.946657004743936,5,4,0,-0.1566833448097314
5779,58,1732,-0.946657004743936,5,4,0,-1.4497001115750423
5780,58,1732,-0.946657004743936,6,4,0,0.4086660915264679
5781,58,1732,-0.946657004743936,7,4,1,-0.0968645984186086
5782,58,1732,-0.946657004743936,7,4,0,1.8810537138922208
5783,58,1732,-0.946657004743936,6,4,1,0.2975932033610994
5784,58,1732,-0.946657004743936,5,4,0,-0.6063644664087001
5785,58,1732,-0.946657004743936,5,3,0,-0.3723429531468688
5786,58,1732,-0.946657004743936,7,4,1,0.2027523830093545
5787,58,1732,-0.946657004743936,7,4,1,0.4970206380927047
5788,58,1732,-0.946657004743936,6,4,1,-0.0145449852290944
5789,58,1732,-0.946657004743936,6,4,1,0.884863325872562
5790,58,1732,-0.946657004743936,6,4,0,1.0627517826231936
5791,58,1732,-0.946657004743936,5,1,0,-2.199334982741434
5792,58,1732,-0.946657004743936,4,4,0,-1.1300212251013726
5793,58,1732,-0.946657004743936,7,4,1,0.5338416789644435
5794,58,1732,-0.946657004743936,6,4,1,-1.2956669294294303
5795,58,1732,-0.946657004743936,7,4,1,0.5295370513505795
5796,58,1732,-0.946657004743936,6,4,1,-1.0866880196749695
5797,58,1732,-0.946657004743936,7,4,1,0.7063347216124058
5798,58,1732,-0.946657004743936,5,4,0,-0.5413961452417182
5799,58,1732,-0.946657004743936,6,8,0,-0.9686068908691812
5800,58,1732,-0.946657004743936,5,4,0,-1.27413107222113
5801,58,1732,-0.946657004743936,6,8,0,-0.1015748508985006
5802,58,1732,-0.946657004743936,6,8,1,0.6421437373521341
5803,58,1732,-0.946657004743936,5,4,0,0.0340354626406418
5804,58,1732,-0.946657004743936,6,2,1,-0.7562615298898525
5805,58,1732,-0.946657004743936,5,5,0,-1.191189899068904
5806,58,1732,-0.946657004743936,6,4,1,-0.9715157396383404
5807,58,1732,-0.946657004743936,5,4,0,-1.7376420413866105
5808,58,1732,-0.946657004743936,6,8,1,0.658776460651816
5809,58,1732,-0.946657004743936,6,4,0,-0.4667585855114356
5810,58,1732,-0.946657004743936,5,8,0,-1.6057728936009226
5811,58,1732,-0.946657004743936,5,2,0,-0.8530899068703293
5812,58,1732,-0.946657004743936,5,8,0,-0.5789456569436326
5813,58,1732,-0.946657004743936,5,4,0,-0.550259239845242
5814,58,1732,-0.946657004743936,6,4,1,-0.7776276809636266
5815,58,1732,-0.946657004743936,2,1,0,-1.1368579413985862
5816,58,1732,-0.946657004743936,4,5,0,-0.0197323847669447
5817,58,1732,-0.946657004743936,5,4,0,-1.344695682627867
5818,58,1732,-0.946657004743936,5,4,1,-1.0257848658816675
5819,58,1732,-0.946657004743936,6,4,1,-0.9792910862328452
5820,58,1732,-0.946657004743936,7,4,0,0.0674785972396497
5821,58,1732,-0.946657004743936,6,4,1,-1.568227115152239
5822,58,1732,-0.946657004743936,6,4,1,0.3885985434134136
5823,58,1732,-0.946657004743936,6,8,0,-1.4233228653787189
5824,58,1732,-0.946657004743936,5,8,0,0.4819149541085296
5825,58,1732,-0.946657004743936,6,4,0,0.884991187473518
5826,58,1732,-0.946657004743936,6,4,0,0.2208370090506718
5827,58,1732,-0.946657004743936,4,4,0,-1.2051614154696562
5828,58,1732,-0.946657004743936,4,4,0,-1.191347604168092
5829,58,1732,-0.946657004743936,5,4,0,-1.1316737415714793
5830,58,1732,-0.946657004743936,7,5,0,0.9966867953129906
5831,58,1732,-0.946657004743936,7,4,1,-0.0006072794907987
5832,57,985,-0.81379922133035,4,8,0,-0.1180679965932722
5833,57,985,-0.81379922133035,5,4,0,-1.1964078521190955
5834,57,985,-0.81379922133035,5,8,0,-0.3840018174699111
5835,57,985,-0.81379922133035,5,8,0,-0.6373654196801334
5836,57,985,-0.81379922133035,6,4,1,1.013556813056478
5837,57,985,-0.81379922133035,5,4,0,-0.1222838029663628
5838,57,985,-0.81379922133035,6,4,0,-0.2624044382459001
5839,57,985,-0.81379922133035,6,8,0,1.235383268172775
5840,57,985,-0.81379922133035,6,5,1,1.429008424597482
5841,57,985,-0.81379922133035,6,4,0,0.0644389954762269
5842,57,985,-0.81379922133035,5,4,0,-0.9684464512722474
5843,57,985,-0.81379922133035,6,8,0,0.496694365802554
5844,57,985,-0.81379922133035,4,8,0,-0.3403796542244404
5845,57,985,-0.81379922133035,6,4,1,0.7069069356995438
5846,57,985,-0.81379922133035,5,8,0,-1.2452853997814362
5847,57,985,-0.81379922133035,5,1,0,-0.1471367035227719
5848,57,985,-0.81379922133035,5,4,0,0.0014234251974865
5849,57,985,-0.81379922133035,2,4,0,-0.7491510464145706
5850,57,985,-0.81379922133035,4,1,0,-0.9391143853284428
5851,57,985,-0.81379922133035,4,8,0,1.0740488274010327
5852,57,985,-0.81379922133035,5,4,0,0.9436403011586132
5853,57,985,-0.81379922133035,5,4,0,-0.7177399494571333
5854,57,985,-0.81379922133035,6,8,0,0.5103964354774266
5855,57,985,-0.81379922133035,6,4,0,-0.251647432148101
5856,57,985,-0.81379922133035,3,4,0,-1.0025893851535352
5857,57,985,-0.81379922133035,5,4,0,-1.7971742555643675
5858,57,985,-0.81379922133035,6,1,0,0.4161028801559435
5859,57,985,-0.81379922133035,6,4,0,0.4018976023669879
5860,57,985,-0.81379922133035,5,8,1,0.4095575921451501
5861,57,985,-0.81379922133035,5,4,0,-1.5556699758722343
5862,57,985,-0.81379922133035,5,4,1,-0.0859498941036159
5863,57,985,-0.81379922133035,6,4,0,0.4470575887279527
5864,57,985,-0.81379922133035,5,4,1,-1.0791137391345542
5865,57,985,-0.81379922133035,6,1,0,0.1280418002934372
5866,57,985,-0.81379922133035,4,8,0,-1.325482586491881
5867,57,985,-0.81379922133035,5,2,1,0.5449610791220268
5868,57,985,-0.81379922133035,4,1,0,-0.2961858026836336
5869,57,985,-0.81379922133035,6,8,0,1.8863938502117783
5870,57,985,-0.81379922133035,4,4,0,-1.3681326910663785
5871,57,985,-0.81379922133035,7,4,1,1.5416319610047482
5872,57,985,-0.81379922133035,6,4,1,0.1815577158565089
5873,57,985,-0.81379922133035,7,4,0,0.4237339508941209
5874,57,985,-0.81379922133035,7,4,1,0.902905768057431
5875,57,985,-0.81379922133035,5,8,0,1.5244826706738523
5876,57,985,-0.81379922133035,6,4,1,-0.2373591215142872
5877,57,985,-0.81379922133035,5,1,1,-0.1743690321790348
5878,57,985,-0.81379922133035,6,8,0,0.3144537509174276
5879,57,985,-0.81379922133035,5,4,0,-0.6742059371881797
5880,57,985,-0.81379922133035,7,8,1,1.89849059653367
5881,57,985,-0.81379922133035,5,4,0,-1.4706140794940987
5882,57,985,-0.81379922133035,6,8,0,-0.5154285655668297
5883,57,985,-0.81379922133035,5,4,0,-0.8907388754656099
5884,57,985,-0.81379922133035,5,8,0,-0.2802608071080886
5885,57,985,-0.81379922133035,4,4,0,-1.3441865684574923
5886,57,985,-0.81379922133035,6,4,0,0.2931396003739494
5887,57,985,-0.81379922133035,5,4,0,-0.0034535837027512
5888,57,985,-0.81379922133035,6,4,0,0.7285090583052691
5889,57,985,-0.81379922133035,6,4,0,0.1327609670179564
5890,57,985,-0.81379922133035,7,8,0,1.1145703844122687
5891,57,985,-0.81379922133035,5,4,0,-1.5722845038516031
5892,57,985,-0.81379922133035,7,4,0,1.1732611804795106
5893,57,985,-0.81379922133035,4,4,0,-1.6106362214691148
5894,57,985,-0.81379922133035,3,4,0,-1.6605388393827187
5895,57,985,-0.81379922133035,6,4,0,2.459413882098706
5896,57,985,-0.81379922133035,5,4,0,1.6397412222612846
5897,57,985,-0.81379922133035,6,4,0,0.3105366288999682
5898,57,985,-0.81379922133035,4,4,0,-1.333774751252142
5899,57,985,-0.81379922133035,7,4,1,0.6188784481401611
5900,57,985,-0.81379922133035,5,1,0,-0.3606847783675679
5901,57,985,-0.81379922133035,5,8,0,-1.4292374311576357
5902,57,985,-0.81379922133035,4,4,0,0.123173342532377
5903,57,985,-0.81379922133035,6,4,0,0.1766733909897109
5904,57,985,-0.81379922133035,6,8,0,1.7117989038636876
5905,57,985,-0.81379922133035,5,4,0,-1.242756844332726
5906,57,985,-0.81379922133035,7,8,1,1.2637954593814793
5907,57,985,-0.81379922133035,6,4,1,0.5720216550248849
5908,57,985,-0.81379922133035,6,4,0,-0.7286368017490878
5909,57,985,-0.81379922133035,7,8,1,2.0671691393481537
5910,57,985,-0.81379922133035,6,4,0,1.2904946627905167
5911,57,985,-0.81379922133035,4,8,0,-1.2004353451720235
5912,57,985,-0.81379922133035,5,4,0,-1.8876953820140343
5913,57,985,-0.81379922133035,5,4,0,-0.5768829606650933
5914,57,985,-0.81379922133035,7,4,0,-0.7224411829745739
5915,57,985,-0.81379922133035,6,4,0,1.7413883325718598
5916,57,985,-0.81379922133035,6,4,0,0.1707106399037793
5917,57,985,-0.81379922133035,4,4,0,-1.9161257368999816
5918,57,985,-0.81379922133035,6,4,1,-0.7355833640836463
5919,57,985,-0.81379922133035,6,4,0,1.2667138768341129
5920,57,985,-0.81379922133035,5,4,1,0.1211332956304206
5921,57,985,-0.81379922133035,6,8,1,0.5638303665108263
5922,57,985,-0.81379922133035,6,4,1,0.6612861692035409
5923,57,985,-0.81379922133035,4,4,0,-1.287596036047429
5924,57,985,-0.81379922133035,6,4,0,0.1853657996654374
5925,57,985,-0.81379922133035,6,4,1,-0.2327007295100439
5926,57,985,-0.81379922133035,5,4,0,-0.3503851828363921
5927,57,985,-0.81379922133035,5,4,0,-0.8735645483899946
5928,57,985,-0.81379922133035,6,4,0,0.2162848778630148
5929,57,985,-0.81379922133035,2,4,0,-0.388844530213996
5930,57,985,-0.81379922133035,6,4,0,0.395573404016917
5931,57,985,-0.81379922133035,5,4,0,-1.583869860384587
5932,57,985,-0.81379922133035,5,4,0,-1.3541510448965357
5933,57,985,-0.81379922133035,5,4,0,0.6752194090300243
5934,57,985,-0.81379922133035,6,4,0,0.8199595003870311
5935,57,985,-0.81379922133035,6,8,1,-1.1716270301545673
5936,57,985,-0.81379922133035,5,4,0,-0.7521437469459357
5937,57,985,-0.81379922133035,6,4,0,0.0162915638596291
5938,57,985,-0.81379922133035,5,4,0,-1.7934897938286412
5939,57,985,-0.81379922133035,7,4,1,-0.53816029602393
5940,57,985,-0.81379922133035,7,4,0,0.0877212939183576
5941,57,985,-0.81379922133035,6,4,1,-0.0078703732125832
5942,57,985,-0.81379922133035,6,4,0,-1.1409278633222122
5943,57,985,-0.81379922133035,5,4,0,-0.2530944136769329
5944,57,985,-0.81379922133035,6,4,0,0.5175340816410068
5945,57,985,-0.81379922133035,5,4,0,-1.842442345666716
5946,57,985,-0.81379922133035,5,4,0,0.5607168038704028
5947,57,985,-0.81379922133035,6,4,0,-1.4080287823773183
5948,57,985,-0.81379922133035,5,8,1,-0.4460751847716506
5949,57,985,-0.81379922133035,6,4,0,-1.0221040357433866
5950,57,985,-0.81379922133035,6,1,0,0.8032253607716926
5951,57,985,-0.81379922133035,5,4,0,-1.0263413389266791
5952,57,985,-0.81379922133035,6,4,0,0.6429297952780804
5953,57,985,-0.81379922133035,5,4,0,-1.849105972845808
5954,57,985,-0.81379922133035,5,4,0,0.4585442747527058
5955,57,985,-0.81379922133035,7,8,0,0.5605047103099485
5956,57,985,-0.81379922133035,4,4,0,-1.0296808579609602
5957,57,985,-0.81379922133035,6,8,1,-1.343651851686644
5958,57,985,-0.81379922133035,6,4,0,-0.0447194741856921
5959,57,985,-0.81379922133035,6,4,1,-1.1120480063796874
5960,57,985,-0.81379922133035,3,8,0,-0.1840613394638601
5961,57,985,-0.81379922133035,1,4,0,-2.3861852326462576
5962,57,985,-0.81379922133035,6,4,1,-0.696548663440356
5963,57,985,-0.81379922133035,3,8,0,-0.6383491588681071
5964,57,985,-0.81379922133035,5,4,0,-0.7430037849203974
5965,57,985,-0.81379922133035,4,1,0,-0.783179291742234
5966,57,985,-0.81379922133035,5,4,0,-0.5526438538107015
5967,57,985,-0.81379922133035,5,4,0,-0.7402138129617013
5968,57,985,-0.81379922133035,6,8,0,1.2730229053363855
5969,57,985,-0.81379922133035,6,4,0,-0.2248731742400355
5970,57,985,-0.81379922133035,5,8,0,-1.190310270593235
5971,57,985,-0.81379922133035,7,5,1,1.0936193959245832
5972,56,391,2.0507067609653897,7,4,1,-0.0858858457772343
5973,56,391,2.0507067609653897,6,8,0,0.5367957891548603
5974,56,391,2.0507067609653897,5,1,0,-1.980178711947338
5975,56,391,2.0507067609653897,5,1,0,0.8811880839432344
5976,56,391,2.0507067609653897,5,8,0,0.4203668393525651
5977,56,391,2.0507067609653897,5,1,0,-1.0591433624563007
5978,56,391,2.0507067609653897,6,1,0,-1.3189461865501262
5979,56,391,2.0507067609653897,4,2,0,-0.5903520171349419
5980,56,391,2.0507067609653897,5,1,0,-0.6685320323825942
5981,56,391,2.0507067609653897,6,8,0,-0.5417029208561717
5982,56,391,2.0507067609653897,5,1,0,-0.1518158112046972
5983,56,391,2.0507067609653897,6,4,0,1.078649883882337
5984,56,391,2.0507067609653897,4,1,1,-1.6275599094940576
5985,56,391,2.0507067609653897,6,1,1,1.2424749155173502
5986,56,391,2.0507067609653897,4,1,0,-1.7154197328630951
5987,56,391,2.0507067609653897,6,1,0,0.0197092026988822
5988,56,391,2.0507067609653897,5,1,1,-0.65830066431356
5989,56,391,2.0507067609653897,5,1,0,-1.3663982397140029
5990,56,391,2.0507067609653897,2,4,0,-1.1272794932427572
5991,56,391,2.0507067609653897,6,8,1,0.6094710380460427
5992,56,391,2.0507067609653897,5,8,0,0.8850288406373277
5993,56,391,2.0507067609653897,6,1,0,0.2732515638643158
5994,56,391,2.0507067609653897,5,1,0,-0.337104818436376
5995,56,391,2.0507067609653897,5,1,0,0.0078660782810643
5996,56,391,2.0507067609653897,5,1,0,-0.812343651903675
5997,56,391,2.0507067609653897,6,1,1,1.6581202542456634
5998,56,391,2.0507067609653897,5,1,1,-0.3626372460518794
5999,56,391,2.0507067609653897,5,1,0,-0.7314248331367592
6000,56,391,2.0507067609653897,5,1,0,-0.5121337405250569
6001,56,391,2.0507067609653897,7,4,1,-0.8794253465283848
6002,56,391,2.0507067609653897,5,8,0,0.2348755233354552
6003,56,391,2.0507067609653897,5,1,0,-0.3671602508052807
6004,56,391,2.0507067609653897,5,8,0,-1.161538583372706
6005,56,391,2.0507067609653897,3,4,0,0.6230861500209607
6006,56,391,2.0507067609653897,6,8,0,0.1497493311511907
6007,56,391,2.0507067609653897,5,1,0,0.9741823921005596
6008,56,391,2.0507067609653897,5,8,0,-0.7303936129733752
6009,56,391,2.0507067609653897,5,1,1,-1.019252774004215
6010,56,391,2.0507067609653897,4,1,0,-1.098037465360168
6011,56,391,2.0507067609653897,7,1,1,-0.8221018916921283
6012,56,391,2.0507067609653897,5,2,0,-0.0849972103745698
6013,56,391,2.0507067609653897,6,8,0,-0.0831171535104506
6014,56,391,2.0507067609653897,7,8,1,2.0343408113943893
6015,56,391,2.0507067609653897,4,8,0,-0.6264120448012088
6016,56,391,2.0507067609653897,5,8,1,-0.0993414330934594
6017,56,391,2.0507067609653897,6,4,0,1.1218215643099358
6018,56,391,2.0507067609653897,3,1,0,-0.9060897803962974
6019,56,391,2.0507067609653897,6,1,0,-0.2738733987439589
6020,56,391,2.0507067609653897,6,1,0,-0.5951466091443284
6021,56,391,2.0507067609653897,2,4,0,-1.8752070736968465
6022,56,391,2.0507067609653897,4,1,0,-1.4815065703284918
6023,56,391,2.0507067609653897,5,8,0,-1.359692190700102
6024,56,391,2.0507067609653897,4,8,0,-1.5366393704206398
6025,56,391,2.0507067609653897,6,1,0,-0.5616705135838784
6026,56,391,2.0507067609653897,6,1,0,-0.1565553270628889
6027,56,391,2.0507067609653897,4,1,0,-1.0835199920274243
6028,56,391,2.0507067609653897,4,1,0,-1.357048471233132
6029,56,391,2.0507067609653897,5,1,0,-0.1053926994498422
6030,56,391,2.0507067609653897,3,4,0,-0.3040534654104112
6031,56,391,2.0507067609653897,6,8,1,0.9105522430406474
6032,56,391,2.0507067609653897,5,1,0,-0.8572799811292994
6033,56,391,2.0507067609653897,6,1,0,0.0827566758396066
6034,56,391,2.0507067609653897,5,8,0,0.0984793978181892
6035,56,391,2.0507067609653897,4,1,0,-0.6054343108791718
6036,56,391,2.0507067609653897,5,1,0,1.1134476914962603
6037,56,391,2.0507067609653897,2,1,0,-0.4207583502605243
6038,56,391,2.0507067609653897,7,8,1,0.9944710932838008
6039,56,391,2.0507067609653897,5,8,0,-0.3597630086458608
6040,56,391,2.0507067609653897,4,1,0,-1.2292490214880416
6041,56,391,2.0507067609653897,5,8,0,1.3011754613433255
6042,56,391,2.0507067609653897,1,1,0,-2.2044717809007537
6043,56,391,2.0507067609653897,7,1,1,0.942471237519894
6044,56,391,2.0507067609653897,4,1,0,-0.5839799004245068
6045,56,391,2.0507067609653897,6,1,0,-0.2137830296567188
6046,56,391,2.0507067609653897,6,1,0,-0.8204536716415815
6047,56,391,2.0507067609653897,6,1,0,1.5823364146648025
6048,56,391,2.0507067609653897,5,8,0,-1.5068372343888348
6049,56,391,2.0507067609653897,5,1,0,0.0488631972988836
6050,55,139,2.04118624056966,5,1,0,0.1486632867720012
6051,55,139,2.04118624056966,6,8,1,1.646380560717026
6052,55,139,2.04118624056966,4,4,0,-2.9847603888898075
6053,55,139,2.04118624056966,2,8,0,-1.6071896275748467
6054,55,139,2.04118624056966,6,8,0,-0.1303849208364449
6055,55,139,2.04118624056966,7,1,0,0.838492338055917
6056,55,139,2.04118624056966,5,3,0,-0.6940499407405213
6057,55,139,2.04118624056966,6,2,0,-0.117022432235154
6058,55,139,2.04118624056966,6,1,0,-0.2720296213183543
6059,55,139,2.04118624056966,4,5,0,-1.2744696057032616
6060,55,139,2.04118624056966,6,1,1,0.3876951419136142
6061,55,139,2.04118624056966,6,1,0,1.4427828621209344
6062,55,139,2.04118624056966,6,4,0,-1.1520183305777163
6063,55,139,2.04118624056966,6,8,0,0.5075617897333905
6064,55,139,2.04118624056966,3,1,0,0.0526227070221551
6065,55,139,2.04118624056966,5,4,0,-0.4595583356365677
6066,55,139,2.04118624056966,5,4,0,0.613732378640893
6067,55,139,2.04118624056966,5,1,1,-0.3793753866707723
6068,55,139,2.04118624056966,6,1,1,0.7063929742789895
6069,55,139,2.04118624056966,5,1,0,0.8822132893571132
6070,55,139,2.04118624056966,5,1,0,-0.0982634933952476
6071,55,139,2.04118624056966,5,1,0,0.8001156461241737
6072,55,139,2.04118624056966,4,1,0,0.9225994903626096
6073,55,139,2.04118624056966,2,1,0,-0.2417490948577859
6074,55,139,2.04118624056966,5,2,0,-1.1622119947714626
6075,55,139,2.04118624056966,2,1,0,-1.3065365036293763
6076,55,139,2.04118624056966,5,1,0,-0.1801326893358531
6077,55,139,2.04118624056966,5,1,0,1.2210809646515446
6078,55,139,2.04118624056966,5,4,0,0.1516608191287647
6079,55,139,2.04118624056966,6,1,1,0.4413305890310038
6080,55,139,2.04118624056966,5,8,0,-1.3500500930039132
6081,54,228,-0.270674992921653,6,4,1,-1.0639874922753647
6082,54,228,-0.270674992921653,4,5,0,-0.9701270725988332
6083,54,228,-0.270674992921653,6,4,0,-0.091827762996741
6084,54,228,-0.270674992921653,6,4,1,0.3559892651670768
6085,54,228,-0.270674992921653,6,4,1,0.0212289889697817
6086,54,228,-0.270674992921653,7,4,1,1.6177650328957516
6087,54,228,-0.270674992921653,4,8,0,-2.4292574012549206
6088,54,228,-0.270674992921653,6,1,0,-1.048356908233245
6089,54,228,-0.270674992921653,5,1,1,-1.5545375094188745
6090,54,228,-0.270674992921653,4,2,0,0.1578736078262606
6091,54,228,-0.270674992921653,6,2,1,1.3459863963791232
6092,54,228,-0.270674992921653,4,4,0,-0.2175585504298178
6093,54,228,-0.270674992921653,5,4,1,-0.7373884888202688
6094,54,228,-0.270674992921653,5,4,1,-0.5492768218500262
6095,54,228,-0.270674992921653,3,4,0,-0.8360535934844456
6096,54,228,-0.270674992921653,7,2,0,1.162642439888528
6097,54,228,-0.270674992921653,6,8,1,-0.593151498688079
6098,54,228,-0.270674992921653,2,4,0,-1.4844693089928962
6099,54,228,-0.270674992921653,4,8,0,-1.6270444299664482
6100,54,228,-0.270674992921653,4,2,0,-2.72947531817785
6101,54,228,-0.270674992921653,5,8,1,1.0956670314494463
6102,54,228,-0.270674992921653,6,4,1,-0.7509962531258773
6103,54,228,-0.270674992921653,6,4,1,0.0858110428520603
6104,54,228,-0.270674992921653,5,2,1,0.1001580848048095
6105,54,228,-0.270674992921653,6,4,1,-0.3068564777930846
6106,54,228,-0.270674992921653,3,4,1,-0.992256436127268
6107,54,228,-0.270674992921653,6,8,1,0.0482067854640632
6108,54,228,-0.270674992921653,5,4,1,-0.8675958194574308
6109,54,228,-0.270674992921653,5,8,0,-1.1558378670589486
6110,54,228,-0.270674992921653,5,3,0,0.3483075854469973
6111,54,228,-0.270674992921653,4,2,0,-1.3043954472381571
6112,54,228,-0.270674992921653,6,4,0,-1.051792398445086
6113,54,228,-0.270674992921653,7,4,1,1.5816132386415502
6114,54,228,-0.270674992921653,5,4,0,-1.995437410309616
6115,54,228,-0.270674992921653,4,4,1,-1.5095581588076952
6116,54,228,-0.270674992921653,6,8,0,0.3132712651113561
6117,53,165,-0.30486796583493,3,2,1,-1.5601210271373809
6118,53,165,-0.30486796583493,6,4,1,-0.6989700599873941
6119,53,165,-0.30486796583493,5,4,0,-0.1864462581537372
6120,53,165,-0.30486796583493,5,4,0,0.5183306878612693
6121,53,165,-0.30486796583493,6,4,0,-1.8862319720598744
6122,53,165,-0.30486796583493,5,8,0,-0.9992733395176596
6123,53,165,-0.30486796583493,4,4,0,0.5745913012719946
6124,53,165,-0.30486796583493,7,4,1,0.1004595455291241
6125,53,165,-0.30486796583493,6,4,1,-0.4328061089749491
6126,53,165,-0.30486796583493,4,8,1,-0.8770049491995391
6127,53,165,-0.30486796583493,4,4,0,-1.8383485100645336
6128,53,165,-0.30486796583493,6,4,0,-1.1449955707835864
6129,53,165,-0.30486796583493,6,4,0,0.0844798748694994
6130,53,165,-0.30486796583493,7,4,1,0.9537219369610463
6131,53,165,-0.30486796583493,7,8,0,0.8651639300877128
6132,53,165,-0.30486796583493,6,4,1,-0.1492644739745067
6133,53,165,-0.30486796583493,6,8,0,0.149113378306232
6134,53,165,-0.30486796583493,6,4,1,-1.6356259947076752
6135,53,165,-0.30486796583493,6,4,0,-0.7328209774330593
6136,53,165,-0.30486796583493,4,4,1,-2.3750677760711087
6137,53,165,-0.30486796583493,4,8,0,-1.170121717619531
6138,53,165,-0.30486796583493,5,8,1,-0.7901707191790392
6139,53,165,-0.30486796583493,6,4,0,-1.001825780470564
6140,53,165,-0.30486796583493,5,4,0,-0.8189487326644868
6141,53,165,-0.30486796583493,6,8,0,0.0999443143302915
6142,52,240,-0.0614277449022183,5,4,0,-0.5040215558534998
6143,52,240,-0.0614277449022183,6,4,0,-1.1917486145366694
6144,52,240,-0.0614277449022183,5,8,0,-1.0835413716839837
6145,52,240,-0.0614277449022183,5,4,1,-1.2962019784984058
6146,52,240,-0.0614277449022183,7,8,1,-0.9002830659235872
6147,52,240,-0.0614277449022183,6,8,0,-0.5999857415074203
6148,52,240,-0.0614277449022183,6,4,1,-1.3891545636070597
6149,52,240,-0.0614277449022183,6,4,1,1.1622330449605818
6150,52,240,-0.0614277449022183,6,4,0,-0.5753752006421349
6151,52,240,-0.0614277449022183,6,4,0,1.164955389931799
6152,52,240,-0.0614277449022183,6,4,1,-0.1910815315936115
6153,52,240,-0.0614277449022183,5,8,0,0.5890195633065743
6154,52,240,-0.0614277449022183,6,8,1,0.0719026320596644
6155,52,240,-0.0614277449022183,6,4,0,-1.2728340020520217
6156,52,240,-0.0614277449022183,6,4,1,-1.3956984630833038
6157,52,240,-0.0614277449022183,6,4,0,1.6784697790256715
6158,52,240,-0.0614277449022183,6,4,1,-0.2384721629811767
6159,52,240,-0.0614277449022183,6,4,1,0.1879975298226565
6160,52,240,-0.0614277449022183,5,8,0,-1.226206066686584
6161,52,240,-0.0614277449022183,4,8,0,-0.0907737362380483
6162,52,240,-0.0614277449022183,5,8,1,-0.1711101942449079
6163,52,240,-0.0614277449022183,6,4,0,-0.6886429165897736
6164,52,240,-0.0614277449022183,4,4,0,-1.0389878454566177
6165,52,240,-0.0614277449022183,5,4,0,-0.0178174787379994
6166,52,240,-0.0614277449022183,6,4,0,-0.5810902388255699
6167,52,240,-0.0614277449022183,5,8,0,0.970311436820116
6168,52,240,-0.0614277449022183,5,8,0,-1.4852514588286654
6169,52,240,-0.0614277449022183,6,4,1,0.4323274255761653
6170,52,240,-0.0614277449022183,5,4,0,-0.6950835510834554
6171,52,240,-0.0614277449022183,5,4,0,-0.3536598599194105
6172,52,240,-0.0614277449022183,6,4,1,-0.8702999998682946
6173,52,240,-0.0614277449022183,6,4,0,0.588492951292892
6174,52,240,-0.0614277449022183,4,4,0,-1.0595095114089084
6175,52,240,-0.0614277449022183,5,8,0,-1.423069809822667
6176,51,121,-0.306614149062857,6,4,0,0.2022789313967402
6177,51,121,-0.306614149062857,5,4,0,0.0507168580695903
6178,51,121,-0.306614149062857,2,4,1,0.5663846577714277
6179,51,121,-0.306614149062857,6,4,0,1.6998559262943729
6180,51,121,-0.306614149062857,6,4,0,1.0196448976106751
6181,51,121,-0.306614149062857,5,4,0,-0.398710428182604
6182,51,121,-0.306614149062857,5,4,0,-0.4531695008302258
6183,51,121,-0.306614149062857,7,4,0,1.292791851443432
6184,51,121,-0.306614149062857,5,8,0,-1.6647395128602718
6185,51,121,-0.306614149062857,6,4,1,0.3324749384286076
6186,51,121,-0.306614149062857,7,4,1,1.9775844805593192
6187,51,121,-0.306614149062857,5,4,0,-1.915135683596514
6188,51,121,-0.306614149062857,6,4,0,-0.8180874862636461
6189,51,121,-0.306614149062857,5,2,0,-0.2756918180449986
6190,51,121,-0.306614149062857,6,4,0,-0.6314607917395694
6191,51,121,-0.306614149062857,4,8,0,-0.5862896711908843
6192,50,187,-0.308800869116875,6,4,0,0.1368906927619477
6193,50,187,-0.308800869116875,6,4,0,0.1625459100850824
6194,50,187,-0.308800869116875,5,4,0,-0.4057752253126092
6195,50,187,-0.308800869116875,5,4,0,-0.9362224542090332
6196,50,187,-0.308800869116875,4,2,0,-0.1039361723624724
6197,50,187,-0.308800869116875,3,4,0,-1.2069160510556665
6198,50,187,-0.308800869116875,5,1,0,0.2527319730835741
6199,50,187,-0.308800869116875,4,8,0,-0.2243191904763272
6200,50,187,-0.308800869116875,4,4,0,-1.4725410668122147
6201,50,187,-0.308800869116875,2,4,0,0.1654380789136367
6202,50,187,-0.308800869116875,6,4,1,-0.0643479525980759
6203,50,187,-0.308800869116875,5,4,1,-0.7048473189717557
6204,50,187,-0.308800869116875,4,2,0,-0.3972832555814494
6205,50,187,-0.308800869116875,5,4,0,0.4555081680767612
6206,50,187,-0.308800869116875,5,4,0,-1.90257059889444
6207,50,187,-0.308800869116875,6,4,0,0.1554834299535571
6208,50,187,-0.308800869116875,6,8,1,0.6138352120740328
6209,50,187,-0.308800869116875,7,4,0,-0.6854769807431496
6210,50,187,-0.308800869116875,6,4,1,0.4860719653905574
6211,50,187,-0.308800869116875,4,4,0,-2.2191895057680595
6212,50,187,-0.308800869116875,5,4,0,0.6831626560505988
6213,50,187,-0.308800869116875,6,4,1,0.1720011853124707
6214,50,187,-0.308800869116875,7,4,0,2.048795846959448
6215,50,187,-0.308800869116875,3,8,0,-1.168560126237831
6216,50,187,-0.308800869116875,6,4,0,0.1655506260661146
6217,50,187,-0.308800869116875,7,4,0,-0.6785563884646322
6218,50,187,-0.308800869116875,6,4,1,0.5000855866273627
6219,50,187,-0.308800869116875,4,4,0,-2.0269519750748817
6220,50,187,-0.308800869116875,5,4,0,-1.0278469400236077
6221,50,187,-0.308800869116875,6,4,0,1.114383286803039
6222,50,187,-0.308800869116875,7,4,1,0.7118966958999805
6223,49,425,0.719658296903698,5,4,0,-1.6672180540689543
6224,49,425,0.719658296903698,5,8,0,-0.4901877250970188
6225,49,425,0.719658296903698,6,4,0,-0.571725907004453
6226,49,425,0.719658296903698,3,4,0,-0.1912674714254204
6227,49,425,0.719658296903698,5,4,0,-0.6910580246558454
6228,49,425,0.719658296903698,6,8,0,0.1645244004490985
6229,49,425,0.719658296903698,6,4,0,-0.2253451736389461
6230,49,425,0.719658296903698,4,4,0,-0.5225548115471927
6231,49,425,0.719658296903698,5,4,1,-0.8954986307987549
6232,49,425,0.719658296903698,5,8,0,-1.738737293575921
6233,49,425,0.719658296903698,5,5,0,0.614497063545427
6234,49,425,0.719658296903698,5,4,0,0.1608230135404909
6235,49,425,0.719658296903698,3,4,0,-0.6182778377499406
6236,49,425,0.719658296903698,4,4,0,-1.0152453397983687
6237,49,425,0.719658296903698,5,4,0,-0.9406540392667058
6238,49,425,0.719658296903698,6,4,1,0.4478172869943645
6239,49,425,0.719658296903698,6,4,0,0.5637300695301801
6240,49,425,0.719658296903698,2,4,0,-0.4944360643991134
6241,49,425,0.719658296903698,4,4,0,-0.7776052227778555
6242,49,425,0.719658296903698,5,8,1,0.4844604496054751
6243,49,425,0.719658296903698,5,4,1,-0.5983907064903957
6244,49,425,0.719658296903698,6,4,1,-0.9177669298755518
6245,49,425,0.719658296903698,4,8,0,-1.6233887487330907
6246,49,425,0.719658296903698,3,8,0,-2.3795615987440097
6247,49,425,0.719658296903698,6,4,0,1.1186300940942255
6248,49,425,0.719658296903698,6,8,1,0.221506288252344
6249,49,425,0.719658296903698,6,4,0,1.5466507367724898
6250,49,425,0.719658296903698,6,8,0,1.1578969292367036
6251,49,425,0.719658296903698,6,4,1,-0.5894296609943888
6252,49,425,0.719658296903698,6,4,0,-0.3585761778457456
6253,49,425,0.719658296903698,6,4,0,-1.6157957704390904
6254,49,425,0.719658296903698,6,4,0,1.1502341282376631
6255,49,425,0.719658296903698,5,4,0,0.0825283804843059
6256,49,425,0.719658296903698,5,4,0,-2.521677903877057
6257,49,425,0.719658296903698,3,4,0,0.6503994477114511
6258,49,425,0.719658296903698,5,5,0,0.1924291991700696
6259,49,425,0.719658296903698,5,4,0,0.9281279486987274
6260,49,425,0.719658296903698,6,4,1,-0.5276864867769007
6261,49,425,0.719658296903698,6,4,0,-0.221877540826096
6262,49,425,0.719658296903698,6,8,1,-0.6603988258833395
6263,49,425,0.719658296903698,5,4,1,-0.818923855231561
6264,49,425,0.719658296903698,5,4,0,-2.3931036472913685
6265,49,425,0.719658296903698,6,4,0,-1.2755856977107547
6266,49,425,0.719658296903698,5,8,0,0.4407586490754024
6267,49,425,0.719658296903698,5,8,0,-0.0306681021246977
6268,49,425,0.719658296903698,5,4,0,-1.0383425464581542
6269,49,425,0.719658296903698,6,4,0,-1.516840166053148
6270,49,425,0.719658296903698,6,4,0,-1.4577528476918402
6271,49,425,0.719658296903698,4,4,0,-1.0675694711817614
6272,49,425,0.719658296903698,4,8,0,-0.9466752325826364
6273,49,425,0.719658296903698,5,4,0,-0.7249163516120913
6274,49,425,0.719658296903698,5,8,1,-0.4650415603141827
6275,49,425,0.719658296903698,5,4,0,-1.1062860340621303
6276,49,425,0.719658296903698,2,4,0,-1.3070614883634115
6277,49,425,0.719658296903698,6,4,0,-1.3690685465898873
6278,49,425,0.719658296903698,7,4,0,0.3275204067712226
6279,49,425,0.719658296903698,6,4,0,-1.5495395893933197
6280,49,425,0.719658296903698,5,4,1,-0.4839250725100048
6281,49,425,0.719658296903698,5,4,0,-1.4651330709670438
6282,49,425,0.719658296903698,6,4,1,-1.2330309346428676
6283,49,425,0.719658296903698,5,4,0,-1.2259866266077817
6284,49,425,0.719658296903698,5,8,0,-0.8237714411880181
6285,49,425,0.719658296903698,5,4,0,0.4595974226000499
6286,49,425,0.719658296903698,7,8,0,0.8335674473041372
6287,49,425,0.719658296903698,5,3,0,-1.4404536687025584
6288,49,425,0.719658296903698,6,4,1,-1.1519263577137686
6289,49,425,0.719658296903698,5,4,1,-0.6341983076218747
6290,48,392,0.613755804271724,2,8,0,-0.2379597929646951
6291,48,392,0.613755804271724,5,4,0,0.1833897475994139
6292,48,392,0.613755804271724,5,8,0,0.6395356465243491
6293,48,392,0.613755804271724,5,4,0,-0.0368890904144229
6294,48,392,0.613755804271724,6,4,0,-0.0654112876806536
6295,48,392,0.613755804271724,5,4,0,0.7299279135485083
6296,48,392,0.613755804271724,5,4,0,0.6004943104415985
6297,48,392,0.613755804271724,6,4,0,0.6130260701108156
6298,48,392,0.613755804271724,5,4,0,-1.1493700742400907
6299,48,392,0.613755804271724,5,4,0,-0.7603246563288958
6300,48,392,0.613755804271724,6,4,0,-1.0197308489215733
6301,48,392,0.613755804271724,5,4,0,-1.0281234016070402
6302,48,392,0.613755804271724,4,8,0,-0.2579706924959266
6303,48,392,0.613755804271724,5,4,0,-1.0061393106070045
6304,48,392,0.613755804271724,6,4,0,2.360152752970156
6305,48,392,0.613755804271724,6,4,0,0.037903398531602
6306,48,392,0.613755804271724,5,4,0,-1.3836193838306703
6307,48,392,0.613755804271724,5,8,0,-1.509836954102566
6308,48,392,0.613755804271724,6,4,1,-0.0935788801095205
6309,48,392,0.613755804271724,6,4,1,0.3179707793868963
6310,48,392,0.613755804271724,5,4,1,-1.1710766491528115
6311,48,392,0.613755804271724,2,4,0,-2.08774950974264
6312,48,392,0.613755804271724,5,4,0,-0.9268966058901486
6313,48,392,0.613755804271724,5,4,0,-0.7474480642029937
6314,48,392,0.613755804271724,6,4,0,0.839929013665441
6315,48,392,0.613755804271724,7,5,1,2.251833283534316
6316,48,392,0.613755804271724,6,4,1,0.3205374048965461
6317,48,392,0.613755804271724,5,3,1,0.9682541159692932
6318,48,392,0.613755804271724,5,4,0,-0.8175839687211326
6319,48,392,0.613755804271724,5,4,0,-0.1363676347686449
6320,48,392,0.613755804271724,5,4,1,-0.9032528804969314
6321,48,392,0.613755804271724,4,8,0,-1.812562091658336
6322,48,392,0.613755804271724,6,4,0,-0.1533689970475746
6323,48,392,0.613755804271724,5,4,0,0.0037640040754111
6324,48,392,0.613755804271724,6,4,0,-0.8540120808337662
6325,48,392,0.613755804271724,6,4,1,0.0935028001650362
6326,48,392,0.613755804271724,5,4,0,-0.7034198793810896
6327,48,392,0.613755804271724,6,4,0,-0.727366876065566
6328,48,392,0.613755804271724,5,4,0,-0.6264099791329364
6329,48,392,0.613755804271724,7,4,0,0.9047322072642
6330,48,392,0.613755804271724,3,4,0,-0.4118496649393535
6331,48,392,0.613755804271724,5,4,1,-1.0927290537528542
6332,48,392,0.613755804271724,7,5,0,0.8335184702694074
6333,48,392,0.613755804271724,4,4,0,-1.89515428586016
6334,48,392,0.613755804271724,6,4,1,1.677738771160861
6335,48,392,0.613755804271724,6,4,0,0.7579959426005033
6336,48,392,0.613755804271724,7,4,1,-0.4057510667471104
6337,48,392,0.613755804271724,6,8,1,0.8448194295461489
6338,48,392,0.613755804271724,6,4,0,0.2172323144526739
6339,48,392,0.613755804271724,6,4,0,-0.3176966888682648
6340,48,392,0.613755804271724,5,4,1,0.6685955569248286
6341,48,392,0.613755804271724,6,8,0,0.914368012339644
6342,48,392,0.613755804271724,5,3,0,-0.4605751266441805
6343,48,392,0.613755804271724,6,2,0,-0.9662509863989026
6344,48,392,0.613755804271724,6,4,1,0.5795098868812787
6345,48,392,0.613755804271724,5,4,1,-0.3891932904852748
6346,48,392,0.613755804271724,6,4,0,0.5980818005088461
6347,48,392,0.613755804271724,7,4,1,0.7484313374422941
6348,48,392,0.613755804271724,3,4,0,-2.033699100323257
6349,48,392,0.613755804271724,6,8,1,-0.2035788999069006
6350,48,392,0.613755804271724,6,4,1,-0.1633007414341967
6351,48,392,0.613755804271724,7,1,1,1.3222117088888694
6352,48,392,0.613755804271724,6,8,0,1.5625520580791925
6353,48,392,0.613755804271724,5,4,0,0.9404317546402848
6354,47,1394,1.26767966641927,5,8,1,-0.9133001016418958
6355,47,1394,1.26767966641927,5,2,1,-0.5861281363271437
6356,47,1394,1.26767966641927,6,8,0,1.4200375363044886
6357,47,1394,1.26767966641927,6,4,0,-0.7092235643405083
6358,47,1394,1.26767966641927,5,4,0,-0.6426020393283207
6359,47,1394,1.26767966641927,3,2,0,-1.9965573373895928
6360,47,1394,1.26767966641927,5,8,1,-1.8486950828648132
6361,47,1394,1.26767966641927,4,4,0,-1.0943143645218798
6362,47,1394,1.26767966641927,6,2,0,0.7385571738303113
6363,47,1394,1.26767966641927,3,1,0,-1.4071204576273528
6364,47,1394,1.26767966641927,4,5,0,0.0036730452984684
6365,47,1394,1.26767966641927,6,8,0,0.1143133081418704
6366,47,1394,1.26767966641927,6,2,1,2.5003368674487283
6367,47,1394,1.26767966641927,6,8,0,-0.1115360580395098
6368,47,1394,1.26767966641927,5,8,0,0.9385882322744062
6369,47,1394,1.26767966641927,5,4,1,0.2389397908683963
6370,47,1394,1.26767966641927,5,1,0,-0.97286319309596
6371,47,1394,1.26767966641927,3,4,0,-0.7252314053550428
6372,47,1394,1.26767966641927,1,1,0,-0.4006187434564644
6373,47,1394,1.26767966641927,6,4,0,2.2196492149146283
6374,47,1394,1.26767966641927,7,4,1,1.1997766644690155
6375,47,1394,1.26767966641927,5,4,1,-0.5625568394472338
6376,47,1394,1.26767966641927,4,2,0,-0.2870980102562351
6377,47,1394,1.26767966641927,4,2,0,-0.8765177529687678
6378,47,1394,1.26767966641927,6,8,0,-0.0001644329754056
6379,47,1394,1.26767966641927,1,8,0,1.1168150392446698
6380,47,1394,1.26767966641927,5,2,0,-0.2893153147907487
6381,47,1394,1.26767966641927,5,1,1,0.8266476930063985
6382,47,1394,1.26767966641927,5,8,0,-0.1014262252732275
6383,47,1394,1.26767966641927,5,4,0,-0.2085798898723068
6384,47,1394,1.26767966641927,6,1,0,2.0194228055639027
6385,47,1394,1.26767966641927,5,4,1,0.1383963171797053
6386,47,1394,1.26767966641927,5,4,1,-0.2371399736203336
6387,47,1394,1.26767966641927,5,4,0,0.4850835311671148
6388,47,1394,1.26767966641927,6,4,0,1.0696039878155874
6389,47,1394,1.26767966641927,5,4,0,-1.0326686324869223
6390,47,1394,1.26767966641927,5,8,0,-0.3798033233433334
6391,47,1394,1.26767966641927,6,4,1,0.56072410529505
6392,47,1394,1.26767966641927,6,4,0,0.0372700036946709
6393,47,1394,1.26767966641927,5,2,1,-0.1627247157597643
6394,47,1394,1.26767966641927,6,4,0,1.5042029816887457
6395,47,1394,1.26767966641927,6,4,0,0.5263092659191514
6396,47,1394,1.26767966641927,7,8,0,3.0317856749096856
6397,47,1394,1.26767966641927,5,4,1,-1.85100403241267
6398,47,1394,1.26767966641927,6,4,1,0.2798100657299417
6399,47,1394,1.26767966641927,6,4,1,-0.056575075440062
6400,47,1394,1.26767966641927,5,4,0,0.3774468805782263
6401,47,1394,1.26767966641927,5,4,1,-0.1382752286312799
6402,47,1394,1.26767966641927,5,4,0,-1.4810439173598071
6403,47,1394,1.26767966641927,6,4,0,0.6699717015313702
6404,47,1394,1.26767966641927,6,4,1,0.381505061715113
6405,47,1394,1.26767966641927,6,4,0,0.193360712575491
6406,47,1394,1.26767966641927,5,2,0,-1.1142402887615137
6407,47,1394,1.26767966641927,5,4,0,-0.1433520052163621
6408,47,1394,1.26767966641927,6,4,0,1.583443232696802
6409,47,1394,1.26767966641927,5,4,0,0.1387916103154152
6410,47,1394,1.26767966641927,6,4,0,1.3791084415443942
6411,47,1394,1.26767966641927,4,4,0,-1.166996067514126
6412,47,1394,1.26767966641927,6,4,1,0.6631727010805087
6413,47,1394,1.26767966641927,6,4,0,0.4314263063813777
6414,47,1394,1.26767966641927,6,8,1,2.386798142893745
6415,47,1394,1.26767966641927,2,2,0,-0.5717557052543482
6416,47,1394,1.26767966641927,6,4,1,0.822289817674171
6417,47,1394,1.26767966641927,6,4,1,-0.8643804063547192
6418,47,1394,1.26767966641927,7,4,1,-0.3649637795180568
6419,47,1394,1.26767966641927,3,8,0,-0.8891060193223125
6420,47,1394,1.26767966641927,6,4,0,1.3354919457085326
6421,47,1394,1.26767966641927,6,5,0,0.4413966720424386
6422,47,1394,1.26767966641927,6,4,1,0.6630377722396017
6423,47,1394,1.26767966641927,5,4,1,0.3371733806062895
6424,47,1394,1.26767966641927,6,4,0,0.5601582500418326
6425,47,1394,1.26767966641927,6,5,0,1.349906271698802
6426,47,1394,1.26767966641927,6,2,1,0.3078989837268932
6427,47,1394,1.26767966641927,6,2,0,1.0560741262346611
6428,47,1394,1.26767966641927,4,4,0,-0.2727893679848779
6429,47,1394,1.26767966641927,6,8,0,0.7750293212818358
6430,47,1394,1.26767966641927,5,4,1,-0.4318726743342165
6431,47,1394,1.26767966641927,6,8,1,0.4009889704942395
6432,47,1394,1.26767966641927,6,1,1,1.2531847834459595
6433,47,1394,1.26767966641927,6,4,0,-0.1066942923649536
6434,47,1394,1.26767966641927,3,5,0,-0.9963348173731156
6435,47,1394,1.26767966641927,6,4,0,1.9602479904070973
6436,47,1394,1.26767966641927,6,4,1,0.8694921991659039
6437,47,1394,1.26767966641927,5,4,0,0.834370149564669
6438,47,1394,1.26767966641927,6,5,1,1.4753350950479207
6439,47,1394,1.26767966641927,3,8,0,-0.6409460280691517
6440,47,1394,1.26767966641927,6,2,0,0.3578585245620135
6441,47,1394,1.26767966641927,5,4,0,-0.348239486429834
6442,47,1394,1.26767966641927,7,8,1,2.6298572125018405
6443,47,1394,1.26767966641927,5,1,0,0.9927683804428222
6444,47,1394,1.26767966641927,7,4,0,0.3351854213436437
6445,47,1394,1.26767966641927,7,8,0,-0.1646243197781911
6446,47,1394,1.26767966641927,6,4,1,0.8727598771516758
6447,47,1394,1.26767966641927,1,8,0,-0.4349728577986895
6448,47,1394,1.26767966641927,4,2,0,-0.2873285195198582
6449,47,1394,1.26767966641927,6,4,1,0.2445431549983986
6450,47,1394,1.26767966641927,6,4,0,0.4889643534324652
6451,47,1394,1.26767966641927,7,4,0,1.6735534405765802
6452,47,1394,1.26767966641927,4,1,0,1.51334839131998
6453,47,1394,1.26767966641927,3,7,0,0.0995097717441907
6454,47,1394,1.26767966641927,4,4,0,-0.916717587956228
6455,47,1394,1.26767966641927,5,4,1,-0.0939007776903768
6456,47,1394,1.26767966641927,6,8,0,1.8039298275425133
6457,47,1394,1.26767966641927,5,4,0,-0.0289800985630989
6458,47,1394,1.26767966641927,6,2,0,0.411419839665995
6459,47,1394,1.26767966641927,5,2,0,-0.8485628659439814
6460,47,1394,1.26767966641927,5,2,1,-0.2741610224964578
6461,47,1394,1.26767966641927,1,8,0,-0.2978780468419031
6462,47,1394,1.26767966641927,2,2,1,-0.2703379013322029
6463,47,1394,1.26767966641927,5,4,0,0.4418079154347857
6464,47,1394,1.26767966641927,6,4,1,-0.1009585952697823
6465,47,1394,1.26767966641927,6,4,0,-0.8730949432107513
6466,47,1394,1.26767966641927,7,4,0,-0.0461605591514546
6467,47,1394,1.26767966641927,6,2,0,-0.2569236321982492
6468,47,1394,1.26767966641927,3,8,0,1.0467138766012325
6469,47,1394,1.26767966641927,6,2,1,0.3517496154738556
6470,47,1394,1.26767966641927,6,4,0,0.7795128927967736
6471,47,1394,1.26767966641927,6,4,0,-0.6084057589292936
6472,47,1394,1.26767966641927,6,8,1,0.3675506908211171
6473,47,1394,1.26767966641927,7,1,1,2.036727001744908
6474,47,1394,1.26767966641927,5,4,1,-0.5784561067927944
6475,47,1394,1.26767966641927,5,8,0,-1.790564872652902
6476,47,1394,1.26767966641927,5,5,0,-0.5452486890078637
6477,47,1394,1.26767966641927,5,2,0,-1.3774493879527905
6478,47,1394,1.26767966641927,4,2,0,-0.0422093180601032
6479,47,1394,1.26767966641927,7,1,0,1.1411380303322147
6480,47,1394,1.26767966641927,5,5,0,-0.0959422100036967
6481,47,1394,1.26767966641927,1,2,0,-0.834507114862027
6482,47,1394,1.26767966641927,3,6,1,-0.712554855079439
6483,47,1394,1.26767966641927,7,5,0,0.501967856401864
6484,47,1394,1.26767966641927,6,2,1,0.1231145241656732
6485,47,1394,1.26767966641927,6,8,1,0.8659271088514668
6486,47,1394,1.26767966641927,5,4,1,-1.785768477895166
6487,47,1394,1.26767966641927,5,1,1,0.6989098443913764
6488,47,1394,1.26767966641927,4,8,0,-0.9939760914045536
6489,47,1394,1.26767966641927,5,5,1,-0.0335456506746422
6490,47,1394,1.26767966641927,7,1,1,0.8661574361608929
6491,47,1394,1.26767966641927,4,2,1,0.1917578095839901
6492,47,1394,1.26767966641927,4,2,0,-0.9442601098667917
6493,47,1394,1.26767966641927,7,2,1,2.306961643978433
6494,47,1394,1.26767966641927,4,8,0,-1.3847909004671632
6495,47,1394,1.26767966641927,4,2,0,0.3231257696663414
6496,47,1394,1.26767966641927,4,2,1,-0.5726802114590879
6497,47,1394,1.26767966641927,5,8,1,-0.0786930424783274
6498,47,1394,1.26767966641927,6,5,0,0.7741558747427745
6499,47,1394,1.26767966641927,4,2,0,-0.2387998319579659
6500,47,1394,1.26767966641927,7,4,1,-0.3995010879308228
6501,47,1394,1.26767966641927,2,1,0,-0.6621222626544638
6502,47,1394,1.26767966641927,3,2,0,-0.5322926863288381
6503,47,1394,1.26767966641927,4,2,0,-0.0448662928324093
6504,47,1394,1.26767966641927,5,2,0,0.0751561594803157
6505,47,1394,1.26767966641927,6,2,0,0.3129764865944346
6506,47,1394,1.26767966641927,5,4,1,-1.0771641516343278
6507,47,1394,1.26767966641927,6,2,0,0.5012598155380655
6508,47,1394,1.26767966641927,4,8,0,-0.4057283240659636
6509,47,1394,1.26767966641927,6,2,1,-0.8677049928941595
6510,47,1394,1.26767966641927,5,1,1,-0.8057615313479216
6511,47,1394,1.26767966641927,5,8,1,0.8113675669097733
6512,47,1394,1.26767966641927,5,5,1,0.5622282633620356
6513,47,1394,1.26767966641927,4,8,1,-0.3444498789592004
6514,47,1394,1.26767966641927,5,4,0,-0.3643465049992895
6515,47,1394,1.26767966641927,7,5,0,1.9300610842236496
6516,47,1394,1.26767966641927,5,2,0,0.7461711239663402
6517,47,1394,1.26767966641927,6,8,0,-0.0008528809680229
6518,47,1394,1.26767966641927,4,2,0,0.6433774042605491
6519,47,1394,1.26767966641927,5,7,1,-0.0788918992575977
6520,47,1394,1.26767966641927,1,1,0,-1.5379802157558868
6521,47,1394,1.26767966641927,4,4,0,-0.896266827942043
6522,47,1394,1.26767966641927,5,2,0,-1.0498328710539957
6523,47,1394,1.26767966641927,5,4,0,-0.0086272950133856
6524,47,1394,1.26767966641927,5,4,0,0.3214777941407163
6525,47,1394,1.26767966641927,6,4,0,-0.8439736434609515
6526,47,1394,1.26767966641927,6,4,1,0.8770229853963765
6527,47,1394,1.26767966641927,5,8,0,-0.6739137645693375
6528,47,1394,1.26767966641927,7,2,1,1.229245233248676
6529,47,1394,1.26767966641927,6,8,1,-0.6577015265936086
6530,47,1394,1.26767966641927,5,4,1,-0.787051879335667
6531,47,1394,1.26767966641927,5,2,0,0.632189470594513
6532,47,1394,1.26767966641927,6,8,0,0.5558650327439788
6533,47,1394,1.26767966641927,7,8,1,0.3073505181316325
6534,47,1394,1.26767966641927,5,2,0,0.77190989764235
6535,47,1394,1.26767966641927,5,6,0,0.3269121632285681
6536,47,1394,1.26767966641927,6,2,0,0.4029798937423433
6537,47,1394,1.26767966641927,6,4,0,1.492036873510479
6538,47,1394,1.26767966641927,5,5,0,0.6872829064340167
6539,47,1394,1.26767966641927,4,4,0,-1.6375312001520672
6540,47,1394,1.26767966641927,5,8,0,0.023178054264422
6541,47,1394,1.26767966641927,5,4,0,1.3182380772463007
6542,47,1394,1.26767966641927,5,8,0,-0.7018961707349817
6543,47,1394,1.26767966641927,5,8,1,-0.022782798651539
6544,47,1394,1.26767966641927,6,8,0,0.4432129422386081
6545,47,1394,1.26767966641927,6,2,1,-0.8865669744525478
6546,47,1394,1.26767966641927,5,4,0,0.4139445402410949
6547,47,1394,1.26767966641927,5,5,0,-1.34716615908088
6548,47,1394,1.26767966641927,6,2,0,1.1534602256686055
6549,47,1394,1.26767966641927,3,2,0,0.0197329846824615
6550,47,1394,1.26767966641927,6,4,0,-0.0744340312267731
6551,47,1394,1.26767966641927,5,8,0,0.0473349008433524
6552,47,1394,1.26767966641927,5,4,0,-0.29568032862871
6553,47,1394,1.26767966641927,6,2,1,1.705559168529633
6554,47,1394,1.26767966641927,6,1,0,0.2044334386443951
6555,47,1394,1.26767966641927,5,1,0,-1.146370451382951
6556,47,1394,1.26767966641927,5,4,0,0.4931238706522289
6557,47,1394,1.26767966641927,5,8,0,0.125885107638731
6558,47,1394,1.26767966641927,6,8,0,2.136179235344991
6559,47,1394,1.26767966641927,5,8,0,0.9518531888673528
6560,47,1394,1.26767966641927,6,5,0,0.4365785653642633
6561,47,1394,1.26767966641927,6,8,1,0.3713764854609613
6562,47,1394,1.26767966641927,5,4,0,1.316316541934812
6563,47,1394,1.26767966641927,5,8,0,-1.3763655130247012
6564,47,1394,1.26767966641927,6,5,0,-0.3305057806267313
6565,47,1394,1.26767966641927,2,4,0,-1.5933689366794177
6566,46,567,2.82165999303967,5,4,0,1.3725218910041372
6567,46,567,2.82165999303967,7,1,0,0.7584033427915003
6568,46,567,2.82165999303967,5,4,0,1.1308371373434596
6569,46,567,2.82165999303967,6,1,0,1.4958870313626735
6570,46,567,2.82165999303967,6,8,1,0.8538976805966518
6571,46,567,2.82165999303967,5,8,0,-1.2486053203249363
6572,46,567,2.82165999303967,5,8,0,0.4906941774787192
6573,46,567,2.82165999303967,6,4,0,-0.6082961692213312
6574,46,567,2.82165999303967,4,2,0,0.4297145790983837
6575,46,567,2.82165999303967,5,2,1,-1.065038200536343
6576,46,567,2.82165999303967,6,8,0,0.4036303390227536
6577,46,567,2.82165999303967,5,2,0,0.2103777944536664
6578,46,567,2.82165999303967,6,8,0,0.6467078311708533
6579,46,567,2.82165999303967,5,2,0,0.1085736096073461
6580,46,567,2.82165999303967,2,4,0,0.4150433011959627
6581,46,567,2.82165999303967,5,2,1,0.4482260884858951
6582,46,567,2.82165999303967,6,4,1,-0.2001568847239135
6583,46,567,2.82165999303967,6,8,0,1.147442726561097
6584,46,567,2.82165999303967,6,4,1,-1.019480061961192
6585,46,567,2.82165999303967,5,4,0,-1.186532632315208
6586,46,567,2.82165999303967,6,5,0,2.138785994209691
6587,46,567,2.82165999303967,6,4,0,-1.1370364324034403
6588,46,567,2.82165999303967,5,8,0,1.8647149557782088
6589,46,567,2.82165999303967,6,1,0,1.2564334501991248
6590,46,567,2.82165999303967,4,2,1,-0.743391482622894
6591,46,567,2.82165999303967,4,8,0,-0.2213886245900566
6592,46,567,2.82165999303967,3,4,0,-1.2905011899222292
6593,46,567,2.82165999303967,5,8,1,-1.1617686057450254
6594,46,567,2.82165999303967,4,8,0,0.7079845963907447
6595,46,567,2.82165999303967,5,4,1,0.857868340101155
6596,46,567,2.82165999303967,6,2,0,0.5611100712336917
6597,46,567,2.82165999303967,5,8,0,-0.6475386995045703
6598,46,567,2.82165999303967,6,4,0,1.300744118123902
6599,46,567,2.82165999303967,6,4,1,0.2965919510287639
6600,46,567,2.82165999303967,6,2,0,-0.3243960567885716
6601,46,567,2.82165999303967,5,1,0,-0.6017878117574913
6602,46,567,2.82165999303967,6,2,0,2.588547534859517
6603,46,567,2.82165999303967,5,1,0,0.415432456701071
6604,46,567,2.82165999303967,5,4,0,-0.3067124611398807
6605,46,567,2.82165999303967,7,1,0,-0.0542443910545733
6606,46,567,2.82165999303967,5,4,0,0.2465233164233349
6607,46,567,2.82165999303967,7,1,1,2.263891380693972
6608,46,567,2.82165999303967,6,1,1,0.3586535377901241
6609,46,567,2.82165999303967,7,5,0,1.170859104861634
6610,46,567,2.82165999303967,5,2,0,0.865477411956884
6611,46,567,2.82165999303967,7,1,1,1.1729067986882509
6612,46,567,2.82165999303967,6,1,1,1.2914992719526628
6613,46,567,2.82165999303967,4,2,0,0.8690570038825525
6614,46,567,2.82165999303967,6,2,1,-0.9806705698033608
6615,46,567,2.82165999303967,7,8,0,1.376116777127752
6616,46,567,2.82165999303967,3,8,0,0.3658220227879578
6617,46,567,2.82165999303967,6,1,0,1.121124944670508
6618,46,567,2.82165999303967,2,4,0,-1.775131005169822
6619,46,567,2.82165999303967,6,8,1,-0.4232873205169933
6620,46,567,2.82165999303967,5,1,0,0.0336455047944532
6621,46,567,2.82165999303967,4,4,1,-0.2244665386613146
6622,46,567,2.82165999303967,5,3,0,1.5383102894558869
6623,46,567,2.82165999303967,5,8,0,1.6412702542786075
6624,46,567,2.82165999303967,6,8,1,2.923462233059059
6625,46,567,2.82165999303967,7,4,1,0.4008665615043381
6626,46,567,2.82165999303967,6,4,0,0.4701293836120492
6627,46,567,2.82165999303967,6,8,0,-0.4032676729963972
6628,46,567,2.82165999303967,5,2,1,1.003487589255515
6629,46,567,2.82165999303967,4,2,0,-1.4171403831341367
6630,46,567,2.82165999303967,5,1,0,1.6858226558863976
6631,46,567,2.82165999303967,6,4,1,-0.130012726867539
6632,46,567,2.82165999303967,5,4,0,-0.5003499873623948
6633,46,567,2.82165999303967,6,4,0,1.0120364613963309
6634,46,567,2.82165999303967,6,5,1,-0.3872678358445429
6635,46,567,2.82165999303967,6,8,0,0.1740164893205142
6636,46,567,2.82165999303967,6,1,0,-0.4611055143036215
6637,46,567,2.82165999303967,6,4,0,1.1367240777672318
6638,46,567,2.82165999303967,3,1,0,-0.5537777442759603
6639,46,567,2.82165999303967,5,2,0,0.4694892472340132
6640,46,567,2.82165999303967,5,4,0,0.2226885157381432
6641,46,567,2.82165999303967,2,8,0,-0.6815533087237269
6642,46,567,2.82165999303967,5,8,1,-0.824952100496271
6643,46,567,2.82165999303967,7,8,1,2.5121405013254376
6644,46,567,2.82165999303967,6,4,1,-0.0538380808000004
6645,46,567,2.82165999303967,5,8,0,1.2070432630150298
6646,46,567,2.82165999303967,4,1,1,0.0895205990145966
6647,46,567,2.82165999303967,5,1,0,0.2599291762406723
6648,46,567,2.82165999303967,4,1,1,-0.7648841889424421
6649,46,567,2.82165999303967,6,8,0,2.0742369961682905
6650,46,567,2.82165999303967,4,1,0,-0.74430132681505
6651,46,567,2.82165999303967,4,4,1,-0.6211693874274236
6652,46,567,2.82165999303967,4,1,0,-0.303221248645616
6653,46,567,2.82165999303967,3,2,0,-1.3721064424607243
6654,46,567,2.82165999303967,7,4,0,1.5966547492713716
6655,46,567,2.82165999303967,3,2,0,-0.3138397425491965
6656,46,567,2.82165999303967,3,4,0,-1.1010880357778547
6657,46,567,2.82165999303967,3,1,0,-0.6625629519060439
6658,46,567,2.82165999303967,3,2,0,-0.8772533240349744
6659,46,567,2.82165999303967,4,2,0,-0.4685513420809764
6660,46,567,2.82165999303967,5,8,0,-0.9223716320352502
6661,46,567,2.82165999303967,2,1,0,0.1882793885966059
6662,46,567,2.82165999303967,5,8,1,0.1324516106341976
6663,46,567,2.82165999303967,6,1,1,-0.9039166587995616
6664,46,567,2.82165999303967,5,8,1,-0.379125901451095
6665,46,567,2.82165999303967,5,8,0,0.1409855688179027
6666,46,567,2.82165999303967,5,2,0,-0.5760556828389477
6667,45,539,0.347889377392693,4,8,0,-0.0659437293997036
6668,45,539,0.347889377392693,7,4,0,2.687892365501222
6669,45,539,0.347889377392693,5,8,0,-1.0966939467670846
6670,45,539,0.347889377392693,4,4,0,-0.5155876483771524
6671,45,539,0.347889377392693,6,5,1,0.9039183388232028
6672,45,539,0.347889377392693,4,4,0,-1.038896524294597
6673,45,539,0.347889377392693,5,4,0,-0.6667868572345452
6674,45,539,0.347889377392693,5,4,0,-1.1901033014279094
6675,45,539,0.347889377392693,4,4,0,-0.5673399881343284
6676,45,539,0.347889377392693,5,1,0,-1.181799456484838
6677,45,539,0.347889377392693,6,4,0,-0.0058751872143373
6678,45,539,0.347889377392693,5,2,0,0.7927892960369746
6679,45,539,0.347889377392693,2,4,0,-0.2552859343787243
6680,45,539,0.347889377392693,6,1,0,-0.7127186976143948
6681,45,539,0.347889377392693,6,4,1,-0.9689551982231744
6682,45,539,0.347889377392693,5,4,1,-0.8328694975148302
6683,45,539,0.347889377392693,6,8,0,0.2273724782742121
6684,45,539,0.347889377392693,5,4,1,-0.6061137975607556
6685,45,539,0.347889377392693,4,4,0,-1.2458816343966694
6686,45,539,0.347889377392693,6,4,0,-0.0705704806670522
6687,45,539,0.347889377392693,6,8,0,0.5298993102988939
6688,45,539,0.347889377392693,7,1,1,0.6082261055524102
6689,45,539,0.347889377392693,5,4,1,-0.7174726474592916
6690,45,539,0.347889377392693,6,8,1,-1.240156976278858
6691,45,539,0.347889377392693,5,5,0,1.2181438284558144
6692,45,539,0.347889377392693,1,4,0,-0.8576783874825802
6693,45,539,0.347889377392693,5,8,1,0.4442781756788929
6694,45,539,0.347889377392693,7,4,1,0.5159530185651473
6695,45,539,0.347889377392693,5,2,0,0.1433301430507377
6696,45,539,0.347889377392693,6,4,1,1.9455628938398677
6697,45,539,0.347889377392693,5,8,0,0.3180008511772815
6698,45,539,0.347889377392693,5,4,0,0.0730623595938976
6699,45,539,0.347889377392693,4,8,1,-0.8570494879836481
6700,45,539,0.347889377392693,2,8,0,-1.3911860443594957
6701,45,539,0.347889377392693,4,1,0,-0.4977436940707755
6702,45,539,0.347889377392693,5,4,1,-0.3425925228358629
6703,45,539,0.347889377392693,4,4,0,-0.0451562523069677
6704,45,539,0.347889377392693,6,4,0,-0.6596032984583986
6705,45,539,0.347889377392693,4,4,0,-0.0836116959234197
6706,45,539,0.347889377392693,6,8,0,1.46891048540776
6707,45,539,0.347889377392693,6,4,0,0.7196721745755178
6708,45,539,0.347889377392693,5,2,1,-0.4082692789258605
6709,45,539,0.347889377392693,5,4,0,-0.9614458872520404
6710,45,539,0.347889377392693,6,4,0,1.970536898289864
6711,45,539,0.347889377392693,4,4,0,0.5089885465712656
6712,45,539,0.347889377392693,3,8,0,-0.7918313983696069
6713,45,539,0.347889377392693,5,4,0,-1.7348564623295102
6714,45,539,0.347889377392693,7,4,1,1.0207060106063834
6715,45,539,0.347889377392693,6,8,1,0.4084950302272276
6716,45,539,0.347889377392693,6,4,0,-0.2583720126584184
6717,45,539,0.347889377392693,4,4,0,-1.5414471503157634
6718,45,539,0.347889377392693,4,8,0,0.0792974028617026
6719,45,539,0.347889377392693,6,4,1,-0.6375854235510329
6720,45,539,0.347889377392693,5,4,1,-1.6230782424529837
6721,45,539,0.347889377392693,5,4,0,-0.4474993517668488
6722,45,539,0.347889377392693,7,8,1,0.1868386486917245
6723,45,539,0.347889377392693,5,2,1,-0.8584431705405323
6724,45,539,0.347889377392693,5,8,0,-1.632465391540433
6725,45,539,0.347889377392693,4,4,0,-2.2631958950020934
6726,45,539,0.347889377392693,6,4,1,0.2054969737936589
6727,45,539,0.347889377392693,5,8,0,0.3086058073429224
6728,45,539,0.347889377392693,7,4,0,0.984928347593486
6729,45,539,0.347889377392693,5,8,0,0.1819916118880878
6730,45,539,0.347889377392693,5,8,0,0.0738583117401163
6731,45,539,0.347889377392693,1,8,0,0.5539155153886919
6732,45,539,0.347889377392693,6,4,0,0.0535938287980181
6733,45,539,0.347889377392693,7,8,1,1.3544784926336206
6734,45,539,0.347889377392693,4,1,0,-1.841972344036948
6735,45,539,0.347889377392693,3,4,0,-1.0260424654878813
6736,45,539,0.347889377392693,5,4,0,-0.785621736485165
6737,45,539,0.347889377392693,3,4,0,-1.5706018073673529
6738,45,539,0.347889377392693,5,4,0,-1.4989545930123649
6739,45,539,0.347889377392693,5,4,0,-1.164417734177676
6740,45,539,0.347889377392693,3,4,0,-0.2895206351464411
6741,45,539,0.347889377392693,5,4,0,0.1865877550991074
6742,45,539,0.347889377392693,3,1,0,-1.2456309190488208
6743,45,539,0.347889377392693,5,4,0,-1.5360505048711055
6744,45,539,0.347889377392693,6,8,1,0.0699739708795439
6745,44,286,1.12831637936496,6,4,1,0.2401312804839758
6746,44,286,1.12831637936496,5,4,0,0.0033980393736104
6747,44,286,1.12831637936496,6,1,1,0.7718968160710343
6748,44,286,1.12831637936496,5,4,0,0.6430777748961183
6749,44,286,1.12831637936496,6,4,1,1.278395980269472
6750,44,286,1.12831637936496,4,4,1,-1.183336899333493
6751,44,286,1.12831637936496,3,3,0,-2.224735418641474
6752,44,286,1.12831637936496,5,4,1,-1.5885470235568917
6753,44,286,1.12831637936496,5,4,0,-1.6728755313434909
6754,44,286,1.12831637936496,5,4,0,-1.03321793117564
6755,44,286,1.12831637936496,6,4,0,0.2078865854063106
6756,44,286,1.12831637936496,6,4,1,-0.041885633631781
6757,44,286,1.12831637936496,3,8,0,-0.3528511407261421
6758,44,286,1.12831637936496,5,4,0,0.2791004663091712
6759,44,286,1.12831637936496,6,8,0,-0.4529813768363953
6760,44,286,1.12831637936496,5,4,0,-1.1142268083305067
6761,44,286,1.12831637936496,6,5,0,0.8538172025056867
6762,44,286,1.12831637936496,6,8,0,0.2913635604301978
6763,44,286,1.12831637936496,6,4,1,-0.6265276586562104
6764,44,286,1.12831637936496,5,4,0,-0.5716059098612605
6765,44,286,1.12831637936496,6,8,0,-0.026203810202856
6766,44,286,1.12831637936496,5,4,0,-0.0729927583244212
6767,44,286,1.12831637936496,4,4,0,-1.232356912363182
6768,44,286,1.12831637936496,5,4,0,-1.0748252775356746
6769,44,286,1.12831637936496,5,4,1,-1.675703494619698
6770,44,286,1.12831637936496,5,4,0,-2.3286618948087447
6771,44,286,1.12831637936496,4,4,0,-1.4361372547250273
6772,44,286,1.12831637936496,6,4,0,-1.1496233641430686
6773,44,286,1.12831637936496,6,4,0,-0.714395876550881
6774,44,286,1.12831637936496,5,4,1,-1.2260629237953633
6775,44,286,1.12831637936496,5,8,1,-0.3606966886223562
6776,44,286,1.12831637936496,5,8,0,1.1095807879828548
6777,44,286,1.12831637936496,5,4,1,-0.3576604414818705
6778,44,286,1.12831637936496,7,8,1,1.4439785297244732
6779,44,286,1.12831637936496,6,4,1,-0.976427989028018
6780,44,286,1.12831637936496,5,8,0,-2.176572232754073
6781,44,286,1.12831637936496,6,4,0,-0.8641480544362186
6782,44,286,1.12831637936496,4,4,0,-1.8579724728674272
6783,44,286,1.12831637936496,5,3,0,-2.4481433093870035
6784,44,286,1.12831637936496,5,4,0,-1.374552695839655
6785,44,286,1.12831637936496,5,4,0,-0.5240922482059915
6786,44,286,1.12831637936496,4,4,1,0.8329295400458822
6787,43,203,-0.664859724964281,7,4,0,0.7315691069084868
6788,43,203,-0.664859724964281,5,4,0,-0.6803132993690211
6789,43,203,-0.664859724964281,6,4,1,1.5689998361254331
6790,43,203,-0.664859724964281,6,4,0,-0.374101881088095
6791,43,203,-0.664859724964281,5,8,0,-0.3518131754348047
6792,43,203,-0.664859724964281,6,4,0,1.1012970196629954
6793,43,203,-0.664859724964281,5,8,1,-0.8171740691955268
6794,43,203,-0.664859724964281,7,3,0,0.9460673244755428
6795,43,203,-0.664859724964281,6,4,1,0.581020648861273
6796,43,203,-0.664859724964281,6,4,1,-1.186769190548337
6797,43,203,-0.664859724964281,6,4,0,0.8081493297075402
6798,43,203,-0.664859724964281,6,4,0,0.8622853378838298
6799,43,203,-0.664859724964281,5,4,1,-0.1734138106029138
6800,43,203,-0.664859724964281,6,4,0,1.5168558417635858
6801,43,203,-0.664859724964281,4,4,0,-0.7933079874366487
6802,43,203,-0.664859724964281,5,4,1,-0.3577838432583602
6803,43,203,-0.664859724964281,6,4,1,0.5141024909283091
6804,43,203,-0.664859724964281,5,4,0,-1.327202640807661
6805,43,203,-0.664859724964281,6,4,0,1.7621710499261714
6806,43,203,-0.664859724964281,3,4,0,-2.3728113432214286
6807,43,203,-0.664859724964281,6,4,1,-0.5426890855357125
6808,43,203,-0.664859724964281,7,4,0,-0.419048318300637
6809,43,203,-0.664859724964281,5,4,1,0.4825252205717406
6810,43,203,-0.664859724964281,4,4,0,-0.5587547314130318
6811,43,203,-0.664859724964281,7,4,1,1.0464469668448957
6812,43,203,-0.664859724964281,7,8,1,0.573686511897234
6813,43,203,-0.664859724964281,3,4,0,-0.6085570905284634
6814,43,203,-0.664859724964281,6,4,0,-1.1174254388228275
6815,43,203,-0.664859724964281,5,4,0,-1.1779640175589727
6816,43,203,-0.664859724964281,6,8,0,-1.0002047312671447
6817,43,203,-0.664859724964281,6,4,1,2.1433541094905464
6818,43,203,-0.664859724964281,5,2,0,1.4784353407871569
6819,43,203,-0.664859724964281,6,8,0,-0.8785227645312733
6820,43,203,-0.664859724964281,7,4,1,0.6588517529534018
6821,43,203,-0.664859724964281,4,4,0,-1.0556911417633552
6822,42,337,0.504999212108569,5,2,0,-0.5778362799833554
6823,42,337,0.504999212108569,5,4,0,-0.5367675061442446
6824,42,337,0.504999212108569,5,4,1,-0.4467976931164499
6825,42,337,0.504999212108569,6,4,0,-1.4737249573495392
6826,42,337,0.504999212108569,4,4,0,-1.29993449436069
6827,42,337,0.504999212108569,6,4,0,-0.4756152223255359
6828,42,337,0.504999212108569,3,4,0,-0.0462382276102536
6829,42,337,0.504999212108569,6,4,0,-0.559291912023644
6830,42,337,0.504999212108569,5,4,1,-1.100272550275841
6831,42,337,0.504999212108569,4,1,0,0.0571735404862959
6832,42,337,0.504999212108569,5,4,0,-0.7684494739046194
6833,42,337,0.504999212108569,5,4,0,-0.4346968581242668
6834,42,337,0.504999212108569,5,4,0,-0.8247438629656768
6835,42,337,0.504999212108569,3,4,0,-1.0858463028895695
6836,42,337,0.504999212108569,7,1,1,0.5025795767388073
6837,42,337,0.504999212108569,5,4,0,-1.218030498498435
6838,42,337,0.504999212108569,6,4,1,1.6027797332048168
6839,42,337,0.504999212108569,6,1,1,0.4962343030673934
6840,42,337,0.504999212108569,6,8,0,0.0867524685654999
6841,42,337,0.504999212108569,6,4,0,0.0173224670529153
6842,42,337,0.504999212108569,6,4,0,0.0477393429860942
6843,42,337,0.504999212108569,6,4,1,0.2809099746064602
6844,42,337,0.504999212108569,5,4,0,0.0668927681123584
6845,42,337,0.504999212108569,6,4,1,0.7372398610343873
6846,42,337,0.504999212108569,7,8,1,-0.0702662117138207
6847,42,337,0.504999212108569,6,8,0,-0.3090458186707966
6848,42,337,0.504999212108569,5,4,0,-0.2649631223410454
6849,42,337,0.504999212108569,5,4,0,-1.4717108272615116
6850,42,337,0.504999212108569,6,4,0,0.4671814775293934
6851,42,337,0.504999212108569,6,4,0,0.0071775578191869
6852,42,337,0.504999212108569,4,4,0,-1.3617579148495451
6853,42,337,0.504999212108569,5,8,0,-1.0727026751358388
6854,42,337,0.504999212108569,7,8,0,0.0302878875414523
6855,42,337,0.504999212108569,6,4,0,0.2619869936031279
6856,42,337,0.504999212108569,5,4,0,0.3746975567788817
6857,42,337,0.504999212108569,6,3,0,0.1636020976141428
6858,42,337,0.504999212108569,6,8,0,1.2839873606543653
6859,42,337,0.504999212108569,5,4,0,-0.4328573487387429
6860,42,337,0.504999212108569,5,8,0,0.8721389436905844
6861,42,337,0.504999212108569,5,4,0,0.4397503107750117
6862,42,337,0.504999212108569,6,8,0,-1.0045738186945057
6863,42,337,0.504999212108569,7,4,0,-0.5547165029038436
6864,42,337,0.504999212108569,6,4,1,1.2153302896587022
6865,42,337,0.504999212108569,6,4,1,-0.1781657053165678
6866,42,337,0.504999212108569,5,4,0,0.0912210866326978
6867,42,337,0.504999212108569,5,4,0,-1.0884646589483815
6868,42,337,0.504999212108569,6,8,0,-0.3068311854191792
6869,42,337,0.504999212108569,5,8,0,-0.3765050138738227
6870,42,337,0.504999212108569,5,1,1,-0.1201445174137764
6871,42,337,0.504999212108569,5,4,0,-1.1675458424349212
6872,42,337,0.504999212108569,6,8,0,-0.1796210398858327
6873,41,267,0.700118007221598,5,2,0,-0.5383215843693203
6874,41,267,0.700118007221598,6,2,0,0.1225148522602025
6875,41,267,0.700118007221598,1,2,0,-0.9883097952513098
6876,41,267,0.700118007221598,6,2,1,-0.5075615083901771
6877,41,267,0.700118007221598,7,4,0,0.1610959558859738
6878,41,267,0.700118007221598,5,2,0,1.0613119166827405
6879,41,267,0.700118007221598,7,4,1,-0.7809449768902091
6880,41,267,0.700118007221598,5,2,0,0.4403994647979292
6881,41,267,0.700118007221598,5,2,0,-0.7406115222278794
6882,41,267,0.700118007221598,5,4,0,-1.2827634025035617
6883,41,267,0.700118007221598,5,4,1,-0.8572539054620668
6884,41,267,0.700118007221598,5,8,0,-0.2447444161548274
6885,41,267,0.700118007221598,5,2,0,0.1341973893001331
6886,41,267,0.700118007221598,5,4,0,-1.2274633673654034
6887,41,267,0.700118007221598,6,2,0,0.9110697292607552
6888,41,267,0.700118007221598,5,2,0,-0.4362088372630814
6889,41,267,0.700118007221598,7,2,0,1.6054315523371876
6890,41,267,0.700118007221598,6,2,0,-0.4049839027114109
6891,41,267,0.700118007221598,6,4,1,0.2513158532299472
6892,41,267,0.700118007221598,6,4,1,-0.527296136040003
6893,41,267,0.700118007221598,5,2,0,-0.3150685454910534
6894,41,267,0.700118007221598,5,4,0,-0.3304212579713528
6895,41,267,0.700118007221598,5,8,0,0.760354092960659
6896,41,267,0.700118007221598,5,2,0,-0.2306314983307218
6897,41,267,0.700118007221598,5,8,0,-1.7784595424594254
6898,41,267,0.700118007221598,6,4,0,0.4094942551817023
6899,41,267,0.700118007221598,5,8,0,0.0926107932010122
6900,41,267,0.700118007221598,6,4,0,-0.1986157638963331
6901,41,267,0.700118007221598,5,8,0,-0.2237226202773788
6902,41,267,0.700118007221598,7,2,0,0.123607923190539
6903,41,267,0.700118007221598,5,2,0,-0.2089741508423222
6904,41,267,0.700118007221598,4,8,0,0.2189897206897754
6905,41,267,0.700118007221598,4,4,0,-1.3999199541041407
6906,41,267,0.700118007221598,7,4,1,0.6367439699529596
6907,41,267,0.700118007221598,5,2,0,-0.4770341068933686
6908,41,267,0.700118007221598,6,4,1,-1.8549835601465592
6909,41,267,0.700118007221598,6,2,0,-0.190203051332858
6910,41,267,0.700118007221598,5,2,1,0.5754577109238371
6911,41,267,0.700118007221598,5,2,0,-0.6804666609127895
6912,41,267,0.700118007221598,6,2,0,-0.6659022051460783
6913,41,267,0.700118007221598,5,2,0,-1.951736130863516
6914,41,267,0.700118007221598,6,4,0,-1.6275002497597115
6915,41,267,0.700118007221598,4,2,0,-1.281483407524558
6916,41,267,0.700118007221598,3,4,0,-1.1461190446779297
6917,41,267,0.700118007221598,4,2,0,-1.0300631065098227
6918,41,267,0.700118007221598,3,2,0,-2.170413836606774
6919,41,267,0.700118007221598,4,8,0,1.0756998932243986
6920,41,267,0.700118007221598,4,2,0,0.1791375489054791
6921,41,267,0.700118007221598,6,8,0,1.5100760009623386
6922,41,267,0.700118007221598,6,2,1,0.1892145063265208
6923,41,267,0.700118007221598,5,2,0,0.563012203761595
6924,41,267,0.700118007221598,5,2,0,-0.3431922529500432
6925,41,267,0.700118007221598,5,2,0,-0.3302105400521643
6926,40,299,0.596473618760828,5,8,0,-0.2960823808003554
6927,40,299,0.596473618760828,5,4,1,-0.4997052768013964
6928,40,299,0.596473618760828,5,4,0,-2.3407548743946345
6929,40,299,0.596473618760828,5,3,1,0.2372350868709483
6930,40,299,0.596473618760828,5,3,0,0.4547460366700582
6931,40,299,0.596473618760828,2,3,0,-0.4406503013168358
6932,40,299,0.596473618760828,6,3,0,-1.2720437305105403
6933,40,299,0.596473618760828,5,4,0,-1.6692818674967926
6934,40,299,0.596473618760828,4,3,0,-0.3249800668013168
6935,40,299,0.596473618760828,5,4,0,-0.2556442866175882
6936,40,299,0.596473618760828,6,8,1,-0.0445226852643829
6937,40,299,0.596473618760828,7,4,1,0.140440724231657
6938,40,299,0.596473618760828,3,8,0,-0.809669082946255
6939,40,299,0.596473618760828,3,8,0,-0.2740286877321199
6940,40,299,0.596473618760828,5,3,0,-1.247417979490205
6941,40,299,0.596473618760828,5,8,0,1.0258889787723189
6942,40,299,0.596473618760828,4,3,0,0.3611965944113593
6943,40,299,0.596473618760828,5,5,0,1.1872127471376646
6944,40,299,0.596473618760828,6,8,1,0.6826136360892694
6945,40,299,0.596473618760828,5,4,1,-0.9092619193141526
6946,40,299,0.596473618760828,5,4,0,-1.9015419728481096
6947,40,299,0.596473618760828,6,3,1,-1.2106560637695003
6948,40,299,0.596473618760828,7,4,1,-0.5262516753310483
6949,40,299,0.596473618760828,6,3,0,-1.5393204252543364
6950,40,299,0.596473618760828,6,8,0,0.1118580561304112
6951,40,299,0.596473618760828,6,3,1,-0.5212358241884747
6952,40,299,0.596473618760828,5,3,0,0.5387716471169873
6953,40,299,0.596473618760828,5,2,0,0.1428024958633729
6954,40,299,0.596473618760828,5,4,0,-2.6223994240070865
6955,40,299,0.596473618760828,5,8,1,0.1759497376015232
6956,40,299,0.596473618760828,5,4,0,-1.065094830381469
6957,40,299,0.596473618760828,5,8,0,-0.6014556414999542
6958,40,299,0.596473618760828,5,4,0,-1.4184048998756904
6959,40,299,0.596473618760828,6,3,1,0.8571696771702694
6960,40,299,0.596473618760828,3,8,1,-0.3729726560843574
6961,40,299,0.596473618760828,5,2,1,-0.7143644052740763
6962,40,299,0.596473618760828,5,4,1,-0.5309124443015946
6963,40,299,0.596473618760828,4,3,0,-1.3223154351912636
6964,40,299,0.596473618760828,4,2,0,-1.2675858209670914
6965,40,299,0.596473618760828,6,3,0,-0.0396494029634935
6966,40,299,0.596473618760828,3,3,0,-1.7556207656757
6967,40,299,0.596473618760828,2,8,0,-1.0469596283464384
6968,40,299,0.596473618760828,5,4,0,-0.5909202754718793
6969,40,299,0.596473618760828,5,8,0,-1.7876526614334196
6970,40,299,0.596473618760828,5,3,1,-1.6996344578987646
6971,40,299,0.596473618760828,6,3,1,0.5339580074015385
6972,40,299,0.596473618760828,5,4,0,-0.2191143253852703
6973,39,345,1.05510681959196,4,8,0,-1.7457490569900709
6974,39,345,1.05510681959196,3,2,0,0.1022582746406683
6975,39,345,1.05510681959196,4,2,0,0.3944063926084775
6976,39,345,1.05510681959196,5,4,0,-2.33611401649676
6977,39,345,1.05510681959196,6,4,0,0.3243498005425368
6978,39,345,1.05510681959196,6,4,0,0.3396420896070553
6979,39,345,1.05510681959196,5,4,1,-1.7601502440022383
6980,39,345,1.05510681959196,6,4,1,-1.4885470766743578
6981,39,345,1.05510681959196,6,8,1,-0.2436175328464279
6982,39,345,1.05510681959196,6,8,1,-0.963383301387766
6983,39,345,1.05510681959196,6,1,0,0.1234238548138617
6984,39,345,1.05510681959196,5,4,1,-0.5686983485982785
6985,39,345,1.05510681959196,5,8,1,-0.9807178292928438
6986,39,345,1.05510681959196,6,4,0,-0.3511748189726688
6987,39,345,1.05510681959196,7,5,1,2.622543144592706
6988,39,345,1.05510681959196,5,4,0,-1.5154021414743395
6989,39,345,1.05510681959196,6,4,1,-1.1680637712696715
6990,39,345,1.05510681959196,5,4,1,-1.0335470720369837
6991,39,345,1.05510681959196,6,4,1,-0.7299770711487515
6992,39,345,1.05510681959196,6,4,0,-1.3873055682073847
6993,39,345,1.05510681959196,5,3,0,-1.2727789830253535
6994,39,345,1.05510681959196,6,2,1,-0.2769551521725184
6995,39,345,1.05510681959196,5,8,0,-0.6303005065449577
6996,39,345,1.05510681959196,6,4,1,-0.455220642697469
6997,39,345,1.05510681959196,5,4,1,-1.6811447033812708
6998,39,345,1.05510681959196,5,4,0,-0.9465403207838352
6999,39,345,1.05510681959196,6,8,0,1.6627244042370095
7000,39,345,1.05510681959196,6,4,1,-0.1692339913356927
7001,39,345,1.05510681959196,5,4,0,-0.4074762343535907
7002,39,345,1.05510681959196,6,2,1,0.7359561415512278
7003,39,345,1.05510681959196,5,8,1,-1.119685296796509
7004,39,345,1.05510681959196,5,2,0,-1.0145097119641069
7005,39,345,1.05510681959196,6,4,0,0.0660531990327737
7006,39,345,1.05510681959196,3,5,0,-0.4387826916625958
7007,39,345,1.05510681959196,5,2,1,-0.4937453270201904
7008,39,345,1.05510681959196,6,4,0,-0.1955246352680114
7009,39,345,1.05510681959196,6,4,1,-1.470364290335707
7010,39,345,1.05510681959196,6,4,1,-0.0938330312440361
7011,39,345,1.05510681959196,4,2,0,-1.034964112748532
7012,39,345,1.05510681959196,3,4,1,0.2157685960366435
7013,39,345,1.05510681959196,5,4,0,-1.3114188081573066
7014,39,345,1.05510681959196,6,4,1,0.3184280408408649
7015,39,345,1.05510681959196,6,4,0,-0.2089246546753957
7016,39,345,1.05510681959196,5,4,1,-0.6164881090322692
7017,39,345,1.05510681959196,5,2,1,-0.9657570777164812
7018,39,345,1.05510681959196,4,8,0,-1.1619788660767094
7019,39,345,1.05510681959196,5,4,0,0.0612742515122373
7020,39,345,1.05510681959196,4,4,0,-2.074303081186916
7021,39,345,1.05510681959196,5,4,0,0.1886609794176826
7022,39,345,1.05510681959196,5,2,1,-0.1281151607454325
7023,39,345,1.05510681959196,4,2,0,0.7135795471960192
7024,39,345,1.05510681959196,6,4,1,1.3051564226851973
7025,39,345,1.05510681959196,5,4,0,-0.625649210719857
7026,39,345,1.05510681959196,6,8,1,0.0387049600257979
7027,39,345,1.05510681959196,5,4,0,-1.0601276608610568
7028,39,345,1.05510681959196,6,4,1,-0.007236840721197
7029,39,345,1.05510681959196,6,4,0,-0.5845325842016845
7030,39,345,1.05510681959196,5,4,0,-1.06610637501031
7031,38,290,1.27408795114351,4,8,0,-1.0678984550116732
7032,38,290,1.27408795114351,5,4,0,0.5903140383363537
7033,38,290,1.27408795114351,5,4,0,-1.516388707430218
7034,38,290,1.27408795114351,4,8,0,-2.390283463409614
7035,38,290,1.27408795114351,5,4,0,-0.5955668830498799
7036,38,290,1.27408795114351,6,8,0,-0.8012513582949953
7037,38,290,1.27408795114351,6,4,1,-0.513402526806028
7038,38,290,1.27408795114351,6,8,1,1.8743146603043723
7039,38,290,1.27408795114351,7,4,0,-0.3916500601158812
7040,38,290,1.27408795114351,6,8,0,0.7648053047498994
7041,38,290,1.27408795114351,6,2,0,0.3148760790490602
7042,38,290,1.27408795114351,4,4,1,-1.072989946666448
7043,38,290,1.27408795114351,5,8,1,-0.2587813008477529
7044,38,290,1.27408795114351,6,8,1,0.4814852650459963
7045,38,290,1.27408795114351,6,3,0,0.0054703590223518
7046,38,290,1.27408795114351,5,8,0,0.674455543755988
7047,38,290,1.27408795114351,6,4,0,-0.4874809569111077
7048,38,290,1.27408795114351,5,3,0,-0.1223115347855137
7049,38,290,1.27408795114351,5,8,0,-1.0430828805126409
7050,38,290,1.27408795114351,7,8,0,0.273490578374839
7051,38,290,1.27408795114351,6,3,0,1.5332431726858646
7052,38,290,1.27408795114351,5,4,0,-1.2880795322400722
7053,38,290,1.27408795114351,5,8,0,0.0043097426903487
7054,38,290,1.27408795114351,5,4,0,-0.4831915288206543
7055,38,290,1.27408795114351,6,4,1,0.793400516235763
7056,38,290,1.27408795114351,4,8,0,0.5318072372838561
7057,38,290,1.27408795114351,5,3,0,-0.4131144898782911
7058,38,290,1.27408795114351,5,8,0,-0.2825487934856447
7059,38,290,1.27408795114351,6,4,1,-0.6751795041677451
7060,38,290,1.27408795114351,7,1,0,0.0857581563414451
7061,38,290,1.27408795114351,6,3,0,0.1695904202158326
7062,38,290,1.27408795114351,5,4,0,-2.025716821364624
7063,38,290,1.27408795114351,4,3,0,-1.3783858884977778
7064,38,290,1.27408795114351,2,8,0,-0.4846156416546096
7065,38,290,1.27408795114351,4,3,0,-1.4061528160019383
7066,38,290,1.27408795114351,6,4,0,0.613296001915554
7067,38,290,1.27408795114351,5,8,0,-2.265854305299775
7068,38,290,1.27408795114351,3,3,1,-0.9784062780418644
7069,37,530,-0.045722214941048,5,8,0,1.112044286255115
7070,37,530,-0.045722214941048,6,4,1,0.619983562578357
7071,37,530,-0.045722214941048,5,4,0,-0.4152032344723504
7072,37,530,-0.045722214941048,5,8,0,0.4313163106527428
7073,37,530,-0.045722214941048,6,4,1,0.4427574061022017
7074,37,530,-0.045722214941048,6,4,0,2.011082224656047
7075,37,530,-0.045722214941048,6,4,1,-0.696682856348331
7076,37,530,-0.045722214941048,6,4,0,0.7100410708048472
7077,37,530,-0.045722214941048,5,1,0,-0.4825425981066754
7078,37,530,-0.045722214941048,6,8,0,0.8862026966444814
7079,37,530,-0.045722214941048,6,4,0,0.5627147575285062
7080,37,530,-0.045722214941048,6,4,0,0.3953888505955965
7081,37,530,-0.045722214941048,6,2,0,0.7999621966825843
7082,37,530,-0.045722214941048,5,4,0,-0.6419058923851936
7083,37,530,-0.045722214941048,5,4,1,0.2832714519488526
7084,37,530,-0.045722214941048,6,8,0,0.4273253962518271
7085,37,530,-0.045722214941048,6,4,1,0.8745821025515317
7086,37,530,-0.045722214941048,6,4,1,1.4964819610271023
7087,37,530,-0.045722214941048,6,4,0,0.1345629511233506
7088,37,530,-0.045722214941048,6,8,0,0.1780101158253851
7089,37,530,-0.045722214941048,5,6,0,0.7626470526289341
7090,37,530,-0.045722214941048,6,4,0,0.3719996924586731
7091,37,530,-0.045722214941048,6,4,1,-0.4066141811651061
7092,37,530,-0.045722214941048,6,4,0,0.6714903274780867
7093,37,530,-0.045722214941048,5,4,0,-1.5915581019916851
7094,37,530,-0.045722214941048,5,4,0,-0.9194562284735434
7095,37,530,-0.045722214941048,5,4,0,1.5485393795791291
7096,37,530,-0.045722214941048,5,4,0,-1.396271508852017
7097,37,530,-0.045722214941048,5,4,0,1.1867893284591962
7098,37,530,-0.045722214941048,6,4,1,1.8118923292792684
7099,37,530,-0.045722214941048,5,4,0,-1.1955192442532565
7100,37,530,-0.045722214941048,6,4,1,-0.0431658384099502
7101,37,530,-0.045722214941048,3,4,0,-0.1504693439160382
7102,37,530,-0.045722214941048,5,4,0,-0.9082422504306256
7103,37,530,-0.045722214941048,6,5,1,1.816111796253277
7104,37,530,-0.045722214941048,6,4,0,1.099503126471738
7105,37,530,-0.045722214941048,5,4,0,-1.1462904084850658
7106,37,530,-0.045722214941048,5,4,0,-1.0169110742503389
7107,37,530,-0.045722214941048,6,4,0,0.757271334163399
7108,37,530,-0.045722214941048,5,4,0,-0.0712400101640419
7109,37,530,-0.045722214941048,5,4,0,-0.9273465208020352
7110,37,530,-0.045722214941048,4,4,0,-0.5010162965536343
7111,37,530,-0.045722214941048,7,8,1,1.7572563159429757
7112,37,530,-0.045722214941048,6,8,1,0.5383523674585422
7113,37,530,-0.045722214941048,5,4,0,-1.4900468217692728
7114,37,530,-0.045722214941048,3,4,0,-1.4688330313058746
7115,37,530,-0.045722214941048,4,8,0,-0.3771804004204682
7116,37,530,-0.045722214941048,6,8,0,0.6307696404198206
7117,37,530,-0.045722214941048,7,4,1,0.5680875411541544
7118,37,530,-0.045722214941048,6,4,0,-0.414309702568592
7119,37,530,-0.045722214941048,6,4,0,-0.2838609694685435
7120,37,530,-0.045722214941048,5,8,0,-2.0526561688670464
7121,37,530,-0.045722214941048,6,8,1,0.0344333704934239
7122,37,530,-0.045722214941048,5,8,0,0.3606434690601215
7123,37,530,-0.045722214941048,6,8,0,1.7040762014302009
7124,37,530,-0.045722214941048,5,8,0,0.9345532994144884
7125,37,530,-0.045722214941048,6,4,0,0.2036429940114282
7126,37,530,-0.045722214941048,5,8,0,0.0314981330678526
7127,37,530,-0.045722214941048,4,4,0,-0.0201761516204968
7128,37,530,-0.045722214941048,6,4,0,-0.618381074935663
7129,37,530,-0.045722214941048,6,4,0,-0.2248410948613723
7130,37,530,-0.045722214941048,6,8,0,-0.469955480738698
7131,37,530,-0.045722214941048,5,4,0,-0.3116215408462968
7132,37,530,-0.045722214941048,6,4,0,0.797200037435382
7133,37,530,-0.045722214941048,5,4,0,0.3412731777023977
7134,37,530,-0.045722214941048,6,4,0,0.0093019880103606
7135,37,530,-0.045722214941048,5,8,0,-0.7980405441352837
7136,37,530,-0.045722214941048,6,8,0,1.2413708780576893
7137,37,530,-0.045722214941048,6,4,0,-0.8803371565707983
7138,37,530,-0.045722214941048,6,4,1,-0.6001045650560949
7139,37,530,-0.045722214941048,5,8,1,-0.1245526960080383
7140,36,264,0.540380526842143,4,4,0,-3.111430666995296
7141,36,264,0.540380526842143,6,8,0,-0.5978181545663918
7142,36,264,0.540380526842143,6,4,0,0.6544528980510057
7143,36,264,0.540380526842143,5,4,0,-1.5301453916459826
7144,36,264,0.540380526842143,6,4,0,-0.3015261173664188
7145,36,264,0.540380526842143,3,4,0,-0.7137779010127644
7146,36,264,0.540380526842143,7,8,1,0.1966960158566481
7147,36,264,0.540380526842143,1,8,0,-1.7541944827448397
7148,36,264,0.540380526842143,5,4,0,0.2492975898645937
7149,36,264,0.540380526842143,4,3,0,-0.9026011364204768
7150,36,264,0.540380526842143,4,4,0,-1.9107101728278144
7151,36,264,0.540380526842143,6,4,0,-0.5098748823149666
7152,36,264,0.540380526842143,6,4,1,-0.5759376294212329
7153,36,264,0.540380526842143,5,4,0,0.7183616017752644
7154,36,264,0.540380526842143,3,4,0,-1.3076495346133998
7155,36,264,0.540380526842143,5,4,1,-1.312355980151425
7156,36,264,0.540380526842143,4,8,0,-1.0211288584077591
7157,36,264,0.540380526842143,5,4,0,-0.4232670525212531
7158,36,264,0.540380526842143,6,4,0,-0.2931322742457739
7159,36,264,0.540380526842143,4,4,0,-1.6015269902489735
7160,36,264,0.540380526842143,6,3,0,-0.0421270654053374
7161,36,264,0.540380526842143,3,4,0,-2.291215461916924
7162,36,264,0.540380526842143,6,8,0,0.0829353060884834
7163,36,264,0.540380526842143,6,4,1,-0.258271380227371
7164,36,264,0.540380526842143,6,8,0,-0.8443358571842168
7165,36,264,0.540380526842143,6,4,0,-0.2117671801320938
7166,36,264,0.540380526842143,5,4,0,0.2785862196881226
7167,36,264,0.540380526842143,4,8,0,-1.2751634668121996
7168,36,264,0.540380526842143,5,4,0,-0.5915633965842025
7169,36,264,0.540380526842143,6,4,0,-0.5429499848294652
7170,36,264,0.540380526842143,4,4,0,-1.475428529684883
7171,36,264,0.540380526842143,6,8,0,0.1770341104124963
7172,36,264,0.540380526842143,4,8,0,-0.9267555247996164
7173,36,264,0.540380526842143,5,4,0,-1.4626459036509012
7174,36,264,0.540380526842143,6,4,0,-0.1740156086830085
7175,36,264,0.540380526842143,4,4,0,-2.5570008197846508
7176,36,264,0.540380526842143,7,8,1,1.0544396916808472
7177,36,264,0.540380526842143,7,5,1,0.7657797529216763
7178,36,264,0.540380526842143,6,4,0,-1.2175274916458223
7179,36,264,0.540380526842143,5,4,1,-0.3738534280463859
7180,36,264,0.540380526842143,6,4,0,-0.6007467454116835
7181,35,242,0.476897507500151,7,4,1,-0.5290984144133619
7182,35,242,0.476897507500151,6,4,0,-0.527781263645068
7183,35,242,0.476897507500151,5,8,0,-0.5114825950616699
7184,35,242,0.476897507500151,6,4,1,0.3235297444013702
7185,35,242,0.476897507500151,1,8,0,-2.565246874363764
7186,35,242,0.476897507500151,6,4,1,-0.2833417800867753
7187,35,242,0.476897507500151,5,4,0,-0.2291927851734232
7188,35,242,0.476897507500151,4,6,0,-2.1348030997649805
7189,35,242,0.476897507500151,5,8,0,0.774098277054558
7190,35,242,0.476897507500151,5,5,0,0.3528365499125316
7191,35,242,0.476897507500151,1,4,0,-2.9602031180858903
7192,35,242,0.476897507500151,3,1,0,-0.6010524218766026
7193,35,242,0.476897507500151,6,1,1,-0.5044270448432739
7194,35,242,0.476897507500151,7,4,1,0.0670669246965525
7195,35,242,0.476897507500151,5,1,1,0.9495218932239042
7196,35,242,0.476897507500151,5,4,0,-1.195450309041075
7197,35,242,0.476897507500151,4,4,0,-0.1723955784551966
7198,35,242,0.476897507500151,5,4,0,-0.0021170994105473
7199,35,242,0.476897507500151,4,4,0,0.1688115814170251
7200,35,242,0.476897507500151,5,4,0,-0.5820654478154808
7201,35,242,0.476897507500151,6,4,0,0.2990668332796287
7202,35,242,0.476897507500151,5,4,1,-1.2977523639118684
7203,35,242,0.476897507500151,4,4,0,-1.0474096413826854
7204,35,242,0.476897507500151,5,4,0,0.1850773432167938
7205,35,242,0.476897507500151,6,4,1,1.1881062503248985
7206,35,242,0.476897507500151,5,4,0,-1.0680070420345669
7207,35,242,0.476897507500151,5,4,0,-1.1654878060246188
7208,35,242,0.476897507500151,6,4,1,0.16724903778012
7209,35,242,0.476897507500151,3,4,0,-2.110107108425296
7210,35,242,0.476897507500151,2,4,0,-0.9934919485723204
7211,35,242,0.476897507500151,5,4,0,-1.280918079411205
7212,35,242,0.476897507500151,7,4,1,-0.2036139611601112
7213,35,242,0.476897507500151,4,4,0,-1.2020310484262804
7214,35,242,0.476897507500151,6,4,0,-1.160122610440661
7215,35,242,0.476897507500151,5,8,0,-0.0968058424217443
7216,35,242,0.476897507500151,5,4,0,-0.0748521569076135
7217,35,242,0.476897507500151,3,4,0,-1.1268578172877153
7218,35,242,0.476897507500151,4,4,0,-2.3832414128581
7219,35,242,0.476897507500151,6,4,1,0.1429819813756105
7220,35,242,0.476897507500151,5,4,0,-0.1659536188083883
7221,34,771,-1.3190603004189,5,8,1,-1.248018136634
7222,34,771,-1.3190603004189,5,5,0,0.7556936252731762
7223,34,771,-1.3190603004189,7,4,1,0.6148429935017375
7224,34,771,-1.3190603004189,4,2,1,-0.0941708573707353
7225,34,771,-1.3190603004189,6,4,1,1.1357995872291766
7226,34,771,-1.3190603004189,5,1,1,-0.0206102546986261
7227,34,771,-1.3190603004189,6,4,0,0.7903690417806547
7228,34,771,-1.3190603004189,5,2,0,-0.0010934110370669
7229,34,771,-1.3190603004189,6,5,0,1.219374960399849
7230,34,771,-1.3190603004189,2,8,0,-1.0510057787437297
7231,34,771,-1.3190603004189,5,2,0,-1.241518065822667
7232,34,771,-1.3190603004189,4,1,0,-1.3072149012419965
7233,34,771,-1.3190603004189,6,4,1,-0.6008648325257797
7234,34,771,-1.3190603004189,6,2,1,2.115031210982262
7235,34,771,-1.3190603004189,7,4,1,2.492843986048036
7236,34,771,-1.3190603004189,5,8,1,-1.266914826775911
7237,34,771,-1.3190603004189,6,4,0,1.677544109539891
7238,34,771,-1.3190603004189,5,8,0,-0.6681711263670179
7239,34,771,-1.3190603004189,5,4,0,0.5109883018991656
7240,34,771,-1.3190603004189,5,8,1,-0.4549518556768968
7241,34,771,-1.3190603004189,6,4,0,1.8609368535046715
7242,34,771,-1.3190603004189,5,8,0,0.607575121955254
7243,34,771,-1.3190603004189,7,1,1,2.6369958850660087
7244,34,771,-1.3190603004189,7,8,1,1.1200256722295598
7245,34,771,-1.3190603004189,7,1,1,2.764924869911641
7246,34,771,-1.3190603004189,6,4,0,0.7959235066410184
7247,34,771,-1.3190603004189,6,4,0,0.6923217818315135
7248,34,771,-1.3190603004189,4,2,0,1.1923811299704583
7249,34,771,-1.3190603004189,5,5,1,0.7038725405982845
7250,34,771,-1.3190603004189,5,8,1,-1.1841206921037708
7251,34,771,-1.3190603004189,5,8,1,0.2084100590013147
7252,34,771,-1.3190603004189,6,4,1,1.0994778906595213
7253,34,771,-1.3190603004189,5,4,0,0.8360564032521665
7254,34,771,-1.3190603004189,4,8,1,-1.3574994494711494
7255,34,771,-1.3190603004189,5,4,0,-0.9802112367625084
7256,34,771,-1.3190603004189,4,8,0,-0.8356676746312275
7257,34,771,-1.3190603004189,5,4,0,0.618443337201219
7258,34,771,-1.3190603004189,6,1,0,1.5863133331824308
7259,34,771,-1.3190603004189,4,4,0,-0.6653883062628078
7260,34,771,-1.3190603004189,6,5,0,1.3748154749249937
7261,34,771,-1.3190603004189,6,4,0,1.6220671584609867
7262,34,771,-1.3190603004189,5,4,0,-0.3219444022878455
7263,34,771,-1.3190603004189,6,4,1,0.6063617522816968
7264,34,771,-1.3190603004189,5,4,0,0.7132698646257464
7265,34,771,-1.3190603004189,6,4,0,1.1010017329819897
7266,34,771,-1.3190603004189,6,4,1,0.8217306852117465
7267,34,771,-1.3190603004189,5,8,0,0.7040249430310173
7268,34,771,-1.3190603004189,6,4,0,0.6915141854521537
7269,34,771,-1.3190603004189,6,4,1,1.603750456932779
7270,34,771,-1.3190603004189,5,8,0,-0.922386515702467
7271,34,771,-1.3190603004189,5,2,0,0.0287412719526103
7272,34,771,-1.3190603004189,6,4,0,2.275664736032157
7273,34,771,-1.3190603004189,5,4,1,-0.4462965478366196
7274,34,771,-1.3190603004189,6,5,1,2.7658654533803366
7275,34,771,-1.3190603004189,5,4,0,0.957725642257915
7276,34,771,-1.3190603004189,6,4,0,-0.1971431435227933
7277,34,771,-1.3190603004189,5,4,0,2.024184716923906
7278,34,771,-1.3190603004189,3,4,0,-0.7207611958296639
7279,34,771,-1.3190603004189,5,4,0,0.1155752639017896
7280,34,771,-1.3190603004189,4,2,0,-0.6609524247488887
7281,34,771,-1.3190603004189,6,8,0,2.424238818164232
7282,34,771,-1.3190603004189,4,6,0,-0.3259175516404494
7283,34,771,-1.3190603004189,6,4,0,1.0294422450442782
7284,34,771,-1.3190603004189,5,4,0,0.3633381533136153
7285,34,771,-1.3190603004189,6,8,1,2.75038788991991
7286,34,771,-1.3190603004189,5,4,1,-0.4529982649183194
7287,34,771,-1.3190603004189,5,4,1,-1.203020362556281
7288,34,771,-1.3190603004189,5,2,1,0.1951817164366679
7289,34,771,-1.3190603004189,5,5,1,1.744323873286591
7290,34,771,-1.3190603004189,6,4,1,0.7502405224879384
7291,34,771,-1.3190603004189,3,4,0,-0.4017485277689497
7292,34,771,-1.3190603004189,6,8,1,1.1200769104823414
7293,34,771,-1.3190603004189,5,8,1,1.5324146065186883
7294,34,771,-1.3190603004189,5,4,0,0.0746662713014242
7295,34,771,-1.3190603004189,6,4,0,-0.6602876670309685
7296,34,771,-1.3190603004189,5,4,0,0.7474577905303869
7297,34,771,-1.3190603004189,6,8,0,1.2066312506541754
7298,34,771,-1.3190603004189,6,4,1,0.3626030265119214
7299,34,771,-1.3190603004189,5,8,0,-1.7594818252944169
7300,34,771,-1.3190603004189,6,4,1,0.3925305002066956
7301,34,771,-1.3190603004189,5,4,0,0.6409732766439796
7302,34,771,-1.3190603004189,6,4,0,-1.2652664337363926
7303,34,771,-1.3190603004189,6,4,1,0.2554823691264916
7304,34,771,-1.3190603004189,3,4,1,-0.2340980200051921
7305,34,771,-1.3190603004189,6,4,0,-0.2885057266719093
7306,34,771,-1.3190603004189,7,4,1,0.9299533763976606
7307,34,771,-1.3190603004189,5,4,0,0.0418206703484094
7308,34,771,-1.3190603004189,6,2,0,1.2673141676134747
7309,34,771,-1.3190603004189,5,4,0,-1.3635469209591145
7310,34,771,-1.3190603004189,6,4,1,0.2245486372639897
7311,34,771,-1.3190603004189,5,4,1,-0.4678074526435944
7312,34,771,-1.3190603004189,5,8,0,-1.4913947207234068
7313,34,771,-1.3190603004189,6,4,1,1.3229204015135088
7314,34,771,-1.3190603004189,6,2,0,0.6826521338310642
7315,34,771,-1.3190603004189,6,4,1,-0.1342902605740707
7316,34,771,-1.3190603004189,6,4,1,1.985633931529616
7317,34,771,-1.3190603004189,5,4,1,0.0074561898151401
7318,34,771,-1.3190603004189,6,4,0,-1.1579577905649818
7319,34,771,-1.3190603004189,6,8,0,0.2331193055812095
7320,34,771,-1.3190603004189,5,4,1,-0.2453924751804582
7321,34,771,-1.3190603004189,6,4,1,0.9997508008858756
7322,34,771,-1.3190603004189,6,4,0,0.4712254881895011
7323,34,771,-1.3190603004189,7,8,1,-0.7860405473095334
7324,34,771,-1.3190603004189,6,5,1,1.1121489864621643
7325,34,771,-1.3190603004189,6,4,0,0.5070177673880021
7326,34,771,-1.3190603004189,5,4,0,0.3253765133105694
7327,34,771,-1.3190603004189,6,2,0,0.1534031514597902
7328,34,771,-1.3190603004189,5,8,1,-1.6737002102882803
7329,34,771,-1.3190603004189,5,8,0,0.5511604826360039
7330,34,771,-1.3190603004189,6,8,1,0.8331551033565379
7331,34,771,-1.3190603004189,6,5,1,1.53759429093494
7332,33,210,-0.480492740553379,7,4,0,0.1199671011162515
7333,33,210,-0.480492740553379,5,4,0,-1.4470136646343688
7334,33,210,-0.480492740553379,5,8,0,0.4114615495730978
7335,33,210,-0.480492740553379,3,4,0,-2.614103806118867
7336,33,210,-0.480492740553379,6,8,1,0.4531387672015624
7337,33,210,-0.480492740553379,7,4,1,0.9316472578106192
7338,33,210,-0.480492740553379,6,8,0,-0.0204138224968297
7339,33,210,-0.480492740553379,4,4,0,-1.5460387634260788
7340,33,210,-0.480492740553379,5,4,0,-1.2421139651956752
7341,33,210,-0.480492740553379,6,8,1,1.4093498686742485
7342,33,210,-0.480492740553379,6,4,1,-0.5429550717139765
7343,33,210,-0.480492740553379,4,4,0,-1.9078465440711057
7344,33,210,-0.480492740553379,7,4,0,-0.6757235199727225
7345,33,210,-0.480492740553379,5,4,0,-0.0466608116696268
7346,33,210,-0.480492740553379,5,4,0,-0.3547027998578853
7347,33,210,-0.480492740553379,6,4,0,-0.8832935023670903
7348,33,210,-0.480492740553379,6,4,0,1.3990821929238435
7349,33,210,-0.480492740553379,6,4,1,-0.9619812892342232
7350,33,210,-0.480492740553379,6,4,0,-0.3526018274009908
7351,33,210,-0.480492740553379,6,4,1,0.1729924347948616
7352,33,210,-0.480492740553379,5,4,0,-1.314740713906748
7353,33,210,-0.480492740553379,7,4,0,0.6430609712794512
7354,33,210,-0.480492740553379,6,4,1,-0.521955447732711
7355,33,210,-0.480492740553379,5,4,0,-0.7519297849004586
7356,33,210,-0.480492740553379,5,4,1,-0.1383673622680536
7357,33,210,-0.480492740553379,6,4,1,0.5360996850276802
7358,33,210,-0.480492740553379,6,4,0,-1.3242502077175036
7359,33,210,-0.480492740553379,6,4,0,-1.257698013116269
7360,33,210,-0.480492740553379,5,4,0,-0.6116346714755917
7361,33,210,-0.480492740553379,5,4,0,-0.3137317739009724
7362,33,210,-0.480492740553379,5,4,0,-0.4053398046083761
7363,33,210,-0.480492740553379,6,4,0,-0.1077348432197669
7364,33,210,-0.480492740553379,5,4,0,-0.1725543617894855
7365,33,210,-0.480492740553379,6,4,1,-0.724801005193875
7366,32,240,0.1288298406552,6,8,1,-0.8002416610270267
7367,32,240,0.1288298406552,3,8,0,-0.3053115986474692
7368,32,240,0.1288298406552,5,4,0,-1.5284676666296482
7369,32,240,0.1288298406552,5,4,0,-0.3799971953521883
7370,32,240,0.1288298406552,5,8,0,0.0323836542170497
7371,32,240,0.1288298406552,6,4,1,-0.2580133854482908
7372,32,240,0.1288298406552,7,4,1,-0.3062665283434977
7373,32,240,0.1288298406552,5,8,0,-1.0724322292098196
7374,32,240,0.1288298406552,5,4,0,-0.2921872830635503
7375,32,240,0.1288298406552,5,4,1,-0.2672496781540024
7376,32,240,0.1288298406552,6,4,0,0.3170123808184147
7377,32,240,0.1288298406552,6,4,1,0.7934832819488523
7378,32,240,0.1288298406552,6,4,0,-0.1682465061099282
7379,32,240,0.1288298406552,5,2,0,-0.167215851404943
7380,32,240,0.1288298406552,5,4,1,1.4369296676656336
7381,32,240,0.1288298406552,6,4,1,0.5203442780677996
7382,32,240,0.1288298406552,6,8,1,0.5820080605472484
7383,32,240,0.1288298406552,7,4,1,0.0605689184466285
7384,32,240,0.1288298406552,5,4,0,-1.659510919709607
7385,32,240,0.1288298406552,4,4,0,0.1806547190709483
7386,32,240,0.1288298406552,5,4,1,0.2729801619594641
7387,32,240,0.1288298406552,4,8,0,0.5077879292495671
7388,32,240,0.1288298406552,6,4,0,-1.4537308360256056
7389,32,240,0.1288298406552,5,4,0,-0.0925906198992749
7390,32,240,0.1288298406552,5,4,0,-1.8202446437610988
7391,32,240,0.1288298406552,6,8,0,-1.161758449232144
7392,32,240,0.1288298406552,7,4,1,-0.5127200221140387
7393,32,240,0.1288298406552,6,4,0,-0.5820314724386566
7394,32,240,0.1288298406552,5,4,0,-1.1046736930815364
7395,31,43,-0.256415884211367,3,4,0,-0.5477965266843836
7396,31,43,-0.256415884211367,5,2,0,0.5887105099726885
7397,31,43,-0.256415884211367,4,4,0,0.2626587017802759
7398,31,43,-0.256415884211367,3,2,0,0.3774750650566644
7399,31,43,-0.256415884211367,3,2,0,0.3706941845861385
7400,31,43,-0.256415884211367,6,2,0,1.00602353744162
7401,31,43,-0.256415884211367,5,2,0,-1.1295908226386409
7402,31,43,-0.256415884211367,3,8,0,-0.8349974542117827
7403,31,43,-0.256415884211367,5,2,1,0.1035347794703519
7404,30,571,-0.220041271618529,5,4,0,1.3760470146700556
7405,30,571,-0.220041271618529,5,8,0,0.2587137518313597
7406,30,571,-0.220041271618529,6,1,1,0.7434357033631024
7407,30,571,-0.220041271618529,5,1,0,0.3205591601941112
7408,30,571,-0.220041271618529,2,4,0,-0.4600601085680276
7409,30,571,-0.220041271618529,7,4,1,1.2800970739533022
7410,30,571,-0.220041271618529,6,8,1,0.3873823985829007
7411,30,571,-0.220041271618529,4,2,0,-0.7541828777344711
7412,30,571,-0.220041271618529,6,4,0,0.3700218240954697
7413,30,571,-0.220041271618529,5,8,0,-1.170359795705452
7414,30,571,-0.220041271618529,6,4,0,0.1851727465571187
7415,30,571,-0.220041271618529,5,1,0,-0.6882528255429944
7416,30,571,-0.220041271618529,7,1,1,1.0307057992257904
7417,30,571,-0.220041271618529,5,4,0,0.5896205894460562
7418,30,571,-0.220041271618529,5,8,0,-0.234822707301347
7419,30,571,-0.220041271618529,4,8,0,-0.2724211593428997
7420,30,571,-0.220041271618529,6,4,0,0.4743362534644632
7421,30,571,-0.220041271618529,6,2,1,0.2454544716495665
7422,30,571,-0.220041271618529,3,4,0,-0.0569346511779298
7423,30,571,-0.220041271618529,6,5,0,-1.1759851850750078
7424,30,571,-0.220041271618529,7,8,1,1.126236002745601
7425,30,571,-0.220041271618529,2,4,0,-2.3224493295656976
7426,30,571,-0.220041271618529,5,4,1,1.187487891602968
7427,30,571,-0.220041271618529,5,8,1,-0.491262583032056
7428,30,571,-0.220041271618529,4,1,1,0.0083672283334399
7429,30,571,-0.220041271618529,6,4,0,-0.597768602378525
7430,30,571,-0.220041271618529,5,4,0,-0.1144766454691228
7431,30,571,-0.220041271618529,5,4,0,-0.4326179125485463
7432,30,571,-0.220041271618529,6,8,1,2.012834957934702
7433,30,571,-0.220041271618529,5,4,1,-0.1289466776262561
7434,30,571,-0.220041271618529,4,4,0,-0.3885693194202932
7435,30,571,-0.220041271618529,6,4,0,1.1582640713269123
7436,30,571,-0.220041271618529,5,4,1,0.5014714497972672
7437,30,571,-0.220041271618529,2,8,0,-1.5662794937407916
7438,30,571,-0.220041271618529,6,4,1,1.0362107337683095
7439,30,571,-0.220041271618529,5,4,0,-0.3898098285691215
7440,30,571,-0.220041271618529,5,8,1,0.1270811770950803
7441,30,571,-0.220041271618529,5,8,0,-1.904516442450827
7442,30,571,-0.220041271618529,5,4,0,1.053502292831975
7443,30,571,-0.220041271618529,4,4,0,-0.150036702330162
7444,30,571,-0.220041271618529,5,4,0,0.2990665913850301
7445,30,571,-0.220041271618529,4,8,0,0.3125974847854328
7446,30,571,-0.220041271618529,6,4,1,-0.6833804919683918
7447,30,571,-0.220041271618529,4,8,0,-0.4328425755304641
7448,30,571,-0.220041271618529,6,4,1,0.1756298886100072
7449,30,571,-0.220041271618529,3,4,0,-0.0653692175444112
7450,30,571,-0.220041271618529,5,8,0,-1.4323919555985642
7451,30,571,-0.220041271618529,6,8,1,-0.1369101117424967
7452,30,571,-0.220041271618529,7,8,0,-0.4130854256459933
7453,30,571,-0.220041271618529,5,8,0,-0.8484378831122121
7454,30,571,-0.220041271618529,5,4,0,-1.6457004502449997
7455,30,571,-0.220041271618529,5,4,0,0.1108178029523361
7456,30,571,-0.220041271618529,6,4,1,0.6593302749029408
7457,30,571,-0.220041271618529,6,4,1,0.639294711049736
7458,30,571,-0.220041271618529,5,4,0,-0.056252480267307
7459,30,571,-0.220041271618529,5,8,0,1.0093958111291743
7460,30,571,-0.220041271618529,6,2,0,-0.4546588075454058
7461,30,571,-0.220041271618529,5,4,0,-1.196470107618179
7462,30,571,-0.220041271618529,6,8,0,1.8405323177087212
7463,30,571,-0.220041271618529,5,8,0,-1.4752477623881082
7464,30,571,-0.220041271618529,6,8,1,1.6332840987386787
7465,30,571,-0.220041271618529,5,4,0,-1.3206089047490317
7466,30,571,-0.220041271618529,5,6,1,0.3858755811223182
7467,30,571,-0.220041271618529,5,4,0,1.3513939141380813
7468,30,571,-0.220041271618529,5,4,1,-0.6519519357383835
7469,30,571,-0.220041271618529,6,4,0,0.1600887989166906
7470,30,571,-0.220041271618529,5,8,1,0.9058947305339576
7471,30,571,-0.220041271618529,7,8,1,0.625378806094034
7472,30,571,-0.220041271618529,7,4,1,0.0205115748793651
7473,30,571,-0.220041271618529,7,8,0,1.2305734989687558
7474,30,571,-0.220041271618529,2,1,0,1.2318497351132964
7475,30,571,-0.220041271618529,4,4,0,-0.7878355257066407
7476,30,571,-0.220041271618529,6,4,0,0.1851681679330126
7477,30,571,-0.220041271618529,1,1,0,0.0594140335280597
7478,30,571,-0.220041271618529,5,8,0,0.5491608997622538
7479,30,571,-0.220041271618529,5,4,0,0.8072232539127353
7480,30,571,-0.220041271618529,6,4,1,-0.2052423846152473
7481,30,571,-0.220041271618529,5,4,0,-0.1294962326943999
7482,30,571,-0.220041271618529,5,4,0,-1.35100324699662
7483,30,571,-0.220041271618529,5,1,0,-0.1620204800925593
7484,30,571,-0.220041271618529,5,8,0,-0.8859077576337284
7485,30,571,-0.220041271618529,5,1,0,0.9520610264663668
7486,30,571,-0.220041271618529,4,8,0,0.6299093724059368
7487,30,571,-0.220041271618529,5,1,0,-0.9875140650425334
7488,30,571,-0.220041271618529,4,2,0,-1.7617964255555214
7489,29,512,-1.92477826783442,5,2,0,-1.369578228467586
7490,29,512,-1.92477826783442,5,2,0,-1.0815893918950163
7491,29,512,-1.92477826783442,6,8,0,0.4980235532266158
7492,29,512,-1.92477826783442,6,8,0,0.2855165099087479
7493,29,512,-1.92477826783442,3,8,0,0.3293644140866507
7494,29,512,-1.92477826783442,4,4,1,0.3765608511387101
7495,29,512,-1.92477826783442,4,4,1,-1.1558065892449454
7496,29,512,-1.92477826783442,5,4,0,0.4137802805108033
7497,29,512,-1.92477826783442,6,4,1,-0.0563742900363202
7498,29,512,-1.92477826783442,6,4,1,-1.4088477440379832
7499,29,512,-1.92477826783442,5,4,0,-0.6197613269060935
7500,29,512,-1.92477826783442,6,4,0,0.5831696892234196
7501,29,512,-1.92477826783442,4,1,0,-0.5904234989956638
7502,29,512,-1.92477826783442,6,4,0,-0.88381427261115
7503,29,512,-1.92477826783442,6,5,0,0.5699667381275649
7504,29,512,-1.92477826783442,6,4,0,-0.7865367113322487
7505,29,512,-1.92477826783442,6,4,0,0.6067052082109695
7506,29,512,-1.92477826783442,5,4,1,-1.0741402937365538
7507,29,512,-1.92477826783442,6,8,0,-1.371063036874994
7508,29,512,-1.92477826783442,5,4,0,-2.4236738015173813
7509,29,512,-1.92477826783442,7,8,0,0.0303879175642549
7510,29,512,-1.92477826783442,6,4,1,-0.0351718883323624
7511,29,512,-1.92477826783442,1,4,0,-1.7402422537581843
7512,29,512,-1.92477826783442,5,4,0,-1.712621242719599
7513,29,512,-1.92477826783442,6,4,1,1.247940767303729
7514,29,512,-1.92477826783442,7,4,0,0.4663566857053518
7515,29,512,-1.92477826783442,5,8,0,-2.135414181547625
7516,29,512,-1.92477826783442,5,5,0,-0.0001539089349475
7517,29,512,-1.92477826783442,6,4,1,0.2667576511246698
7518,29,512,-1.92477826783442,6,4,0,0.1159067457418881
7519,29,512,-1.92477826783442,7,4,0,0.4430975640407073
7520,29,512,-1.92477826783442,5,4,0,-1.5260957753370603
7521,29,512,-1.92477826783442,5,8,0,-0.5537110645201165
7522,29,512,-1.92477826783442,2,8,0,-1.5069680507252654
7523,29,512,-1.92477826783442,5,8,0,-1.0567883206098736
7524,29,512,-1.92477826783442,6,4,0,0.0570134944017869
7525,29,512,-1.92477826783442,5,4,1,-2.0071509767452405
7526,29,512,-1.92477826783442,7,4,1,0.4371809824132544
7527,29,512,-1.92477826783442,4,8,0,-0.8630691594352052
7528,29,512,-1.92477826783442,3,8,0,-2.748018504581173
7529,29,512,-1.92477826783442,5,8,0,-0.085627203807705
7530,29,512,-1.92477826783442,5,4,1,-1.1845044094923631
7531,29,512,-1.92477826783442,5,1,0,-0.9950445368517892
7532,29,512,-1.92477826783442,6,1,0,-0.4625757471739933
7533,29,512,-1.92477826783442,6,4,1,1.7071214974181057
7534,29,512,-1.92477826783442,7,4,0,1.935501644329518
7535,29,512,-1.92477826783442,6,4,0,0.9805616389877462
7536,29,512,-1.92477826783442,3,8,0,-1.814017648849997
7537,29,512,-1.92477826783442,7,8,0,0.1906160189965792
7538,29,512,-1.92477826783442,6,4,0,0.3615344878851252
7539,29,512,-1.92477826783442,4,8,0,-1.1221682379535405
7540,29,512,-1.92477826783442,5,4,0,0.6253302607362865
7541,29,512,-1.92477826783442,6,1,0,1.2574133862979695
7542,29,512,-1.92477826783442,5,2,0,-0.6856961343296815
7543,29,512,-1.92477826783442,1,4,0,-1.457681837085921
7544,29,512,-1.92477826783442,7,4,0,1.0084852586663011
7545,29,512,-1.92477826783442,5,4,0,-0.3290994089862042
7546,29,512,-1.92477826783442,5,4,0,0.0721232715837623
7547,29,512,-1.92477826783442,4,8,0,0.0663975816539234
7548,29,512,-1.92477826783442,5,4,0,-0.1231604250317831
7549,29,512,-1.92477826783442,5,4,0,-1.7875008714806564
7550,29,512,-1.92477826783442,6,8,0,-0.9498179544467504
7551,29,512,-1.92477826783442,6,4,0,1.425811456102025
7552,29,512,-1.92477826783442,5,4,0,0.4928037032044382
7553,29,512,-1.92477826783442,6,4,0,0.4106720685369769
7554,29,512,-1.92477826783442,6,4,0,-0.0723967255066809
7555,29,512,-1.92477826783442,5,4,0,-1.196297120585059
7556,29,512,-1.92477826783442,6,6,1,0.0140611527564846
7557,29,512,-1.92477826783442,3,4,0,-1.8666530130149563
7558,29,512,-1.92477826783442,6,4,1,-0.5091453127983776
7559,29,512,-1.92477826783442,6,8,0,-1.0724222440554765
7560,29,512,-1.92477826783442,5,4,0,-1.2848677852077697
7561,29,512,-1.92477826783442,5,2,0,-0.8216664599586422
7562,29,512,-1.92477826783442,6,2,0,-0.0894998363390484
7563,29,512,-1.92477826783442,5,1,0,-1.0507755597724733
7564,29,512,-1.92477826783442,5,4,0,-1.0646598750709928
7565,28,777,0.5841305887530309,4,2,0,-0.1384515012561765
7566,28,777,0.5841305887530309,5,4,0,-0.8089862317374606
7567,28,777,0.5841305887530309,4,4,0,-2.179951892418476
7568,28,777,0.5841305887530309,5,4,0,-0.3841684975851274
7569,28,777,0.5841305887530309,7,4,0,0.4201344251304919
7570,28,777,0.5841305887530309,5,8,0,-0.07581613214609
7571,28,777,0.5841305887530309,3,1,0,0.3033370960313418
7572,28,777,0.5841305887530309,5,8,0,-0.5395503502965409
7573,28,777,0.5841305887530309,6,4,1,0.282533988203632
7574,28,777,0.5841305887530309,5,4,0,0.1285975733534116
7575,28,777,0.5841305887530309,7,1,1,-0.0186322695528388
7576,28,777,0.5841305887530309,4,5,0,1.1063781114343507
7577,28,777,0.5841305887530309,4,1,0,0.2451813613979888
7578,28,777,0.5841305887530309,5,8,0,-1.0348626010835138
7579,28,777,0.5841305887530309,5,8,1,0.3943661952720092
7580,28,777,0.5841305887530309,5,1,0,-0.1380355284374487
7581,28,777,0.5841305887530309,7,1,0,1.0773817618515158
7582,28,777,0.5841305887530309,3,8,0,-0.239070053271268
7583,28,777,0.5841305887530309,5,2,0,0.6981921095880053
7584,28,777,0.5841305887530309,5,1,0,-0.0702556256524429
7585,28,777,0.5841305887530309,4,1,1,0.5858468542405947
7586,28,777,0.5841305887530309,7,8,1,0.4365040226033874
7587,28,777,0.5841305887530309,4,2,0,0.0046227895267138
7588,28,777,0.5841305887530309,7,4,1,0.3529045110287814
7589,28,777,0.5841305887530309,5,2,0,-1.3186671670208705
7590,28,777,0.5841305887530309,6,4,1,-1.0110127262036297
7591,28,777,0.5841305887530309,5,4,0,0.1669146900623403
7592,28,777,0.5841305887530309,5,8,0,0.2964114062839593
7593,28,777,0.5841305887530309,6,5,1,2.7651474189082794
7594,28,777,0.5841305887530309,5,4,0,0.1338364024934116
7595,28,777,0.5841305887530309,5,4,0,-0.747645561756766
7596,28,777,0.5841305887530309,5,4,0,-1.435565085729734
7597,28,777,0.5841305887530309,6,4,0,0.2629855701886089
7598,28,777,0.5841305887530309,4,2,1,-1.7858197948660093
7599,28,777,0.5841305887530309,4,2,0,-0.988511894325155
7600,28,777,0.5841305887530309,5,2,0,-2.175973946439331
7601,28,777,0.5841305887530309,5,1,0,1.3861248948120413
7602,28,777,0.5841305887530309,5,2,0,1.58088134744656
7603,28,777,0.5841305887530309,5,2,0,-0.7803499607226903
7604,28,777,0.5841305887530309,5,2,0,-1.116964661987452
7605,28,777,0.5841305887530309,3,4,0,-1.0388614318007008
7606,28,777,0.5841305887530309,6,2,1,1.023787751249205
7607,28,777,0.5841305887530309,5,2,0,-0.1198209981235579
7608,28,777,0.5841305887530309,4,2,0,-0.2344933307189411
7609,28,777,0.5841305887530309,7,8,1,0.545431992842307
7610,28,777,0.5841305887530309,5,1,0,-1.6165298536310728
7611,28,777,0.5841305887530309,5,4,0,-0.0460800928865032
7612,28,777,0.5841305887530309,7,4,1,-0.3193044879973138
7613,28,777,0.5841305887530309,5,8,0,-0.878913775059242
7614,28,777,0.5841305887530309,4,4,0,-0.9618993340969904
7615,28,777,0.5841305887530309,5,4,0,-0.2546525985925585
7616,28,777,0.5841305887530309,4,4,0,-1.0125206827692086
7617,28,777,0.5841305887530309,5,4,0,-1.0207311557759864
7618,28,777,0.5841305887530309,5,2,0,0.5701078570015534
7619,28,777,0.5841305887530309,6,4,0,1.1697355048332685
7620,28,777,0.5841305887530309,4,4,0,-0.5834165220474435
7621,28,777,0.5841305887530309,5,4,0,-0.2457617625319973
7622,28,777,0.5841305887530309,6,2,1,0.6729008003558152
7623,28,777,0.5841305887530309,5,2,0,-1.1739282854915696
7624,28,777,0.5841305887530309,4,1,0,0.345358976035753
7625,28,777,0.5841305887530309,3,4,0,-0.6362220248762885
7626,28,777,0.5841305887530309,5,2,0,0.1150159759997949
7627,28,777,0.5841305887530309,4,4,0,-1.914284563648435
7628,28,777,0.5841305887530309,3,2,0,-1.2597040586379715
7629,28,777,0.5841305887530309,5,2,1,-1.5378816856199404
7630,28,777,0.5841305887530309,6,2,0,-0.953283775609605
7631,28,777,0.5841305887530309,3,4,0,0.4000486720314606
7632,28,777,0.5841305887530309,5,1,0,-0.2438687841966481
7633,28,777,0.5841305887530309,4,2,0,-1.827233518680476
7634,28,777,0.5841305887530309,5,4,0,-0.3486381147813002
7635,28,777,0.5841305887530309,5,1,1,1.3370495350263134
7636,28,777,0.5841305887530309,4,8,0,0.492097593049347
7637,28,777,0.5841305887530309,4,1,0,1.55869680378074
7638,28,777,0.5841305887530309,5,1,1,-0.4081561242030804
7639,28,777,0.5841305887530309,4,2,0,-0.2583839226650218
7640,28,777,0.5841305887530309,7,4,1,1.0501056695940745
7641,28,777,0.5841305887530309,5,2,0,-0.4711394296291222
7642,28,777,0.5841305887530309,5,8,0,-0.4168869789227821
7643,28,777,0.5841305887530309,5,2,1,-0.67384376259664
7644,28,777,0.5841305887530309,5,4,0,-1.0495727094313505
7645,28,777,0.5841305887530309,5,2,0,-0.2406191516598779
7646,28,777,0.5841305887530309,5,2,0,-0.3722189513030653
7647,28,777,0.5841305887530309,5,4,0,-1.985327345809165
7648,28,777,0.5841305887530309,5,8,1,1.646679583098485
7649,28,777,0.5841305887530309,5,2,0,-0.4915163435426709
7650,28,777,0.5841305887530309,4,2,0,-0.2922910838386969
7651,28,777,0.5841305887530309,5,2,0,0.3900642125465413
7652,28,777,0.5841305887530309,7,2,0,1.904516696912468
7653,28,777,0.5841305887530309,7,2,1,2.744054842339307
7654,28,777,0.5841305887530309,6,4,1,-0.6106645027960759
7655,28,777,0.5841305887530309,6,2,1,0.2014986780395794
7656,28,777,0.5841305887530309,6,1,0,-0.840643175343882
7657,28,777,0.5841305887530309,6,8,0,-0.3450891060930559
7658,28,777,0.5841305887530309,6,1,0,0.7056134834859338
7659,28,777,0.5841305887530309,5,2,0,0.8776346325471617
7660,28,777,0.5841305887530309,5,8,0,-0.2416701441902565
7661,28,777,0.5841305887530309,5,8,0,-0.834039075494754
7662,28,777,0.5841305887530309,4,8,0,-0.6550498787756056
7663,28,777,0.5841305887530309,4,2,0,0.0982474938225293
7664,28,777,0.5841305887530309,1,2,0,-0.7718091497215086
7665,28,777,0.5841305887530309,4,2,0,-1.051814821294985
7666,28,777,0.5841305887530309,6,2,1,0.8639606301294074
7667,28,777,0.5841305887530309,7,2,1,0.962510575332842
7668,28,777,0.5841305887530309,4,2,0,0.4282459438901812
7669,28,777,0.5841305887530309,5,2,0,-0.1054254555844594
7670,28,777,0.5841305887530309,5,4,0,-0.0906191745410136
7671,28,777,0.5841305887530309,7,4,1,1.3416427527083468
7672,28,777,0.5841305887530309,5,2,1,-1.2563226920152577
7673,28,777,0.5841305887530309,5,1,0,0.5876175725416448
7674,28,777,0.5841305887530309,3,2,0,-0.7483434165176232
7675,28,777,0.5841305887530309,3,2,0,-1.177354719834781
7676,28,777,0.5841305887530309,5,2,1,-0.0565200107623663
7677,28,777,0.5841305887530309,5,2,1,-0.305295414101008
7678,28,777,0.5841305887530309,6,8,0,0.7534490845326792
7679,28,777,0.5841305887530309,5,4,0,-0.7711237156203963
7680,28,777,0.5841305887530309,6,1,0,1.466766368121475
7681,28,777,0.5841305887530309,6,8,1,1.0274404434135649
7682,28,777,0.5841305887530309,5,2,0,0.2167288440382997
7683,28,777,0.5841305887530309,6,1,1,0.1306115993408595
7684,28,777,0.5841305887530309,4,8,1,0.3801973666238259
7685,28,777,0.5841305887530309,2,1,0,-0.43456668937186
7686,28,777,0.5841305887530309,6,2,0,-1.1123788086138482
7687,28,777,0.5841305887530309,6,4,0,0.4147747586922237
7688,28,777,0.5841305887530309,6,4,1,0.1308130778039181
7689,28,777,0.5841305887530309,2,8,0,-1.473152794880377
7690,28,777,0.5841305887530309,4,4,0,0.7454555155495611
7691,28,777,0.5841305887530309,5,4,0,0.2018162229392623
7692,28,777,0.5841305887530309,6,4,1,-1.6496224282872471
7693,28,777,0.5841305887530309,5,2,0,-0.4078477948923115
7694,28,777,0.5841305887530309,5,4,0,0.5273582018870502
7695,28,777,0.5841305887530309,5,4,0,-0.033904025908807
7696,28,777,0.5841305887530309,6,4,1,1.0364937302274553
7697,28,777,0.5841305887530309,4,8,0,-0.8560213081894676
7698,28,777,0.5841305887530309,7,1,0,-0.7138916860675044
7699,28,777,0.5841305887530309,6,8,1,-1.09555068459296
7700,28,777,0.5841305887530309,5,1,1,0.7639110821971906
7701,28,777,0.5841305887530309,4,5,0,-0.3829388507370602
7702,28,777,0.5841305887530309,6,8,0,2.057862300352637
7703,28,777,0.5841305887530309,6,8,0,-0.1040335915104618
7704,28,777,0.5841305887530309,6,4,0,2.0730473611710547
7705,28,777,0.5841305887530309,7,4,0,0.5067171580802861
7706,28,777,0.5841305887530309,6,1,1,0.4930314762259429
7707,28,777,0.5841305887530309,4,2,0,-1.8503707736950723
7708,28,777,0.5841305887530309,4,2,0,-0.8911791530915927
7709,28,777,0.5841305887530309,6,1,0,0.2923681302123919
7710,28,777,0.5841305887530309,6,4,0,0.1083147856050177
7711,28,777,0.5841305887530309,6,2,0,1.118310775011942
7712,28,777,0.5841305887530309,6,2,0,0.4241685236256019
7713,28,777,0.5841305887530309,4,4,1,-1.1756409484160013
7714,28,777,0.5841305887530309,4,2,0,-1.3092351408392515
7715,28,777,0.5841305887530309,6,4,0,0.212563071134492
7716,28,777,0.5841305887530309,7,1,1,1.8462128178143404
7717,28,777,0.5841305887530309,7,5,0,1.5442791652331591
7718,28,777,0.5841305887530309,6,1,0,1.7739302268115542
7719,28,777,0.5841305887530309,4,4,0,0.5835227728996569
7720,28,777,0.5841305887530309,4,8,0,-0.0091185494982943
7721,28,777,0.5841305887530309,4,1,1,-0.312341425928771
7722,28,777,0.5841305887530309,6,8,0,0.980478274985658
7723,28,777,0.5841305887530309,5,1,0,0.9916697714986858
7724,28,777,0.5841305887530309,5,8,1,-0.1742143443688672
7725,28,777,0.5841305887530309,3,2,0,-1.0810058348374052
7726,28,777,0.5841305887530309,6,2,0,1.7863231031740818
7727,28,777,0.5841305887530309,5,8,0,-0.9117311182747404
7728,28,777,0.5841305887530309,5,4,0,-1.0754093968376106
7729,28,777,0.5841305887530309,4,1,0,-1.0984837579296858
7730,28,777,0.5841305887530309,5,1,0,-0.5529310113716552
7731,28,777,0.5841305887530309,6,8,1,0.2033801957602038
7732,28,777,0.5841305887530309,5,1,1,0.6632713864204137
7733,28,777,0.5841305887530309,4,1,0,-1.2365494397780423
7734,28,777,0.5841305887530309,5,1,1,0.2115223752948283
7735,27,605,0.6125680998587061,5,8,0,-0.7329652945310087
7736,27,605,0.6125680998587061,6,1,1,-0.7328027995195842
7737,27,605,0.6125680998587061,2,1,0,-0.895524885989005
7738,27,605,0.6125680998587061,5,4,0,-1.463122293394393
7739,27,605,0.6125680998587061,6,1,0,0.4351795387785062
7740,27,605,0.6125680998587061,5,1,0,-0.6694272346649704
7741,27,605,0.6125680998587061,5,8,0,-0.0978521619186947
7742,27,605,0.6125680998587061,6,1,0,-1.1511650969266631
7743,27,605,0.6125680998587061,6,1,1,-0.4857358460296155
7744,27,605,0.6125680998587061,6,8,1,-0.1086115594566516
7745,27,605,0.6125680998587061,4,8,0,-0.7642304415193886
7746,27,605,0.6125680998587061,6,4,0,-0.0983989507909065
7747,27,605,0.6125680998587061,4,8,0,-0.5185216941304501
7748,27,605,0.6125680998587061,5,5,1,0.6754370904880816
7749,27,605,0.6125680998587061,5,8,0,-0.3499350876182924
7750,27,605,0.6125680998587061,6,8,0,0.2962303749592222
7751,27,605,0.6125680998587061,6,1,1,0.2355755815096034
7752,27,605,0.6125680998587061,7,1,0,1.5093752280516133
7753,27,605,0.6125680998587061,6,8,0,0.7781021300314196
7754,27,605,0.6125680998587061,6,1,0,0.4964704011724979
7755,27,605,0.6125680998587061,5,4,0,-0.920891217827597
7756,27,605,0.6125680998587061,5,8,0,1.60825024073115
7757,27,605,0.6125680998587061,5,2,0,0.3680914887583808
7758,27,605,0.6125680998587061,6,5,1,1.5393574654495206
7759,27,605,0.6125680998587061,6,4,1,-1.329286288857514
7760,27,605,0.6125680998587061,5,5,1,-0.5843009169837385
7761,27,605,0.6125680998587061,7,4,0,0.6454604245015723
7762,27,605,0.6125680998587061,6,4,0,-0.1105802958867998
7763,27,605,0.6125680998587061,7,4,0,-0.1170652704941238
7764,27,605,0.6125680998587061,5,8,0,0.0992496842893473
7765,27,605,0.6125680998587061,6,4,0,-1.1744510205435852
7766,27,605,0.6125680998587061,6,3,0,0.6707684540135396
7767,27,605,0.6125680998587061,6,8,0,1.321095818468062
7768,27,605,0.6125680998587061,6,8,0,-0.5584481130668412
7769,27,605,0.6125680998587061,6,1,0,-0.4978739474365131
7770,27,605,0.6125680998587061,7,8,0,0.8251634325463781
7771,27,605,0.6125680998587061,6,1,0,0.4177551397839456
7772,27,605,0.6125680998587061,5,8,0,-0.2138816410292697
7773,27,605,0.6125680998587061,5,1,0,-1.9454963725516312
7774,27,605,0.6125680998587061,6,1,0,1.07036282069959
7775,27,605,0.6125680998587061,6,2,0,-0.3306549471548623
7776,27,605,0.6125680998587061,5,8,0,-1.6327076342026596
7777,27,605,0.6125680998587061,5,8,0,-0.4017041072198601
7778,27,605,0.6125680998587061,2,4,0,-1.6519721410983237
7779,27,605,0.6125680998587061,6,1,0,-0.5493724565882753
7780,27,605,0.6125680998587061,6,1,1,-0.1624543731875971
7781,27,605,0.6125680998587061,5,5,1,-0.3881608853983988
7782,27,605,0.6125680998587061,4,2,0,-0.8682675710581633
7783,27,605,0.6125680998587061,7,8,1,0.2959646595067
7784,27,605,0.6125680998587061,6,5,0,0.3111675070577627
7785,27,605,0.6125680998587061,6,1,0,-1.0357995413673438
7786,27,605,0.6125680998587061,6,5,0,-0.1217288760892101
7787,27,605,0.6125680998587061,5,5,0,0.2386851140968013
7788,27,605,0.6125680998587061,7,1,0,1.0097524711334611
7789,27,605,0.6125680998587061,5,2,0,-0.3748022546054926
7790,27,605,0.6125680998587061,5,8,0,-0.3595651907815796
7791,27,605,0.6125680998587061,5,8,0,-0.4200055764652488
7792,27,605,0.6125680998587061,7,4,1,1.2148412677229952
7793,27,605,0.6125680998587061,5,4,0,-0.4014904748467683
7794,27,605,0.6125680998587061,6,4,0,0.4197173377647343
7795,27,605,0.6125680998587061,6,4,0,-0.5795828759176535
7796,27,605,0.6125680998587061,5,5,0,0.30380695318553
7797,27,605,0.6125680998587061,6,4,0,0.8963344356152371
7798,27,605,0.6125680998587061,5,4,1,0.1341050557917094
7799,27,605,0.6125680998587061,6,8,1,2.018098833161881
7800,27,605,0.6125680998587061,1,8,0,-0.9653427847930858
7801,27,605,0.6125680998587061,6,4,0,2.205280510927232
7802,27,605,0.6125680998587061,6,1,0,-0.6926529786373143
7803,27,605,0.6125680998587061,6,5,1,0.129593621666291
7804,27,605,0.6125680998587061,6,1,1,-0.8020919182401764
7805,27,605,0.6125680998587061,6,8,0,-1.4520387986953636
7806,27,605,0.6125680998587061,6,2,0,-0.0070920563528215
7807,27,605,0.6125680998587061,5,2,0,-1.2217744698362256
7808,27,605,0.6125680998587061,7,1,0,1.074380035016738
7809,27,605,0.6125680998587061,6,4,1,-0.7482125166400974
7810,27,605,0.6125680998587061,5,2,0,-0.5542684322803255
7811,27,605,0.6125680998587061,4,2,0,-0.3532910240307149
7812,27,605,0.6125680998587061,5,8,0,-0.9099448334521626
7813,27,605,0.6125680998587061,5,8,1,1.4168440303394536
7814,27,605,0.6125680998587061,6,2,0,0.2559466746725294
7815,27,605,0.6125680998587061,6,1,0,1.438758691771166
7816,27,605,0.6125680998587061,5,1,1,-1.1482394955207746
7817,27,605,0.6125680998587061,5,1,0,-0.1638842218380335
7818,27,605,0.6125680998587061,6,4,0,0.0039043597700495
7819,27,605,0.6125680998587061,2,5,0,-0.3003669149092308
7820,27,605,0.6125680998587061,2,8,0,-1.6380066646542495
7821,27,605,0.6125680998587061,6,1,0,1.6612408611445784
7822,27,605,0.6125680998587061,3,4,0,-1.6789539147317676
7823,27,605,0.6125680998587061,3,8,0,-0.6965605556089939
7824,27,605,0.6125680998587061,4,8,0,0.3471968628129848
7825,27,605,0.6125680998587061,7,2,1,-0.6739742035766171
7826,27,605,0.6125680998587061,6,8,0,0.356333843541439
7827,27,605,0.6125680998587061,7,5,1,1.2831380369219534
7828,27,605,0.6125680998587061,5,8,0,1.003750915972971
7829,27,605,0.6125680998587061,5,4,0,-0.1069677801456597
7830,27,605,0.6125680998587061,7,8,0,1.3257408585380983
7831,27,605,0.6125680998587061,5,1,0,-0.5193477504312722
7832,27,605,0.6125680998587061,4,8,0,-0.7616493011264186
7833,27,605,0.6125680998587061,5,2,0,-0.1262424928454211
7834,27,605,0.6125680998587061,5,4,0,-0.7196962080300757
7835,26,943,-0.25990959338709,5,8,0,-0.4150494056938707
7836,26,943,-0.25990959338709,5,8,0,-1.770027436817192
7837,26,943,-0.25990959338709,5,4,1,0.5469558331873439
7838,26,943,-0.25990959338709,5,1,0,-0.9738751758681092
7839,26,943,-0.25990959338709,6,8,0,0.7032373384468755
7840,26,943,-0.25990959338709,5,8,0,0.0498848111420168
7841,26,943,-0.25990959338709,6,4,0,0.4536775858102699
7842,26,943,-0.25990959338709,5,4,0,-1.864664909804537
7843,26,943,-0.25990959338709,4,8,0,0.3583286513801423
7844,26,943,-0.25990959338709,2,8,0,-0.4194112984701735
7845,26,943,-0.25990959338709,4,8,0,-0.6533301816818742
7846,26,943,-0.25990959338709,6,4,0,0.5682847736731488
7847,26,943,-0.25990959338709,4,4,0,-0.7715295144116491
7848,26,943,-0.25990959338709,6,8,0,0.531861128857492
7849,26,943,-0.25990959338709,2,3,0,-1.4645245967145055
7850,26,943,-0.25990959338709,4,2,0,-0.606920842889177
7851,26,943,-0.25990959338709,6,4,1,0.9459205735174276
7852,26,943,-0.25990959338709,5,4,0,0.9906245212981905
7853,26,943,-0.25990959338709,6,2,0,1.7532032237729946
7854,26,943,-0.25990959338709,6,4,0,0.6095027186333403
7855,26,943,-0.25990959338709,6,4,1,1.676892896358564
7856,26,943,-0.25990959338709,4,8,0,-1.2884783811258556
7857,26,943,-0.25990959338709,6,4,0,0.4390123778741624
7858,26,943,-0.25990959338709,4,4,0,-0.6562669877502437
7859,26,943,-0.25990959338709,6,8,0,-0.646129062302521
7860,26,943,-0.25990959338709,6,4,0,2.2189706047653104
7861,26,943,-0.25990959338709,7,5,0,0.7792799638673374
7862,26,943,-0.25990959338709,5,2,1,0.1164835728861598
7863,26,943,-0.25990959338709,5,4,0,-0.8257870803750714
7864,26,943,-0.25990959338709,6,4,0,-0.3415882205715528
7865,26,943,-0.25990959338709,5,8,0,-1.4930101381059366
7866,26,943,-0.25990959338709,6,4,1,0.5689372711159529
7867,26,943,-0.25990959338709,7,2,0,0.7353928887438179
7868,26,943,-0.25990959338709,6,2,0,-0.7311291480538276
7869,26,943,-0.25990959338709,5,8,0,-0.2834300543528622
7870,26,943,-0.25990959338709,6,4,1,0.4892149396345291
7871,26,943,-0.25990959338709,5,4,0,-1.234733560588165
7872,26,943,-0.25990959338709,5,4,0,-0.6518619441974234
7873,26,943,-0.25990959338709,5,4,1,-0.7673213216074624
7874,26,943,-0.25990959338709,7,1,1,1.4210706452431243
7875,26,943,-0.25990959338709,5,8,0,-1.4362594008405742
7876,26,943,-0.25990959338709,5,1,1,-0.1424286153249015
7877,26,943,-0.25990959338709,4,4,0,-0.1634954217498741
7878,26,943,-0.25990959338709,6,1,0,1.6925569762961945
7879,26,943,-0.25990959338709,3,1,0,-0.0220670266324763
7880,26,943,-0.25990959338709,6,8,0,-0.1420323144405718
7881,26,943,-0.25990959338709,5,1,0,-0.4720528660562533
7882,26,943,-0.25990959338709,4,2,0,-0.3556570163809562
7883,26,943,-0.25990959338709,5,4,0,-0.4754239128933783
7884,26,943,-0.25990959338709,3,1,0,-0.9131701214173842
7885,26,943,-0.25990959338709,5,1,0,0.3335836537645387
7886,26,943,-0.25990959338709,7,4,1,0.6913737273466429
7887,26,943,-0.25990959338709,5,2,0,-0.9799617169287425
7888,26,943,-0.25990959338709,5,4,0,-0.8183131063513799
7889,26,943,-0.25990959338709,5,1,0,-0.3090816744728923
7890,26,943,-0.25990959338709,5,8,0,-1.0276563991061596
7891,26,943,-0.25990959338709,5,1,0,0.845553592940748
7892,26,943,-0.25990959338709,4,8,0,-0.5574774785359138
7893,26,943,-0.25990959338709,5,2,0,-1.2713047364866732
7894,26,943,-0.25990959338709,7,2,0,0.4128966716845214
7895,26,943,-0.25990959338709,4,8,0,-0.938482730341796
7896,26,943,-0.25990959338709,6,4,0,1.7576585148487838
7897,26,943,-0.25990959338709,7,8,0,1.0573728062639551
7898,26,943,-0.25990959338709,5,2,0,-0.2226274152996919
7899,26,943,-0.25990959338709,4,4,0,-0.8188152139270934
7900,26,943,-0.25990959338709,4,8,0,-0.1256318148839795
7901,26,943,-0.25990959338709,5,4,0,0.0537259883433416
7902,26,943,-0.25990959338709,6,1,0,-0.4690131988466351
7903,26,943,-0.25990959338709,5,1,0,-0.1486339493434225
7904,26,943,-0.25990959338709,5,1,1,1.2617855613627778
7905,26,943,-0.25990959338709,5,4,1,-0.7835994667609113
7906,26,943,-0.25990959338709,1,4,0,-0.873640720853038
7907,26,943,-0.25990959338709,4,8,0,0.3504821379306356
7908,26,943,-0.25990959338709,1,8,0,-0.941018428945142
7909,26,943,-0.25990959338709,5,8,0,1.1067994233503335
7910,26,943,-0.25990959338709,7,1,0,1.2630619822245954
7911,26,943,-0.25990959338709,6,4,0,-0.1860236429671853
7912,26,943,-0.25990959338709,6,4,1,1.0326997723285771
7913,26,943,-0.25990959338709,5,1,0,0.0059653065005093
7914,26,943,-0.25990959338709,4,1,0,-0.5273111551763536
7915,26,943,-0.25990959338709,6,4,1,-0.0142103409605445
7916,26,943,-0.25990959338709,6,4,1,0.7121654767611815
7917,26,943,-0.25990959338709,6,8,0,1.7331015066897302
7918,26,943,-0.25990959338709,7,4,1,0.464854443779063
7919,26,943,-0.25990959338709,3,4,0,0.3729252882946391
7920,26,943,-0.25990959338709,6,4,1,-0.1189351303046509
7921,26,943,-0.25990959338709,6,4,1,-1.1165150779245945
7922,26,943,-0.25990959338709,6,8,1,-0.1580802865391242
7923,26,943,-0.25990959338709,5,4,1,-1.305385831905631
7924,26,943,-0.25990959338709,4,1,0,-0.8051605622884015
7925,26,943,-0.25990959338709,6,4,1,0.1116007427518878
7926,26,943,-0.25990959338709,5,4,0,-0.0754203562721672
7927,26,943,-0.25990959338709,6,4,0,0.2192924668786892
7928,26,943,-0.25990959338709,3,5,0,0.9699531857920872
7929,26,943,-0.25990959338709,6,1,1,1.190084544376096
7930,26,943,-0.25990959338709,6,8,0,0.6771439789104754
7931,26,943,-0.25990959338709,6,4,0,-0.4388350525104055
7932,26,943,-0.25990959338709,1,5,0,-0.1976104075447718
7933,26,943,-0.25990959338709,5,4,1,-0.6321050852936924
7934,26,943,-0.25990959338709,5,4,0,-1.111605093071106
7935,26,943,-0.25990959338709,5,1,0,0.6293802572380792
7936,26,943,-0.25990959338709,6,1,0,-0.7593289007087638
7937,26,943,-0.25990959338709,7,1,0,0.7680049703076858
7938,26,943,-0.25990959338709,5,1,0,-0.6510901229682811
7939,26,943,-0.25990959338709,6,4,0,0.3119206522866573
7940,26,943,-0.25990959338709,6,8,1,0.0906352510978944
7941,26,943,-0.25990959338709,6,4,0,-0.4202584242886558
7942,26,943,-0.25990959338709,5,1,1,-0.7763157284200671
7943,26,943,-0.25990959338709,5,1,1,-0.5438915516724016
7944,26,943,-0.25990959338709,6,5,0,0.1764673826133861
7945,26,943,-0.25990959338709,5,8,1,0.2703011484653332
7946,26,943,-0.25990959338709,6,4,0,-0.3077903033927739
7947,26,943,-0.25990959338709,4,1,0,-0.3467628710689437
7948,26,943,-0.25990959338709,5,4,0,1.7803345943796405
7949,26,943,-0.25990959338709,6,4,1,0.7670703111542335
7950,26,943,-0.25990959338709,5,2,0,-1.1087505468724894
7951,26,943,-0.25990959338709,4,8,0,-1.644220177319936
7952,26,943,-0.25990959338709,6,4,0,-0.5375945708538796
7953,26,943,-0.25990959338709,4,4,0,-1.771067250647065
7954,26,943,-0.25990959338709,3,8,0,-0.8981953121276552
7955,26,943,-0.25990959338709,5,8,0,0.7260933510578438
7956,26,943,-0.25990959338709,4,8,0,0.1444917308231108
7957,26,943,-0.25990959338709,5,4,0,-1.6249373761112444
7958,26,943,-0.25990959338709,7,4,0,0.7466258915359054
7959,26,943,-0.25990959338709,4,8,0,-1.5246067627324065
7960,26,943,-0.25990959338709,4,2,0,-0.6818217059837911
7961,26,943,-0.25990959338709,6,2,0,-1.2139355735358786
7962,26,943,-0.25990959338709,3,4,0,-1.8276220656955544
7963,26,943,-0.25990959338709,5,4,0,-0.8432254901671316
7964,26,943,-0.25990959338709,7,5,0,3.0420675998438567
7965,26,943,-0.25990959338709,7,4,1,1.3576150944326002
7966,26,943,-0.25990959338709,6,4,0,-0.3205262111979881
7967,26,943,-0.25990959338709,5,4,1,-0.4862523328341575
7968,26,943,-0.25990959338709,4,2,0,-2.387252709946224
7969,26,943,-0.25990959338709,5,4,0,-1.2812225948310143
7970,26,943,-0.25990959338709,5,1,0,0.4692963932679295
7971,26,943,-0.25990959338709,4,8,0,-1.9498335079315767
7972,26,943,-0.25990959338709,6,4,0,0.1186087169306126
7973,26,943,-0.25990959338709,4,2,0,-1.9235764876928685
7974,26,943,-0.25990959338709,4,4,0,0.3759665125428894
7975,26,943,-0.25990959338709,5,4,0,-0.7284077644726086
7976,26,943,-0.25990959338709,2,4,0,-0.2967373685513816
7977,26,943,-0.25990959338709,6,8,0,-0.9179609590722586
7978,26,943,-0.25990959338709,6,8,1,-0.5244060971861301
7979,26,943,-0.25990959338709,6,4,0,0.9915941350949417
7980,26,943,-0.25990959338709,7,8,1,2.606264769486991
7981,26,943,-0.25990959338709,5,4,0,-0.4803861027662363
7982,25,1493,-1.08340009680953,6,4,0,0.2261679798950773
7983,25,1493,-1.08340009680953,5,4,0,-0.6699635949091599
7984,25,1493,-1.08340009680953,5,8,1,-1.625256648198049
7985,25,1493,-1.08340009680953,5,4,0,-1.8221474671528115
7986,25,1493,-1.08340009680953,7,4,1,0.5677602095329596
7987,25,1493,-1.08340009680953,5,2,1,-1.2468915084714314
7988,25,1493,-1.08340009680953,7,7,0,-0.4417290326854835
7989,25,1493,-1.08340009680953,7,4,1,0.9375411760385955
7990,25,1493,-1.08340009680953,6,4,1,-1.251317628489703
7991,25,1493,-1.08340009680953,5,4,1,-1.0660548846336653
7992,25,1493,-1.08340009680953,6,4,1,-0.670804646312192
7993,25,1493,-1.08340009680953,6,4,1,0.9272874277622934
7994,25,1493,-1.08340009680953,6,4,1,0.845135959141331
7995,25,1493,-1.08340009680953,6,4,1,-0.0771160773194056
7996,25,1493,-1.08340009680953,3,8,1,-0.4011183944902988
7997,25,1493,-1.08340009680953,5,4,0,-2.298590597913728
7998,25,1493,-1.08340009680953,6,4,0,-0.9187691673328714
7999,25,1493,-1.08340009680953,6,5,1,0.2894618123788967
8000,25,1493,-1.08340009680953,6,8,0,0.7569319593070022
8001,25,1493,-1.08340009680953,6,4,1,0.2541332126106113
8002,25,1493,-1.08340009680953,6,4,0,-1.4496474908141856
8003,25,1493,-1.08340009680953,5,4,1,-1.1969625081305382
8004,25,1493,-1.08340009680953,5,4,0,-0.9716295595213418
8005,25,1493,-1.08340009680953,6,4,1,-0.8976152003054368
8006,25,1493,-1.08340009680953,6,4,1,0.293105891316552
8007,25,1493,-1.08340009680953,5,4,0,0.5979900467168422
8008,25,1493,-1.08340009680953,7,4,0,1.3707775877759156
8009,25,1493,-1.08340009680953,6,4,1,0.2669046266559095
8010,25,1493,-1.08340009680953,5,8,1,0.1358546807077784
8011,25,1493,-1.08340009680953,6,4,0,-0.1466339673422367
8012,25,1493,-1.08340009680953,7,2,1,2.188162021689271
8013,25,1493,-1.08340009680953,6,4,0,-0.1024380677813745
8014,25,1493,-1.08340009680953,5,4,0,-1.2608466204008395
8015,25,1493,-1.08340009680953,5,4,1,-1.2631420847744832
8016,25,1493,-1.08340009680953,5,4,0,-1.4870014391116333
8017,25,1493,-1.08340009680953,7,4,0,1.1033283527202409
8018,25,1493,-1.08340009680953,5,4,1,-0.0063691255138802
8019,25,1493,-1.08340009680953,5,4,0,-2.4500945847047384
8020,25,1493,-1.08340009680953,6,5,1,-0.0058470478753213
8021,25,1493,-1.08340009680953,6,4,1,-0.1596930154125942
8022,25,1493,-1.08340009680953,6,4,1,-0.6968242476369247
8023,25,1493,-1.08340009680953,5,5,0,-0.8108645033052065
8024,25,1493,-1.08340009680953,5,2,0,-0.9309861387445072
8025,25,1493,-1.08340009680953,4,1,1,-0.6643702406253438
8026,25,1493,-1.08340009680953,7,4,1,0.503927026448282
8027,25,1493,-1.08340009680953,5,4,0,-1.0306164340392014
8028,25,1493,-1.08340009680953,4,4,0,-1.6729778030162823
8029,25,1493,-1.08340009680953,6,4,1,0.5857005205825074
8030,25,1493,-1.08340009680953,6,8,1,1.2415554125691706
8031,25,1493,-1.08340009680953,5,4,1,0.7362432530993683
8032,25,1493,-1.08340009680953,5,4,0,-1.1989466926315544
8033,25,1493,-1.08340009680953,6,4,1,-0.6286127694799909
8034,25,1493,-1.08340009680953,5,1,0,-0.7381877267264628
8035,25,1493,-1.08340009680953,1,1,1,-0.8951834618797295
8036,25,1493,-1.08340009680953,6,8,0,-1.1277164749327688
8037,25,1493,-1.08340009680953,5,4,0,-0.4908230807953669
8038,25,1493,-1.08340009680953,7,4,1,1.0764662170503767
8039,25,1493,-1.08340009680953,7,1,1,-0.7373919220392366
8040,25,1493,-1.08340009680953,5,4,0,0.3690843613254906
8041,25,1493,-1.08340009680953,6,4,1,0.3324798802930601
8042,25,1493,-1.08340009680953,6,4,1,-0.7126916717565721
8043,25,1493,-1.08340009680953,3,8,1,-1.5074315000121885
8044,25,1493,-1.08340009680953,6,4,1,0.9164933535036712
8045,25,1493,-1.08340009680953,6,4,0,0.2215531851250468
8046,25,1493,-1.08340009680953,5,4,0,-0.8747726512881183
8047,25,1493,-1.08340009680953,5,8,0,-1.697496460041071
8048,25,1493,-1.08340009680953,6,4,1,-0.4462386695073154
8049,25,1493,-1.08340009680953,5,4,0,-0.1357678327512161
8050,25,1493,-1.08340009680953,5,4,1,-1.5861824888755114
8051,25,1493,-1.08340009680953,6,4,0,0.0360007314622664
8052,25,1493,-1.08340009680953,5,4,0,-0.2122812242820485
8053,25,1493,-1.08340009680953,5,1,0,-0.0765762334534657
8054,25,1493,-1.08340009680953,6,4,1,-0.738248935160088
8055,25,1493,-1.08340009680953,6,4,1,0.4518263465746922
8056,25,1493,-1.08340009680953,5,4,1,0.270600623880843
8057,25,1493,-1.08340009680953,4,4,0,-0.9473467822319948
8058,25,1493,-1.08340009680953,5,4,1,0.5731633732856815
8059,25,1493,-1.08340009680953,6,4,1,0.0868848938109708
8060,25,1493,-1.08340009680953,5,4,0,-0.4301866176986163
8061,25,1493,-1.08340009680953,1,4,1,-1.5370474158899692
8062,25,1493,-1.08340009680953,5,4,1,-0.6230975585897555
8063,25,1493,-1.08340009680953,5,4,1,-1.0895959799311294
8064,25,1493,-1.08340009680953,6,1,0,0.4564592870168866
8065,25,1493,-1.08340009680953,6,4,0,-0.946074944883817
8066,25,1493,-1.08340009680953,6,5,1,-0.4349185464095513
8067,25,1493,-1.08340009680953,7,5,1,0.6514191538870567
8068,25,1493,-1.08340009680953,5,4,1,0.0217460704102949
8069,25,1493,-1.08340009680953,5,4,0,-2.246809865971328
8070,25,1493,-1.08340009680953,6,4,0,0.1352216300537016
8071,25,1493,-1.08340009680953,5,4,1,-0.1844799473346068
8072,25,1493,-1.08340009680953,5,8,0,-0.780876834099869
8073,25,1493,-1.08340009680953,6,4,0,0.0180415872122447
8074,25,1493,-1.08340009680953,5,8,0,-2.060128084518188
8075,25,1493,-1.08340009680953,6,4,1,-1.269463470642872
8076,25,1493,-1.08340009680953,5,8,0,-2.2691349596040555
8077,25,1493,-1.08340009680953,6,4,0,-0.4542033640034358
8078,25,1493,-1.08340009680953,5,8,0,-1.455841267750909
8079,25,1493,-1.08340009680953,4,4,0,-2.23044272943252
8080,25,1493,-1.08340009680953,4,8,0,-0.9354382993358852
8081,25,1493,-1.08340009680953,3,4,0,-0.6585006217061348
8082,25,1493,-1.08340009680953,7,8,1,1.890698186088784
8083,25,1493,-1.08340009680953,5,8,1,-1.3784739512356332
8084,25,1493,-1.08340009680953,6,1,0,-1.0131646377923942
8085,25,1493,-1.08340009680953,6,1,0,-0.4970233261935789
8086,25,1493,-1.08340009680953,6,4,1,-0.3851192087893003
8087,25,1493,-1.08340009680953,7,4,1,-0.1892302003396812
8088,25,1493,-1.08340009680953,4,5,1,-0.0937814770224513
8089,25,1493,-1.08340009680953,6,4,1,-1.0966748133753934
8090,25,1493,-1.08340009680953,5,8,0,-0.9221113385325618
8091,25,1493,-1.08340009680953,6,4,1,0.0087694194598402
8092,25,1493,-1.08340009680953,6,4,0,-0.4051940242355278
8093,25,1493,-1.08340009680953,7,4,1,0.565207570560468
8094,25,1493,-1.08340009680953,7,8,0,1.3293446964345867
8095,25,1493,-1.08340009680953,7,4,1,0.7346006142384713
8096,25,1493,-1.08340009680953,5,4,0,-0.5841003825590275
8097,25,1493,-1.08340009680953,6,4,1,0.1676070069981614
8098,25,1493,-1.08340009680953,5,4,1,-1.3928996017466029
8099,25,1493,-1.08340009680953,6,4,1,1.5119693798288043
8100,25,1493,-1.08340009680953,5,4,0,0.000353574725876
8101,25,1493,-1.08340009680953,6,4,0,0.3366327200042258
8102,25,1493,-1.08340009680953,6,4,0,-0.0601835614126577
8103,25,1493,-1.08340009680953,2,4,0,-2.015001158848666
8104,25,1493,-1.08340009680953,6,4,1,0.4426197771231204
8105,25,1493,-1.08340009680953,6,4,1,0.3836543397787539
8106,25,1493,-1.08340009680953,2,4,1,-1.2999902345485508
8107,25,1493,-1.08340009680953,4,8,0,-1.3013340297291571
8108,25,1493,-1.08340009680953,6,4,0,1.0296310747848147
8109,25,1493,-1.08340009680953,5,8,0,-0.3356776337538114
8110,25,1493,-1.08340009680953,6,4,0,-0.1248108205471191
8111,25,1493,-1.08340009680953,5,4,0,-0.5377009382258194
8112,25,1493,-1.08340009680953,5,1,1,-0.9762912590468
8113,25,1493,-1.08340009680953,5,8,1,0.0573391794232824
8114,25,1493,-1.08340009680953,6,4,1,-1.4146734477364602
8115,25,1493,-1.08340009680953,7,4,1,0.43082086426393
8116,25,1493,-1.08340009680953,6,2,1,-0.068462224183644
8117,25,1493,-1.08340009680953,6,2,1,1.7099146506682692
8118,25,1493,-1.08340009680953,5,4,0,-0.7815442571359752
8119,25,1493,-1.08340009680953,5,4,1,-1.411318439516963
8120,25,1493,-1.08340009680953,6,4,1,0.753743376888923
8121,25,1493,-1.08340009680953,4,4,1,-1.4624025810241956
8122,25,1493,-1.08340009680953,7,4,1,1.6952823286559813
8123,25,1493,-1.08340009680953,6,4,0,0.9198222136782104
8124,25,1493,-1.08340009680953,4,4,0,-1.703861365023924
8125,25,1493,-1.08340009680953,5,4,1,-0.6152493095985995
8126,25,1493,-1.08340009680953,3,2,1,-0.9771711729526426
8127,25,1493,-1.08340009680953,7,8,1,1.4288780169979167
8128,25,1493,-1.08340009680953,7,4,1,-0.6265866363193873
8129,25,1493,-1.08340009680953,7,1,0,0.2375921303622986
8130,25,1493,-1.08340009680953,5,4,1,-0.6259085453873942
8131,25,1493,-1.08340009680953,5,4,1,-1.4988737681408102
8132,25,1493,-1.08340009680953,6,4,0,-1.0805111190675274
8133,25,1493,-1.08340009680953,6,2,1,-1.1891945204764809
8134,25,1493,-1.08340009680953,6,4,1,-1.8582209538217287
8135,25,1493,-1.08340009680953,3,5,1,-0.7056884475464447
8136,25,1493,-1.08340009680953,4,4,0,-2.9513884459303728
8137,25,1493,-1.08340009680953,5,4,1,-0.0780733308450559
8138,25,1493,-1.08340009680953,5,4,1,-0.2205966359889467
8139,25,1493,-1.08340009680953,5,4,1,0.4148497006604209
8140,25,1493,-1.08340009680953,5,4,1,-0.1263730833311686
8141,25,1493,-1.08340009680953,5,4,1,-0.6434067045831658
8142,25,1493,-1.08340009680953,5,4,1,-1.4377326748572303
8143,25,1493,-1.08340009680953,4,4,1,-0.1560755991739234
8144,25,1493,-1.08340009680953,6,4,0,0.1801968318375724
8145,25,1493,-1.08340009680953,6,4,1,-0.7490241833056893
8146,25,1493,-1.08340009680953,6,4,1,-0.5906481951118122
8147,25,1493,-1.08340009680953,4,1,0,-1.115876963995877
8148,25,1493,-1.08340009680953,6,5,0,-0.2524216148575441
8149,25,1493,-1.08340009680953,5,4,1,-2.414880890719306
8150,25,1493,-1.08340009680953,6,4,0,-0.0503352006143953
8151,25,1493,-1.08340009680953,5,4,1,-0.7062060536709164
8152,25,1493,-1.08340009680953,7,4,1,-0.037930079078629
8153,25,1493,-1.08340009680953,6,8,0,0.0047974663877444
8154,25,1493,-1.08340009680953,6,4,1,-0.6413738025968324
8155,25,1493,-1.08340009680953,5,4,1,-1.355788249344905
8156,25,1493,-1.08340009680953,7,4,0,0.1614121153590673
8157,25,1493,-1.08340009680953,7,5,1,1.5411191887965574
8158,25,1493,-1.08340009680953,7,4,1,1.1481985862003667
8159,25,1493,-1.08340009680953,7,4,1,-0.2876381941406691
8160,25,1493,-1.08340009680953,6,4,0,-1.474370298374774
8161,25,1493,-1.08340009680953,6,1,0,1.3889954008259937
8162,25,1493,-1.08340009680953,6,4,1,1.593362250887518
8163,25,1493,-1.08340009680953,7,5,1,1.3894496173986697
8164,25,1493,-1.08340009680953,7,4,1,0.7581623710844986
8165,25,1493,-1.08340009680953,6,4,0,0.0361687880325697
8166,25,1493,-1.08340009680953,6,4,0,0.5007064590679914
8167,25,1493,-1.08340009680953,5,4,0,0.7574488019883916
8168,25,1493,-1.08340009680953,6,4,0,0.2685427645545112
8169,25,1493,-1.08340009680953,5,4,0,-1.6458942998970378
8170,25,1493,-1.08340009680953,5,8,1,-1.3298541616764683
8171,25,1493,-1.08340009680953,6,1,0,0.4643485540766531
8172,25,1493,-1.08340009680953,6,4,1,-0.3396130777877648
8173,25,1493,-1.08340009680953,5,4,1,0.0436934315241446
8174,25,1493,-1.08340009680953,4,8,0,-0.6507604620599933
8175,25,1493,-1.08340009680953,7,8,1,0.7504103590392646
8176,25,1493,-1.08340009680953,5,8,0,-0.6160989117677657
8177,25,1493,-1.08340009680953,6,1,0,-0.5841229867120263
8178,25,1493,-1.08340009680953,6,4,1,-0.4184436332624119
8179,25,1493,-1.08340009680953,6,4,1,-0.3274334873596179
8180,25,1493,-1.08340009680953,2,4,0,0.3138339347750773
8181,25,1493,-1.08340009680953,6,4,0,1.4311008344915637
8182,25,1493,-1.08340009680953,5,8,0,-1.04139330449892
8183,25,1493,-1.08340009680953,6,4,1,-0.1902699339411351
8184,25,1493,-1.08340009680953,6,4,1,0.0837368867939623
8185,25,1493,-1.08340009680953,2,4,0,-1.0741694743337866
8186,25,1493,-1.08340009680953,7,4,1,-0.5081786282350844
8187,25,1493,-1.08340009680953,5,5,1,-0.6405889585892843
8188,25,1493,-1.08340009680953,6,4,0,0.9673870940899398
8189,25,1493,-1.08340009680953,2,4,1,0.998487657887934
8190,25,1493,-1.08340009680953,6,4,0,0.1925125021848684
8191,25,1493,-1.08340009680953,5,4,1,-2.4298199262511893
8192,25,1493,-1.08340009680953,5,4,1,-0.703210596961571
8193,25,1493,-1.08340009680953,5,4,1,-0.2943173362059852
8194,25,1493,-1.08340009680953,5,4,1,-1.6777236214336224
8195,25,1493,-1.08340009680953,3,4,1,-2.5607244599021923
8196,25,1493,-1.08340009680953,3,4,1,-1.5260806651325405
8197,25,1493,-1.08340009680953,5,4,0,-0.3038806492922259
8198,25,1493,-1.08340009680953,3,8,0,-0.0921867175782622
8199,24,530,0.908208043253586,4,1,0,-1.4199960816950683
8200,24,530,0.908208043253586,6,8,1,0.1030180814915794
8201,24,530,0.908208043253586,6,1,0,-0.6100472114340059
8202,24,530,0.908208043253586,4,2,1,-0.4989256220343437
8203,24,530,0.908208043253586,5,4,1,-0.2290442329142496
8204,24,530,0.908208043253586,6,3,0,-1.0236886007732244
8205,24,530,0.908208043253586,6,8,1,0.4027591766674885
8206,24,530,0.908208043253586,3,8,0,-0.048740126920384
8207,24,530,0.908208043253586,6,8,1,0.5435486857229272
8208,24,530,0.908208043253586,5,4,1,-0.4575129196547611
8209,24,530,0.908208043253586,5,4,1,-0.7883647340789807
8210,24,530,0.908208043253586,7,4,0,0.5736096411427105
8211,24,530,0.908208043253586,5,2,0,-0.4005325304937737
8212,24,530,0.908208043253586,4,8,0,-1.3779188132712388
8213,24,530,0.908208043253586,7,4,0,0.2031045736102807
8214,24,530,0.908208043253586,5,2,0,-0.934628605032124
8215,24,530,0.908208043253586,7,2,1,1.1224584826224786
8216,24,530,0.908208043253586,5,1,1,-0.0808912134512623
8217,24,530,0.908208043253586,4,4,0,-1.1203135795403951
8218,24,530,0.908208043253586,3,2,1,-2.334383866470201
8219,24,530,0.908208043253586,5,1,1,0.1654551520881702
8220,24,530,0.908208043253586,3,4,1,-0.336247542865898
8221,24,530,0.908208043253586,1,8,1,-1.0650230870741175
8222,24,530,0.908208043253586,4,4,1,-2.033308362271326
8223,24,530,0.908208043253586,6,4,0,-0.4442941381481938
8224,24,530,0.908208043253586,2,8,0,0.0099037469503136
8225,24,530,0.908208043253586,5,8,1,0.2272874976103062
8226,24,530,0.908208043253586,6,4,1,1.0096840899343362
8227,24,530,0.908208043253586,5,8,0,-0.0532125666692576
8228,24,530,0.908208043253586,5,4,1,-1.2459292731999885
8229,24,530,0.908208043253586,7,8,1,0.5298129977851841
8230,24,530,0.908208043253586,7,4,1,-0.4937796642500557
8231,24,530,0.908208043253586,6,8,1,0.5036800020179621
8232,24,530,0.908208043253586,5,8,0,-0.5743182277177914
8233,24,530,0.908208043253586,5,4,1,0.9267610943788944
8234,24,530,0.908208043253586,2,8,0,-2.601224116344299
8235,24,530,0.908208043253586,6,8,0,1.142666899951735
8236,24,530,0.908208043253586,5,4,1,-0.4416546735762727
8237,24,530,0.908208043253586,5,1,0,-0.1973977976957151
8238,24,530,0.908208043253586,2,4,1,-1.893238035878164
8239,24,530,0.908208043253586,4,4,1,-2.7702172101524067
8240,24,530,0.908208043253586,7,3,0,0.3692407979200064
8241,24,530,0.908208043253586,6,4,1,-1.6062668137475462
8242,24,530,0.908208043253586,4,2,0,-2.322239507268991
8243,24,530,0.908208043253586,5,5,0,-0.3542005853094253
8244,24,530,0.908208043253586,2,2,0,0.7726743910027474
8245,24,530,0.908208043253586,4,8,0,-0.9116559132636024
8246,24,530,0.908208043253586,3,8,0,-1.549259145288977
8247,24,530,0.908208043253586,6,4,1,-0.6663854768717552
8248,24,530,0.908208043253586,5,4,1,0.0211873884960393
8249,24,530,0.908208043253586,4,4,1,-1.7115244431040162
8250,24,530,0.908208043253586,5,8,1,-0.3864630516653094
8251,24,530,0.908208043253586,5,8,0,-0.443650520175759
8252,24,530,0.908208043253586,4,8,1,-0.7816331094173696
8253,24,530,0.908208043253586,6,4,1,-0.4687958914500287
8254,24,530,0.908208043253586,4,8,0,-0.8441571959028564
8255,24,530,0.908208043253586,6,4,0,-1.1046151604821144
8256,24,530,0.908208043253586,3,4,0,0.1074944270712277
8257,24,530,0.908208043253586,5,8,1,-0.7853149174300157
8258,24,530,0.908208043253586,6,4,0,-1.1138990533104929
8259,24,530,0.908208043253586,3,1,0,-1.7377884776336283
8260,24,530,0.908208043253586,5,1,0,-0.3161072270752231
8261,24,530,0.908208043253586,3,4,0,-1.430626925040769
8262,24,530,0.908208043253586,5,7,0,-0.3158072022869621
8263,24,530,0.908208043253586,6,4,0,-1.238106287813225
8264,24,530,0.908208043253586,6,8,0,0.228711930340587
8265,24,530,0.908208043253586,6,4,0,-0.1771534422353472
8266,24,530,0.908208043253586,4,4,0,-2.106536091229001
8267,24,530,0.908208043253586,6,8,0,-1.21227667229855
8268,24,530,0.908208043253586,6,2,1,-0.7004546314709575
8269,24,530,0.908208043253586,5,5,0,1.2580265236727854
8270,24,530,0.908208043253586,5,2,1,0.6278103750160178
8271,24,530,0.908208043253586,5,4,0,-0.5545754791516178
8272,23,352,0.672129659436132,5,2,0,-2.1405726471684714
8273,23,352,0.672129659436132,5,8,0,-0.3508276819354856
8274,23,352,0.672129659436132,6,2,0,-1.4210339953936704
8275,23,352,0.672129659436132,5,4,0,-1.0176716086512678
8276,23,352,0.672129659436132,6,4,0,0.8289089636179539
8277,23,352,0.672129659436132,6,5,0,-1.210112774324488
8278,23,352,0.672129659436132,5,4,0,-2.0743139956049337
8279,23,352,0.672129659436132,6,4,1,0.1321683508629239
8280,23,352,0.672129659436132,6,4,0,1.2604880539500525
8281,23,352,0.672129659436132,3,4,0,-0.798845186099858
8282,23,352,0.672129659436132,3,4,0,-0.8791396078767248
8283,23,352,0.672129659436132,7,4,1,0.6566391235170053
8284,23,352,0.672129659436132,6,4,1,0.3432869675074866
8285,23,352,0.672129659436132,5,2,0,-1.5607029710729232
8286,23,352,0.672129659436132,5,4,0,-0.3875097798385462
8287,23,352,0.672129659436132,5,4,1,-1.3871523074576195
8288,23,352,0.672129659436132,6,2,0,-0.9950947533852468
8289,23,352,0.672129659436132,6,4,1,-0.1189196313335982
8290,23,352,0.672129659436132,4,8,0,-1.4259624936395396
8291,23,352,0.672129659436132,5,4,0,-1.7686762809361547
8292,23,352,0.672129659436132,3,4,0,-0.0451155090683537
8293,23,352,0.672129659436132,6,4,0,-0.4923515975527574
8294,23,352,0.672129659436132,4,8,0,-1.6226896196966398
8295,23,352,0.672129659436132,4,1,0,-2.6399570261386134
8296,23,352,0.672129659436132,6,4,0,-1.473881923778018
8297,23,352,0.672129659436132,5,2,0,0.3054385110451493
8298,23,352,0.672129659436132,4,4,0,-2.1445060108920027
8299,23,352,0.672129659436132,6,4,1,0.0471951953330178
8300,23,352,0.672129659436132,5,2,1,-0.7755183859708891
8301,23,352,0.672129659436132,7,8,1,-0.000111802992096
8302,23,352,0.672129659436132,3,4,0,-2.745867040463863
8303,23,352,0.672129659436132,5,2,1,0.113286103256104
8304,23,352,0.672129659436132,4,4,0,-0.0614108740618672
8305,23,352,0.672129659436132,3,8,0,-1.2750474011504245
8306,23,352,0.672129659436132,5,2,0,-0.9704806754998268
8307,23,352,0.672129659436132,5,2,0,-1.2254734040311022
8308,23,352,0.672129659436132,3,2,0,-0.8654553963403321
8309,23,352,0.672129659436132,6,1,0,-0.483568268336115
8310,23,352,0.672129659436132,4,4,0,-1.189564382883656
8311,23,352,0.672129659436132,7,4,0,0.4391931293411685
8312,23,352,0.672129659436132,5,4,0,-1.500558618946256
8313,23,352,0.672129659436132,5,1,0,-0.6719843102307458
8314,23,352,0.672129659436132,6,8,0,-2.106770062961283
8315,23,352,0.672129659436132,6,4,0,-0.2881239304232673
8316,23,352,0.672129659436132,6,4,0,-2.1744371035009493
8317,23,352,0.672129659436132,1,8,0,-0.3958688156916978
8318,23,352,0.672129659436132,5,8,0,-1.5102460805231412
8319,23,352,0.672129659436132,5,8,0,-1.7776460899378204
8320,23,352,0.672129659436132,4,4,0,-1.1709812855636434
8321,23,352,0.672129659436132,7,4,1,-0.2675094389754449
8322,23,352,0.672129659436132,3,4,0,-1.9615442261604548
8323,23,352,0.672129659436132,6,8,0,-0.1706922663069005
8324,22,174,1.53978210121699,7,8,1,1.2184600074776393
8325,22,174,1.53978210121699,6,8,0,-0.4029430151088207
8326,22,174,1.53978210121699,6,7,0,0.6344811990703978
8327,22,174,1.53978210121699,6,8,0,0.3693303199663466
8328,22,174,1.53978210121699,6,1,0,0.3916888577757782
8329,22,174,1.53978210121699,6,1,1,-0.4070017661362524
8330,22,174,1.53978210121699,7,8,1,0.6247660911087614
8331,22,174,1.53978210121699,5,1,0,-1.028045121230177
8332,22,174,1.53978210121699,7,8,0,0.7909016350235486
8333,22,174,1.53978210121699,6,1,0,0.3156334364936241
8334,22,174,1.53978210121699,6,8,0,-1.1271282577518338
8335,22,174,1.53978210121699,5,1,0,-0.8396270037616332
8336,22,174,1.53978210121699,3,1,0,-0.6715163678691398
8337,22,174,1.53978210121699,5,1,0,0.0439815487574758
8338,22,174,1.53978210121699,6,1,1,0.3108929188200454
8339,22,174,1.53978210121699,3,1,1,-0.8752214890313808
8340,22,174,1.53978210121699,5,1,1,0.8587470661319563
8341,22,174,1.53978210121699,6,1,1,-1.493567436830158
8342,22,174,1.53978210121699,3,8,0,-2.55996894539901
8343,22,174,1.53978210121699,6,1,0,0.8421703662182086
8344,22,174,1.53978210121699,4,1,0,0.1963757454576433
8345,22,174,1.53978210121699,4,8,0,-0.2256771986471208
8346,22,174,1.53978210121699,6,8,0,-1.0369298951636363
8347,22,174,1.53978210121699,5,8,0,0.1284036572801188
8348,22,174,1.53978210121699,6,8,0,-0.4559599615036379
8349,22,174,1.53978210121699,6,1,0,-0.757488422356266
8350,22,174,1.53978210121699,5,8,0,-0.8735923866432458
8351,22,174,1.53978210121699,7,8,1,0.865064906946176
8352,22,174,1.53978210121699,5,1,0,0.0947982480472508
8353,22,174,1.53978210121699,6,1,0,0.4680998364311245
8354,22,174,1.53978210121699,6,1,1,-0.4728516428167926
8355,22,174,1.53978210121699,6,8,1,-0.0275575638857694
8356,21,830,0.263062773631129,4,4,1,-1.3348567212542095
8357,21,830,0.263062773631129,3,8,0,-0.8406998051246823
8358,21,830,0.263062773631129,5,5,0,-0.670682661664695
8359,21,830,0.263062773631129,5,1,1,-0.2791869558308325
8360,21,830,0.263062773631129,6,1,0,-0.4183778862309728
8361,21,830,0.263062773631129,4,2,1,-0.319698948537963
8362,21,830,0.263062773631129,6,5,0,-0.791892527157505
8363,21,830,0.263062773631129,6,8,0,0.5846527995183711
8364,21,830,0.263062773631129,6,4,1,1.1691459894966147
8365,21,830,0.263062773631129,4,8,0,-1.766869297856232
8366,21,830,0.263062773631129,5,1,1,-0.0403979880810153
8367,21,830,0.263062773631129,6,8,0,-0.0607420657003978
8368,21,830,0.263062773631129,5,4,1,0.0323607536860718
8369,21,830,0.263062773631129,6,5,0,1.1502588084850096
8370,21,830,0.263062773631129,4,1,0,-0.6747425057601737
8371,21,830,0.263062773631129,6,2,0,0.3820891295266002
8372,21,830,0.263062773631129,5,1,0,-0.8849292796227022
8373,21,830,0.263062773631129,5,1,0,0.5649416710987194
8374,21,830,0.263062773631129,7,8,1,0.089272140639512
8375,21,830,0.263062773631129,5,5,0,-0.2455902080927798
8376,21,830,0.263062773631129,5,5,1,-0.2942994554062696
8377,21,830,0.263062773631129,4,4,1,-1.625568640368972
8378,21,830,0.263062773631129,4,5,0,-2.124121120155791
8379,21,830,0.263062773631129,5,5,0,1.1873592159762725
8380,21,830,0.263062773631129,2,1,0,-0.18536541024356
8381,21,830,0.263062773631129,5,5,0,-0.7895797054826605
8382,21,830,0.263062773631129,7,4,0,0.0156777370824978
8383,21,830,0.263062773631129,5,8,0,-0.2234397399203334
8384,21,830,0.263062773631129,5,8,1,0.0639298525877714
8385,21,830,0.263062773631129,5,5,0,-0.57637900804793
8386,21,830,0.263062773631129,6,4,0,-0.4118365206845044
8387,21,830,0.263062773631129,6,4,1,0.6089084562113364
8388,21,830,0.263062773631129,6,2,0,-0.2197992494756116
8389,21,830,0.263062773631129,6,4,0,0.2960956170931551
8390,21,830,0.263062773631129,5,1,0,-0.4178540947283838
8391,21,830,0.263062773631129,6,2,0,-0.670871532961756
8392,21,830,0.263062773631129,7,2,1,0.2190698196035604
8393,21,830,0.263062773631129,5,8,0,-1.8772994280229007
8394,21,830,0.263062773631129,6,2,1,0.4892130131998675
8395,21,830,0.263062773631129,4,2,0,-0.9575586443138652
8396,21,830,0.263062773631129,2,4,0,-0.1369783147605782
8397,21,830,0.263062773631129,6,4,0,-0.5968742517853972
8398,21,830,0.263062773631129,4,1,0,-1.3552095227690069
8399,21,830,0.263062773631129,5,5,1,0.4441791455825898
8400,21,830,0.263062773631129,6,4,0,0.0686790431441324
8401,21,830,0.263062773631129,3,2,0,-1.7047898135065285
8402,21,830,0.263062773631129,5,1,1,-0.6333619280338723
8403,21,830,0.263062773631129,5,4,0,0.513865010121241
8404,21,830,0.263062773631129,5,5,1,0.1011775371510181
8405,21,830,0.263062773631129,6,4,0,-0.2094909207508405
8406,21,830,0.263062773631129,5,4,0,0.2001818989843851
8407,21,830,0.263062773631129,6,1,0,0.9389564903397448
8408,21,830,0.263062773631129,4,8,0,-0.3285941715715047
8409,21,830,0.263062773631129,6,5,1,1.0178238863011575
8410,21,830,0.263062773631129,7,1,1,0.5774998831692643
8411,21,830,0.263062773631129,5,8,0,-1.5010403184541663
8412,21,830,0.263062773631129,2,8,0,-1.593892350440992
8413,21,830,0.263062773631129,6,4,1,1.7496284417678094
8414,21,830,0.263062773631129,6,1,0,0.8861567168681331
8415,21,830,0.263062773631129,6,8,1,-1.9425564932436128
8416,21,830,0.263062773631129,5,8,0,-0.076554154450242
8417,21,830,0.263062773631129,6,1,1,1.2683877704781856
8418,21,830,0.263062773631129,4,4,1,-2.401165518581532
8419,21,830,0.263062773631129,7,4,0,0.5543292139531841
8420,21,830,0.263062773631129,6,1,1,0.0629407444978952
8421,21,830,0.263062773631129,4,8,0,-2.123443695348295
8422,21,830,0.263062773631129,5,4,0,0.2487027898459088
8423,21,830,0.263062773631129,5,3,0,-0.4366733059608642
8424,21,830,0.263062773631129,6,4,0,-0.5291809244066874
8425,21,830,0.263062773631129,5,4,0,0.941984034080229
8426,21,830,0.263062773631129,5,8,0,-0.6074410350429691
8427,21,830,0.263062773631129,5,4,0,-0.1175953244292148
8428,21,830,0.263062773631129,6,4,0,0.0194037790655446
8429,21,830,0.263062773631129,5,1,0,1.5562563273727708
8430,21,830,0.263062773631129,6,4,1,0.0081488821045138
8431,21,830,0.263062773631129,6,4,0,1.6480106809777524
8432,21,830,0.263062773631129,5,8,0,-0.3579507856533639
8433,21,830,0.263062773631129,6,1,1,-0.0726378946612244
8434,21,830,0.263062773631129,5,1,0,1.069986707162974
8435,21,830,0.263062773631129,3,8,0,-1.3896557546718806
8436,21,830,0.263062773631129,6,4,1,-0.9264942032848702
8437,21,830,0.263062773631129,6,4,0,0.628007102040649
8438,21,830,0.263062773631129,4,4,0,-1.5152628650601816
8439,21,830,0.263062773631129,5,2,0,1.4025149431880573
8440,21,830,0.263062773631129,4,2,1,-0.8676291061039922
8441,21,830,0.263062773631129,5,8,0,-1.0180544964367413
8442,21,830,0.263062773631129,6,4,0,-0.5601050660197898
8443,21,830,0.263062773631129,5,1,0,-0.7236605896116576
8444,21,830,0.263062773631129,5,8,0,-0.5766638300229935
8445,21,830,0.263062773631129,5,8,0,-0.0565164879570514
8446,21,830,0.263062773631129,5,8,1,-0.3924026588443538
8447,21,830,0.263062773631129,5,4,0,0.2830907937857084
8448,21,830,0.263062773631129,5,8,0,-0.7388998803640747
8449,21,830,0.263062773631129,5,4,0,-1.142808672828257
8450,21,830,0.263062773631129,5,4,0,-0.8961547163238633
8451,21,830,0.263062773631129,6,8,1,0.1741585604271667
8452,21,830,0.263062773631129,6,1,1,1.05319876228214
8453,21,830,0.263062773631129,5,8,0,0.552118551237888
8454,21,830,0.263062773631129,6,4,0,-0.7681316472407066
8455,21,830,0.263062773631129,6,4,1,-0.9342122903501686
8456,21,830,0.263062773631129,5,4,0,0.4085949604469698
8457,21,830,0.263062773631129,5,4,1,0.293529467250573
8458,21,830,0.263062773631129,4,2,0,0.1567534011439587
8459,21,830,0.263062773631129,6,1,1,-1.2156354023814837
8460,21,830,0.263062773631129,5,8,0,-0.9975276615493398
8461,21,830,0.263062773631129,6,8,0,0.2490128385144704
8462,21,830,0.263062773631129,5,4,1,-1.085857727676573
8463,21,830,0.263062773631129,5,4,0,0.4131129068059313
8464,21,830,0.263062773631129,4,8,0,0.8498254769149167
8465,21,830,0.263062773631129,6,4,1,-1.5820371058934797
8466,21,830,0.263062773631129,7,4,1,0.189861923963227
8467,21,830,0.263062773631129,3,4,0,-0.6380740214273841
8468,21,830,0.263062773631129,6,3,0,-1.079203580642034
8469,21,830,0.263062773631129,2,4,0,-1.2581226031434831
8470,21,830,0.263062773631129,6,2,1,0.3482958456304471
8471,21,830,0.263062773631129,2,8,0,-0.7734328588503433
8472,21,830,0.263062773631129,5,8,0,-1.6246577527598605
8473,21,830,0.263062773631129,6,2,0,-0.1787992300139783
8474,21,830,0.263062773631129,5,8,0,-1.0234539130066838
8475,21,830,0.263062773631129,5,1,1,0.1240032673819955
8476,21,830,0.263062773631129,6,1,1,0.1343206608708519
8477,21,830,0.263062773631129,6,4,1,0.615566555493671
8478,21,830,0.263062773631129,5,1,0,0.3261136384811388
8479,21,830,0.263062773631129,6,8,1,0.7871075783147764
8480,21,830,0.263062773631129,7,8,0,-0.2947069853034594
8481,21,830,0.263062773631129,6,8,1,-0.0962916044504378
8482,21,830,0.263062773631129,5,8,0,-1.475894257571237
8483,21,830,0.263062773631129,6,2,0,-0.4313536664514308
8484,21,830,0.263062773631129,5,4,1,-1.1122173902049246
8485,21,830,0.263062773631129,4,8,0,-0.7819287011226581
8486,21,830,0.263062773631129,5,5,1,0.2294773257672156
8487,21,830,0.263062773631129,7,8,0,1.0407335147300405
8488,21,830,0.263062773631129,6,4,0,0.1248956957982873
8489,20,710,-0.230804306213884,5,4,0,0.9589378661934732
8490,20,710,-0.230804306213884,3,8,0,-0.2590365274529189
8491,20,710,-0.230804306213884,5,4,1,0.7793367644997885
8492,20,710,-0.230804306213884,7,5,0,1.3255122558279255
8493,20,710,-0.230804306213884,7,5,0,1.0232020993093356
8494,20,710,-0.230804306213884,6,8,1,1.321831798200294
8495,20,710,-0.230804306213884,6,1,1,0.6409851111065897
8496,20,710,-0.230804306213884,5,2,0,-0.7840998438351116
8497,20,710,-0.230804306213884,5,5,1,0.631210015258094
8498,20,710,-0.230804306213884,7,2,0,1.4457263013970671
8499,20,710,-0.230804306213884,6,4,1,0.0883355895398718
8500,20,710,-0.230804306213884,7,4,1,-0.0955257185991537
8501,20,710,-0.230804306213884,7,2,0,1.348576527346358
8502,20,710,-0.230804306213884,7,1,0,1.300485491195719
8503,20,710,-0.230804306213884,6,8,0,-0.4927056128342703
8504,20,710,-0.230804306213884,6,4,1,-0.5827858964286879
8505,20,710,-0.230804306213884,6,4,1,1.0335925596951063
8506,20,710,-0.230804306213884,3,8,0,-1.0439818885416146
8507,20,710,-0.230804306213884,5,8,1,1.3719705758389311
8508,20,710,-0.230804306213884,7,4,1,0.4935290547158089
8509,20,710,-0.230804306213884,5,4,0,-1.3628149501616549
8510,20,710,-0.230804306213884,7,4,0,0.4516268335699986
8511,20,710,-0.230804306213884,5,4,0,-0.9084728277633708
8512,20,710,-0.230804306213884,6,4,1,0.8466554804480119
8513,20,710,-0.230804306213884,4,4,0,-0.8219228986034977
8514,20,710,-0.230804306213884,5,8,0,0.0875797671838788
8515,20,710,-0.230804306213884,6,4,0,-0.6369592228843005
8516,20,710,-0.230804306213884,6,4,0,0.0944828862845237
8517,20,710,-0.230804306213884,3,4,0,-1.703947526358521
8518,20,710,-0.230804306213884,7,8,0,0.7214779118531741
8519,20,710,-0.230804306213884,6,8,1,-0.1964665821616995
8520,20,710,-0.230804306213884,5,4,0,-0.1362905928517379
8521,20,710,-0.230804306213884,4,4,0,-0.4650003036059525
8522,20,710,-0.230804306213884,6,4,1,-0.99799691527939
8523,20,710,-0.230804306213884,6,4,1,0.1486973970462073
8524,20,710,-0.230804306213884,6,8,1,0.9148300685122984
8525,20,710,-0.230804306213884,6,4,1,-0.9367482173450254
8526,20,710,-0.230804306213884,5,8,0,1.3598490925485038
8527,20,710,-0.230804306213884,6,4,1,0.9115725880709592
8528,20,710,-0.230804306213884,6,4,1,2.3140185265407034
8529,20,710,-0.230804306213884,7,4,0,0.7367031073157062
8530,20,710,-0.230804306213884,7,4,1,0.8446706418074849
8531,20,710,-0.230804306213884,6,4,1,-0.0569216104846344
8532,20,710,-0.230804306213884,3,2,0,-0.7167774179476402
8533,20,710,-0.230804306213884,6,2,0,-0.7589872876558569
8534,20,710,-0.230804306213884,6,4,0,1.1046626648901414
8535,20,710,-0.230804306213884,1,4,0,-0.7218047774499897
8536,20,710,-0.230804306213884,5,4,0,-1.251414288833934
8537,20,710,-0.230804306213884,4,4,0,0.9919279129903694
8538,20,710,-0.230804306213884,6,8,0,-0.862908807836572
8539,20,710,-0.230804306213884,6,4,1,0.7404801584352105
8540,20,710,-0.230804306213884,7,4,0,0.6819303338911961
8541,20,710,-0.230804306213884,5,8,0,0.1727920218338559
8542,20,710,-0.230804306213884,7,8,1,1.4068341682477823
8543,20,710,-0.230804306213884,4,4,0,-0.1716772928517453
8544,20,710,-0.230804306213884,5,4,0,-0.2815156395431366
8545,20,710,-0.230804306213884,6,5,1,0.572926830431046
8546,20,710,-0.230804306213884,5,2,0,1.8758811461817249
8547,20,710,-0.230804306213884,5,4,0,-0.8901084724810323
8548,20,710,-0.230804306213884,5,1,1,-1.3701472395061676
8549,20,710,-0.230804306213884,6,4,0,0.6886660834552132
8550,20,710,-0.230804306213884,5,4,0,-1.0856824653332051
8551,20,710,-0.230804306213884,6,4,0,0.6784578200313033
8552,20,710,-0.230804306213884,7,4,0,0.7614190148410849
8553,20,710,-0.230804306213884,5,4,0,-0.1050433280487653
8554,20,710,-0.230804306213884,6,4,0,0.8515794917410243
8555,20,710,-0.230804306213884,5,4,0,1.497175696616568
8556,20,710,-0.230804306213884,7,4,0,1.392925149877711
8557,20,710,-0.230804306213884,7,4,0,1.9755942396301989
8558,20,710,-0.230804306213884,5,4,1,-0.368971765659916
8559,20,710,-0.230804306213884,6,4,0,0.3312221655442457
8560,20,710,-0.230804306213884,6,4,1,1.8016310495896288
8561,20,710,-0.230804306213884,5,2,0,-0.9576606014667898
8562,20,710,-0.230804306213884,5,4,0,-0.3408434010891493
8563,20,710,-0.230804306213884,6,4,0,-0.5556205779957335
8564,20,710,-0.230804306213884,6,4,0,0.3128068217998585
8565,20,710,-0.230804306213884,7,4,0,1.526907751159028
8566,20,710,-0.230804306213884,6,4,1,-1.3081534565997728
8567,20,710,-0.230804306213884,6,4,0,-0.0629615964908415
8568,20,710,-0.230804306213884,7,2,0,1.4981130107354137
8569,20,710,-0.230804306213884,6,4,0,0.1286923303744762
8570,20,710,-0.230804306213884,5,4,0,0.0115869543434475
8571,20,710,-0.230804306213884,6,4,0,0.2976798979811923
8572,20,710,-0.230804306213884,5,2,0,1.14224681951694
8573,20,710,-0.230804306213884,6,4,0,0.7771772536269103
8574,20,710,-0.230804306213884,6,4,0,0.1824621561701379
8575,20,710,-0.230804306213884,7,4,0,0.2482413562907347
8576,20,710,-0.230804306213884,7,4,0,2.341690701238577
8577,20,710,-0.230804306213884,6,4,0,0.3817805201888172
8578,20,710,-0.230804306213884,5,5,1,0.290257609427397
8579,20,710,-0.230804306213884,4,4,0,-0.3071283760336614
8580,20,710,-0.230804306213884,6,4,0,0.2294597077049715
8581,20,710,-0.230804306213884,7,8,0,-0.3822254436221952
8582,20,710,-0.230804306213884,6,2,0,0.2506461273150154
8583,20,710,-0.230804306213884,7,4,1,1.3910474372262909
8584,20,710,-0.230804306213884,6,4,0,0.6136492859021131
8585,20,710,-0.230804306213884,6,4,1,0.0880625594524192
8586,20,710,-0.230804306213884,4,8,0,0.7061908725436876
8587,20,710,-0.230804306213884,6,4,0,0.0134518423353009
8588,20,710,-0.230804306213884,5,2,1,1.456168177724957
8589,20,710,-0.230804306213884,3,1,0,0.2905229995425811
8590,20,710,-0.230804306213884,5,2,0,-0.2445028603577859
8591,20,710,-0.230804306213884,6,4,0,0.8316894712883532
8592,20,710,-0.230804306213884,3,4,0,-1.069679781432277
8593,20,710,-0.230804306213884,1,8,0,-0.3257944845254867
8594,20,710,-0.230804306213884,5,8,0,-0.8201647654049904
8595,20,710,-0.230804306213884,4,8,1,-0.2749178653680551
8596,20,710,-0.230804306213884,5,4,1,-0.0433378472110896
8597,20,710,-0.230804306213884,7,4,1,0.65896382351524
8598,20,710,-0.230804306213884,6,8,1,2.4729087767166047
8599,20,710,-0.230804306213884,2,8,0,-0.1302637082857268
8600,20,710,-0.230804306213884,3,4,0,-1.3371009146251531
8601,19,490,-0.159601571806463,6,4,0,-0.2857566862281242
8602,19,490,-0.159601571806463,5,4,1,-0.4204871794991039
8603,19,490,-0.159601571806463,6,4,0,0.6192303354543831
8604,19,490,-0.159601571806463,5,4,1,0.1430465602148018
8605,19,490,-0.159601571806463,7,4,1,1.0789038264341446
8606,19,490,-0.159601571806463,5,8,0,-0.4998788367256624
8607,19,490,-0.159601571806463,7,4,1,-0.1485685895530019
8608,19,490,-0.159601571806463,6,4,0,0.6227215265935779
8609,19,490,-0.159601571806463,5,8,0,-0.8007031698677426
8610,19,490,-0.159601571806463,6,8,0,1.0001475577230337
8611,19,490,-0.159601571806463,5,2,0,0.5625877416723529
8612,19,490,-0.159601571806463,5,4,0,-1.1676080304965966
8613,19,490,-0.159601571806463,6,4,1,1.4945867928290897
8614,19,490,-0.159601571806463,7,5,1,2.3275560534761777
8615,19,490,-0.159601571806463,7,8,0,1.8981071592121568
8616,19,490,-0.159601571806463,6,4,0,0.5086918271896748
8617,19,490,-0.159601571806463,6,2,0,0.1482708962112496
8618,19,490,-0.159601571806463,5,4,0,0.8173755960747183
8619,19,490,-0.159601571806463,6,4,0,-0.0446044852041576
8620,19,490,-0.159601571806463,7,4,0,1.5792601955141372
8621,19,490,-0.159601571806463,5,8,0,0.6622873714398237
8622,19,490,-0.159601571806463,6,4,0,0.6291227668372141
8623,19,490,-0.159601571806463,6,4,0,1.3445878118886987
8624,19,490,-0.159601571806463,5,8,1,-0.0372043920877394
8625,19,490,-0.159601571806463,6,4,0,0.8244655770400131
8626,19,490,-0.159601571806463,6,4,0,-0.0023004855441239
8627,19,490,-0.159601571806463,2,2,0,0.1534062716091113
8628,19,490,-0.159601571806463,2,8,0,0.1213357266906526
8629,19,490,-0.159601571806463,5,4,0,-0.6570077573457455
8630,19,490,-0.159601571806463,6,4,0,0.612504555779556
8631,19,490,-0.159601571806463,2,8,0,-1.328777584876825
8632,19,490,-0.159601571806463,7,4,1,1.515948303724766
8633,19,490,-0.159601571806463,6,4,0,1.5967077236133285
8634,19,490,-0.159601571806463,6,4,1,1.365607233370187
8635,19,490,-0.159601571806463,5,4,0,-0.1558518259209292
8636,19,490,-0.159601571806463,5,4,0,0.829483255775381
8637,19,490,-0.159601571806463,6,5,1,-0.680127607515802
8638,19,490,-0.159601571806463,5,4,1,0.6260759118146135
8639,19,490,-0.159601571806463,6,4,0,0.8277548632688916
8640,19,490,-0.159601571806463,7,4,0,1.5005129418687873
8641,19,490,-0.159601571806463,7,4,1,1.1162479898924609
8642,19,490,-0.159601571806463,6,8,1,0.8417807257285028
8643,19,490,-0.159601571806463,6,4,0,2.077804705368677
8644,19,490,-0.159601571806463,5,4,0,-1.4957432353734648
8645,19,490,-0.159601571806463,6,4,0,0.4214596284146222
8646,19,490,-0.159601571806463,3,8,0,-0.5593951216384309
8647,19,490,-0.159601571806463,5,4,0,-2.150771153077393
8648,19,490,-0.159601571806463,5,8,1,-0.0817487259985819
8649,19,490,-0.159601571806463,5,4,0,-0.9650400627202632
8650,19,490,-0.159601571806463,6,4,1,0.0069561751691596
8651,19,490,-0.159601571806463,7,4,1,3.0417408423675933
8652,19,490,-0.159601571806463,6,4,0,0.1314751359874706
8653,19,490,-0.159601571806463,6,4,0,0.3616679735958634
8654,19,490,-0.159601571806463,5,4,0,-0.440566014088432
8655,19,490,-0.159601571806463,6,4,0,0.2249647543189693
8656,19,490,-0.159601571806463,5,4,0,-0.2271114973592055
8657,19,490,-0.159601571806463,5,4,0,-0.2461743443881457
8658,19,490,-0.159601571806463,6,4,0,2.1147978982352784
8659,19,490,-0.159601571806463,3,6,0,0.0370441900795515
8660,19,490,-0.159601571806463,3,4,0,-0.310208047472461
8661,19,490,-0.159601571806463,7,4,0,2.1027497130725785
8662,19,490,-0.159601571806463,5,4,0,-0.1061058892994588
8663,19,490,-0.159601571806463,5,8,0,-0.1185812966300836
8664,19,490,-0.159601571806463,4,4,0,-1.0169888776957414
8665,19,490,-0.159601571806463,6,4,1,-0.3181302008307528
8666,19,490,-0.159601571806463,6,8,0,2.020332181514076
8667,19,490,-0.159601571806463,6,4,0,1.0745653469534853
8668,19,490,-0.159601571806463,7,4,1,0.9613774080213776
8669,19,490,-0.159601571806463,6,4,1,-0.4583968933193636
8670,19,490,-0.159601571806463,3,4,0,-1.431124264186446
8671,19,490,-0.159601571806463,6,4,0,1.946882505634643
8672,18,655,1.03737289602558,5,4,0,-0.627126013809055
8673,18,655,1.03737289602558,5,8,1,1.060243388683485
8674,18,655,1.03737289602558,7,8,0,0.984368655341037
8675,18,655,1.03737289602558,7,8,1,-0.3693772785498027
8676,18,655,1.03737289602558,3,8,0,-0.848137388178766
8677,18,655,1.03737289602558,5,1,0,-0.9897786626080246
8678,18,655,1.03737289602558,4,1,0,-0.3635475416864079
8679,18,655,1.03737289602558,2,8,0,-0.4769758346028221
8680,18,655,1.03737289602558,4,1,0,-2.2692234867853176
8681,18,655,1.03737289602558,6,1,0,-0.8665382568594352
8682,18,655,1.03737289602558,5,4,0,-0.8115313797255546
8683,18,655,1.03737289602558,7,4,0,-0.4703866105041469
8684,18,655,1.03737289602558,6,1,0,0.3419452639099753
8685,18,655,1.03737289602558,6,8,1,-0.0753986600147701
8686,18,655,1.03737289602558,6,4,0,0.520379937555388
8687,18,655,1.03737289602558,4,1,0,0.3933695727340223
8688,18,655,1.03737289602558,6,1,0,1.2032743386006943
8689,18,655,1.03737289602558,5,4,0,-1.924154103227348
8690,18,655,1.03737289602558,5,1,1,-0.2384084844490088
8691,18,655,1.03737289602558,2,4,0,-0.0773189941813402
8692,18,655,1.03737289602558,5,4,0,0.2572311032926929
8693,18,655,1.03737289602558,6,1,0,1.716068922526081
8694,18,655,1.03737289602558,5,1,1,-0.6014375118811427
8695,18,655,1.03737289602558,6,4,0,1.249690353684311
8696,18,655,1.03737289602558,6,8,0,-1.3800585087141184
8697,18,655,1.03737289602558,5,1,1,-0.069313172812841
8698,18,655,1.03737289602558,6,8,0,1.3648637926995983
8699,18,655,1.03737289602558,6,8,1,0.7490197590160096
8700,18,655,1.03737289602558,5,8,0,-1.934518153321611
8701,18,655,1.03737289602558,2,1,0,-0.8980466414703256
8702,18,655,1.03737289602558,4,4,0,-0.1945147539226943
8703,18,655,1.03737289602558,7,4,1,0.6655628945118298
8704,18,655,1.03737289602558,4,8,0,-0.8345726497377806
8705,18,655,1.03737289602558,4,4,0,0.4368285793328486
8706,18,655,1.03737289602558,5,4,0,-1.3841380730730397
8707,18,655,1.03737289602558,5,8,0,0.2130365969753017
8708,18,655,1.03737289602558,5,8,0,-0.6296128162078626
8709,18,655,1.03737289602558,5,1,0,0.2698863499950797
8710,18,655,1.03737289602558,6,1,0,1.317368485627088
8711,18,655,1.03737289602558,3,8,0,-1.6407885684654318
8712,18,655,1.03737289602558,5,1,0,-0.1437816113836403
8713,18,655,1.03737289602558,6,1,0,1.3362311648176588
8714,18,655,1.03737289602558,6,4,0,1.366604490850691
8715,18,655,1.03737289602558,6,2,0,0.7246716336799631
8716,18,655,1.03737289602558,5,1,0,-0.2072389599094272
8717,18,655,1.03737289602558,5,8,0,0.18760528895792
8718,18,655,1.03737289602558,3,4,0,-0.9257285145433424
8719,18,655,1.03737289602558,6,1,0,0.3591889381347103
8720,18,655,1.03737289602558,5,1,0,0.1126290776590338
8721,18,655,1.03737289602558,7,4,0,0.9980978199115677
8722,18,655,1.03737289602558,6,1,0,1.0651533631951715
8723,18,655,1.03737289602558,4,4,0,-1.335353045378748
8724,18,655,1.03737289602558,5,8,1,-0.3550958375366122
8725,18,655,1.03737289602558,4,4,0,0.1180780039235378
8726,18,655,1.03737289602558,6,1,1,0.221386107582029
8727,18,655,1.03737289602558,6,1,0,0.992400948543214
8728,18,655,1.03737289602558,6,4,1,0.4961583017778612
8729,18,655,1.03737289602558,6,8,0,-0.0398586105952636
8730,18,655,1.03737289602558,5,4,0,-0.6450108968597711
8731,18,655,1.03737289602558,6,1,0,0.9363748989011323
8732,18,655,1.03737289602558,4,4,0,-0.9057065151273904
8733,18,655,1.03737289602558,5,8,0,-1.1780963332772758
8734,18,655,1.03737289602558,6,8,0,-0.6836005289381426
8735,18,655,1.03737289602558,3,1,0,-2.296029077113156
8736,18,655,1.03737289602558,6,8,0,-0.146809213918666
8737,18,655,1.03737289602558,4,8,0,-0.0671722692359739
8738,18,655,1.03737289602558,7,1,1,0.6736273557844037
8739,18,655,1.03737289602558,5,4,0,0.3435321578278277
8740,18,655,1.03737289602558,6,1,1,0.0722658918165497
8741,18,655,1.03737289602558,5,4,0,-0.1980806751769379
8742,18,655,1.03737289602558,6,1,0,0.4226743331153079
8743,18,655,1.03737289602558,5,1,1,1.6662816664135034
8744,18,655,1.03737289602558,7,8,0,0.6406467060173501
8745,18,655,1.03737289602558,5,4,0,-1.4247279811905464
8746,18,655,1.03737289602558,5,4,0,-0.3034532588105467
8747,18,655,1.03737289602558,4,1,0,-0.5498829733446001
8748,18,655,1.03737289602558,5,1,0,0.7586703953449484
8749,18,655,1.03737289602558,5,8,0,-0.9754429047732556
8750,18,655,1.03737289602558,5,8,1,1.919562546932453
8751,18,655,1.03737289602558,5,1,0,-1.3961149810281397
8752,18,655,1.03737289602558,6,4,0,0.9425029845526096
8753,18,655,1.03737289602558,5,1,0,0.8828041139958244
8754,18,655,1.03737289602558,5,5,0,1.2095290871891462
8755,18,655,1.03737289602558,4,8,0,-1.460657470330695
8756,18,655,1.03737289602558,6,4,1,0.0633562906502747
8757,18,655,1.03737289602558,4,2,0,1.3579406416225244
8758,18,655,1.03737289602558,5,4,0,-0.7175966764075511
8759,18,655,1.03737289602558,5,4,0,-0.176466977226248
8760,18,655,1.03737289602558,6,1,0,0.5408133294131433
8761,18,655,1.03737289602558,6,1,0,-0.1680466043424204
8762,18,655,1.03737289602558,3,8,1,0.5067338772969829
8763,18,655,1.03737289602558,5,4,0,-0.5592916889827717
8764,18,655,1.03737289602558,6,4,0,-0.3759237246581212
8765,18,655,1.03737289602558,5,1,0,-0.8557935045984906
8766,18,655,1.03737289602558,5,8,0,-0.0682592452571987
8767,18,655,1.03737289602558,6,4,0,-0.0493464020299584
8768,18,655,1.03737289602558,6,1,0,-0.1508677013023336
8769,18,655,1.03737289602558,6,1,0,0.7882275515481659
8770,18,655,1.03737289602558,6,8,0,0.7420057855949733
8771,18,655,1.03737289602558,5,1,0,-0.2779252854264976
8772,18,655,1.03737289602558,6,1,0,0.5980763074575131
8773,18,655,1.03737289602558,5,1,0,0.1200297334583797
8774,18,655,1.03737289602558,5,4,0,-0.2907191201697811
8775,18,655,1.03737289602558,4,1,0,0.808756919161114
8776,18,655,1.03737289602558,6,1,0,0.8660640714536
8777,18,655,1.03737289602558,5,8,1,-0.0995425609436155
8778,18,655,1.03737289602558,5,1,0,0.8858036831427066
8779,18,655,1.03737289602558,6,8,0,-0.142354216282152
8780,18,655,1.03737289602558,5,4,0,-1.0816886820754028
8781,18,655,1.03737289602558,7,1,1,0.7111154583982701
8782,18,655,1.03737289602558,5,1,0,0.4566990280435567
8783,18,655,1.03737289602558,4,1,1,0.8140017427296287
8784,18,655,1.03737289602558,5,1,0,0.4418570490239795
8785,18,655,1.03737289602558,5,4,0,-0.204781449507952
8786,18,655,1.03737289602558,3,4,0,-1.300189889302975
8787,18,655,1.03737289602558,5,2,0,-0.071064690851772
8788,18,655,1.03737289602558,6,4,1,-0.3089413227202889
8789,18,655,1.03737289602558,4,4,1,-0.3580503958514391
8790,18,655,1.03737289602558,5,8,0,-0.599149437663687
8791,18,655,1.03737289602558,5,4,0,-0.5775416433177413
8792,18,655,1.03737289602558,3,4,1,0.9229084379415547
8793,18,655,1.03737289602558,5,8,0,0.2896127952877114
8794,18,655,1.03737289602558,3,4,1,0.5321302615097382
8795,18,655,1.03737289602558,4,8,0,-1.8268316568734877
8796,18,655,1.03737289602558,5,4,0,-0.5881662262996414
8797,17,559,1.04399777581003,6,1,0,1.8540949965350315
8798,17,559,1.04399777581003,6,4,0,-0.448128530448623
8799,17,559,1.04399777581003,6,4,1,0.6734891450677003
8800,17,559,1.04399777581003,3,8,0,0.307824199281534
8801,17,559,1.04399777581003,7,8,1,0.9619647704488616
8802,17,559,1.04399777581003,3,4,0,0.2778648775371943
8803,17,559,1.04399777581003,4,4,0,-1.736764457056588
8804,17,559,1.04399777581003,6,8,0,-0.1848757432486953
8805,17,559,1.04399777581003,4,1,0,0.2248934961364989
8806,17,559,1.04399777581003,5,2,0,-0.8794405940377383
8807,17,559,1.04399777581003,3,8,0,0.8736018564683792
8808,17,559,1.04399777581003,6,1,1,-0.2381905713687799
8809,17,559,1.04399777581003,7,8,0,1.2757159958252484
8810,17,559,1.04399777581003,6,1,1,1.0731243741651226
8811,17,559,1.04399777581003,1,1,0,-1.615090929326033
8812,17,559,1.04399777581003,6,1,0,0.2240642009413418
8813,17,559,1.04399777581003,6,4,1,0.3225974368638032
8814,17,559,1.04399777581003,5,1,0,-2.018658038935138
8815,17,559,1.04399777581003,5,1,0,0.9051938280111396
8816,17,559,1.04399777581003,1,4,0,0.7134905742748056
8817,17,559,1.04399777581003,6,4,0,0.625707231375005
8818,17,559,1.04399777581003,5,8,0,1.5654439151814203
8819,17,559,1.04399777581003,6,1,0,1.0722559947646226
8820,17,559,1.04399777581003,7,1,0,0.2961635926317025
8821,17,559,1.04399777581003,6,1,1,0.3383959286823214
8822,17,559,1.04399777581003,3,8,0,0.9262289030997226
8823,17,559,1.04399777581003,5,1,0,-0.1546263881389833
8824,17,559,1.04399777581003,5,8,0,0.7959464434755248
8825,17,559,1.04399777581003,5,4,0,0.1826294007034987
8826,17,559,1.04399777581003,5,4,0,-1.1321127197967449
8827,17,559,1.04399777581003,5,1,0,-0.2362870997799296
8828,17,559,1.04399777581003,5,1,0,-0.3408887786900974
8829,17,559,1.04399777581003,4,8,0,0.5752097249579596
8830,17,559,1.04399777581003,4,4,0,0.652371709154122
8831,17,559,1.04399777581003,4,4,0,0.3861229538209555
8832,17,559,1.04399777581003,3,1,0,-0.7508691323623566
8833,17,559,1.04399777581003,5,8,0,-1.1065371535405095
8834,17,559,1.04399777581003,6,1,1,-1.1199919850736748
8835,17,559,1.04399777581003,7,1,0,0.5209812613633344
8836,17,559,1.04399777581003,6,4,0,0.2599702693544571
8837,17,559,1.04399777581003,4,8,1,-0.2031040946918011
8838,17,559,1.04399777581003,6,4,0,1.544708790560074
8839,17,559,1.04399777581003,7,8,1,1.4167195313025265
8840,17,559,1.04399777581003,5,4,0,0.5430897179798528
8841,17,559,1.04399777581003,6,4,0,0.3943118326563595
8842,17,559,1.04399777581003,5,1,0,-0.1039619963050745
8843,17,559,1.04399777581003,4,4,0,-1.6992433655403334
8844,17,559,1.04399777581003,6,1,0,1.7608738043450485
8845,17,559,1.04399777581003,6,1,1,0.3238389143716866
8846,17,559,1.04399777581003,6,4,0,-0.3926646394126274
8847,17,559,1.04399777581003,6,4,1,0.5721466111291402
8848,17,559,1.04399777581003,4,4,0,1.589645886611456
8849,17,559,1.04399777581003,6,8,1,1.091819789342821
8850,17,559,1.04399777581003,5,5,0,0.9255989572315816
8851,17,559,1.04399777581003,5,8,0,-0.8479055208618698
8852,17,559,1.04399777581003,6,4,0,1.3119363119059686
8853,17,559,1.04399777581003,6,4,0,-1.157366721310226
8854,17,559,1.04399777581003,4,8,0,-0.4775870768060696
8855,17,559,1.04399777581003,5,4,0,-1.2795356509039904
8856,17,559,1.04399777581003,5,4,0,-0.4829381699380939
8857,17,559,1.04399777581003,4,8,0,0.9697289427286404
8858,17,559,1.04399777581003,7,4,1,0.8942202001625521
8859,17,559,1.04399777581003,6,4,0,0.081614969911005
8860,17,559,1.04399777581003,5,4,0,-0.2416289643124032
8861,17,559,1.04399777581003,5,8,0,1.7983749912186662
8862,17,559,1.04399777581003,1,4,0,-0.4034822748275414
8863,17,559,1.04399777581003,5,8,0,-0.1066162849184255
8864,17,559,1.04399777581003,6,4,0,-0.9422514819952484
8865,17,559,1.04399777581003,5,3,0,-1.3369943003121756
8866,17,559,1.04399777581003,4,8,0,0.1272607941151584
8867,17,559,1.04399777581003,3,8,0,-1.615295086355849
8868,17,559,1.04399777581003,5,4,0,0.6675623653344599
8869,17,559,1.04399777581003,2,8,0,-0.4051358798169206
8870,17,559,1.04399777581003,4,8,0,-0.5269249056560996
8871,17,559,1.04399777581003,7,8,0,1.7292630765725991
8872,17,559,1.04399777581003,4,4,1,-0.1897020961802355
8873,17,559,1.04399777581003,6,4,0,-0.3424154987675595
8874,17,559,1.04399777581003,7,8,1,0.0684292912290852
8875,17,559,1.04399777581003,6,1,0,1.0768404960219184
8876,17,559,1.04399777581003,6,1,0,0.1819926612500492
8877,17,559,1.04399777581003,5,8,0,0.0020571842732185
8878,17,559,1.04399777581003,5,8,1,0.5288191820534377
8879,17,559,1.04399777581003,5,5,0,1.3058095902895708
8880,16,1014,-0.982273846102374,6,4,1,-0.7485566767119024
8881,16,1014,-0.982273846102374,4,8,0,-0.3075125350904831
8882,16,1014,-0.982273846102374,6,8,1,0.8229762932781516
8883,16,1014,-0.982273846102374,6,8,0,-0.2699572225845127
8884,16,1014,-0.982273846102374,6,2,1,0.169981025077772
8885,16,1014,-0.982273846102374,4,2,1,0.0644983312212231
8886,16,1014,-0.982273846102374,5,4,0,0.9582176497133184
8887,16,1014,-0.982273846102374,6,4,1,-0.0762963497822409
8888,16,1014,-0.982273846102374,6,4,1,-0.1408478767063155
8889,16,1014,-0.982273846102374,5,1,1,-1.1754601431651486
8890,16,1014,-0.982273846102374,5,1,0,-0.0535632160119943
8891,16,1014,-0.982273846102374,4,2,0,-1.3426731927543707
8892,16,1014,-0.982273846102374,5,4,1,-0.7500933495972921
8893,16,1014,-0.982273846102374,6,2,1,-0.3700513016490077
8894,16,1014,-0.982273846102374,4,2,1,-0.6347332377889313
8895,16,1014,-0.982273846102374,5,8,0,-0.1032159122227072
8896,16,1014,-0.982273846102374,6,4,1,-1.1295323120075018
8897,16,1014,-0.982273846102374,5,2,1,-1.022634778630269
8898,16,1014,-0.982273846102374,4,2,1,-0.9346017796010864
8899,16,1014,-0.982273846102374,4,4,0,-1.8711234389769649
8900,16,1014,-0.982273846102374,5,6,0,-0.6172386117827507
8901,16,1014,-0.982273846102374,6,8,0,1.3348033243809851
8902,16,1014,-0.982273846102374,5,8,0,-0.1434626042675072
8903,16,1014,-0.982273846102374,5,8,0,1.460903409114585
8904,16,1014,-0.982273846102374,6,2,1,0.3483411070280924
8905,16,1014,-0.982273846102374,5,8,1,-0.8594211985377951
8906,16,1014,-0.982273846102374,5,4,1,-0.8179795514998227
8907,16,1014,-0.982273846102374,6,5,0,0.9701726269972648
8908,16,1014,-0.982273846102374,5,4,0,-0.4608436516178656
8909,16,1014,-0.982273846102374,5,1,1,0.3171085944590806
8910,16,1014,-0.982273846102374,5,4,1,0.9344744940743356
8911,16,1014,-0.982273846102374,4,8,1,-0.5637036751802786
8912,16,1014,-0.982273846102374,6,8,0,-0.1122920656278579
8913,16,1014,-0.982273846102374,5,2,1,-0.1868953939778005
8914,16,1014,-0.982273846102374,7,8,1,2.223330804579611
8915,16,1014,-0.982273846102374,6,8,0,-0.2748807489604792
8916,16,1014,-0.982273846102374,6,2,1,-1.087184919735796
8917,16,1014,-0.982273846102374,6,2,0,0.5122841084790679
8918,16,1014,-0.982273846102374,5,4,0,-0.6885804853762418
8919,16,1014,-0.982273846102374,5,8,0,-0.317005231675693
8920,16,1014,-0.982273846102374,6,4,1,1.9558000386951
8921,16,1014,-0.982273846102374,6,4,0,-1.145315732173407
8922,16,1014,-0.982273846102374,5,4,1,1.028342483295852
8923,16,1014,-0.982273846102374,6,8,1,1.1708521089818116
8924,16,1014,-0.982273846102374,5,4,0,0.1919111312021556
8925,16,1014,-0.982273846102374,6,8,1,0.2342515852548802
8926,16,1014,-0.982273846102374,6,4,0,0.4245172703916333
8927,16,1014,-0.982273846102374,5,8,0,-0.3379644029876588
8928,16,1014,-0.982273846102374,5,4,0,-1.588754468195991
8929,16,1014,-0.982273846102374,5,2,1,-0.6659367090348431
8930,16,1014,-0.982273846102374,6,4,1,0.2291507151388573
8931,16,1014,-0.982273846102374,6,4,0,1.6764011697556993
8932,16,1014,-0.982273846102374,6,4,1,0.2748955779305071
8933,16,1014,-0.982273846102374,5,4,0,0.0318090373453426
8934,16,1014,-0.982273846102374,4,4,0,-0.6493452313368407
8935,16,1014,-0.982273846102374,6,2,1,0.3969469884649287
8936,16,1014,-0.982273846102374,6,1,1,0.3202148875012811
8937,16,1014,-0.982273846102374,5,1,1,0.2941446647242345
8938,16,1014,-0.982273846102374,5,2,1,1.140119706618072
8939,16,1014,-0.982273846102374,5,1,1,-0.3057770102750693
8940,16,1014,-0.982273846102374,7,4,0,0.6072027867643134
8941,16,1014,-0.982273846102374,5,1,1,0.4614673860163774
8942,16,1014,-0.982273846102374,5,5,0,-0.0578197135864272
8943,16,1014,-0.982273846102374,5,4,1,-0.6377304217135285
8944,16,1014,-0.982273846102374,6,1,1,0.384539508334771
8945,16,1014,-0.982273846102374,6,4,1,0.0671195919766578
8946,16,1014,-0.982273846102374,4,8,0,-0.7980553609110228
8947,16,1014,-0.982273846102374,5,4,0,0.3138313611125862
8948,16,1014,-0.982273846102374,6,8,1,1.2874057440403963
8949,16,1014,-0.982273846102374,3,8,0,-0.0529790839898266
8950,16,1014,-0.982273846102374,6,4,0,0.0693962084412514
8951,16,1014,-0.982273846102374,5,4,1,-0.6003437058372703
8952,16,1014,-0.982273846102374,7,4,1,0.5255045773127972
8953,16,1014,-0.982273846102374,3,4,0,-0.775591917126803
8954,16,1014,-0.982273846102374,5,4,1,-0.0269582615795746
8955,16,1014,-0.982273846102374,5,4,0,-0.2495180123535224
8956,16,1014,-0.982273846102374,5,2,1,-0.6577466516423562
8957,16,1014,-0.982273846102374,4,2,0,-1.7588163153983292
8958,16,1014,-0.982273846102374,6,8,1,-0.2472302850115292
8959,16,1014,-0.982273846102374,6,5,0,0.6062517076887309
8960,16,1014,-0.982273846102374,6,4,1,0.2822838843994705
8961,16,1014,-0.982273846102374,6,8,0,0.3799156631951441
8962,16,1014,-0.982273846102374,6,1,1,-0.8953017901687671
8963,16,1014,-0.982273846102374,3,8,1,0.0267048963540575
8964,16,1014,-0.982273846102374,6,4,1,0.0312437488306407
8965,16,1014,-0.982273846102374,3,8,0,-0.8517151469135393
8966,16,1014,-0.982273846102374,6,2,0,0.7243704458249575
8967,16,1014,-0.982273846102374,5,8,1,-1.496448861236164
8968,16,1014,-0.982273846102374,6,4,1,0.7602599032978555
8969,16,1014,-0.982273846102374,5,2,0,0.1233592432586115
8970,16,1014,-0.982273846102374,6,4,1,0.6343051158468139
8971,16,1014,-0.982273846102374,6,4,1,0.5531855020554611
8972,16,1014,-0.982273846102374,5,8,0,-2.081422828598983
8973,16,1014,-0.982273846102374,4,8,0,-0.710245449752856
8974,16,1014,-0.982273846102374,3,2,0,-0.0068503402861011
8975,16,1014,-0.982273846102374,6,2,1,0.5784814852783011
8976,16,1014,-0.982273846102374,5,8,0,-0.0379139622882367
8977,16,1014,-0.982273846102374,5,4,0,-0.3042922517636879
8978,16,1014,-0.982273846102374,6,2,1,0.5619415420218292
8979,16,1014,-0.982273846102374,6,1,1,1.0716995303621129
8980,16,1014,-0.982273846102374,5,4,0,-0.0974313330614138
8981,16,1014,-0.982273846102374,6,4,1,-0.1780124699767614
8982,16,1014,-0.982273846102374,6,4,1,0.4329590541031731
8983,16,1014,-0.982273846102374,5,8,1,-0.0314264459199194
8984,16,1014,-0.982273846102374,6,8,1,0.502644336469984
8985,16,1014,-0.982273846102374,6,4,0,1.1632196528018994
8986,16,1014,-0.982273846102374,5,1,0,0.5147065615267145
8987,16,1014,-0.982273846102374,5,8,0,-0.4268986321915428
8988,16,1014,-0.982273846102374,4,4,0,-1.6234212093778415
8989,16,1014,-0.982273846102374,5,4,0,-1.3332131973350216
8990,16,1014,-0.982273846102374,6,4,0,0.0571825946324878
8991,16,1014,-0.982273846102374,5,2,0,0.2224739881719668
8992,16,1014,-0.982273846102374,6,4,1,1.1844011591253378
8993,16,1014,-0.982273846102374,5,8,0,0.3429813689839993
8994,16,1014,-0.982273846102374,6,4,0,0.2322134302864436
8995,16,1014,-0.982273846102374,5,4,1,-0.0924589301008458
8996,16,1014,-0.982273846102374,5,2,1,0.6613329092237273
8997,16,1014,-0.982273846102374,6,2,1,0.2449577263535922
8998,16,1014,-0.982273846102374,5,8,0,-0.1330272505233009
8999,16,1014,-0.982273846102374,4,8,0,-0.1696134205922992
9000,16,1014,-0.982273846102374,5,8,1,-0.984592084916958
9001,16,1014,-0.982273846102374,6,4,0,0.1742550136494211
9002,16,1014,-0.982273846102374,7,8,1,1.7273149780735024
9003,16,1014,-0.982273846102374,7,8,1,-0.3261242714478062
9004,16,1014,-0.982273846102374,7,4,1,2.028161725734938
9005,16,1014,-0.982273846102374,4,8,1,0.4217339494246246
9006,16,1014,-0.982273846102374,7,8,0,0.239775259698861
9007,16,1014,-0.982273846102374,5,4,1,-0.7872137528145341
9008,16,1014,-0.982273846102374,6,4,0,-0.1637559746114582
9009,16,1014,-0.982273846102374,6,2,0,0.2948021130621971
9010,16,1014,-0.982273846102374,5,4,1,0.9768212157636422
9011,16,1014,-0.982273846102374,6,4,1,0.150754792327167
9012,16,1014,-0.982273846102374,6,4,0,-0.37977242542776
9013,16,1014,-0.982273846102374,5,4,0,-1.7498264962330758
9014,16,1014,-0.982273846102374,6,4,1,-0.6409781755648556
9015,16,1014,-0.982273846102374,6,4,0,-0.7231315193095695
9016,16,1014,-0.982273846102374,5,4,1,-2.0670836905199788
9017,16,1014,-0.982273846102374,5,4,0,0.3866385048359557
9018,16,1014,-0.982273846102374,6,2,1,0.8616088336937462
9019,16,1014,-0.982273846102374,4,2,0,-0.5082175405196777
9020,16,1014,-0.982273846102374,5,4,1,0.0119961978436748
9021,16,1014,-0.982273846102374,6,1,0,0.3020875406531106
9022,16,1014,-0.982273846102374,6,1,1,0.5048935106496009
9023,16,1014,-0.982273846102374,5,4,1,0.4802553393358291
9024,16,1014,-0.982273846102374,5,2,0,-1.2472700433984305
9025,16,1014,-0.982273846102374,3,4,0,0.0215294274791903
9026,16,1014,-0.982273846102374,5,8,0,-1.010601414378957
9027,16,1014,-0.982273846102374,6,8,0,0.1331001625892711
9028,16,1014,-0.982273846102374,5,8,1,1.4632728517896496
9029,16,1014,-0.982273846102374,5,4,1,-1.0471635293782535
9030,16,1014,-0.982273846102374,5,5,1,0.9171488677019806
9031,16,1014,-0.982273846102374,6,4,1,-0.6916463427175417
9032,16,1014,-0.982273846102374,6,4,0,0.3506241809604058
9033,15,456,0.0826126264874509,7,4,1,1.7074103278821962
9034,15,456,0.0826126264874509,5,4,0,-0.0442937468891586
9035,15,456,0.0826126264874509,6,4,1,-0.4192798734032448
9036,15,456,0.0826126264874509,5,1,0,-0.3765109345175827
9037,15,456,0.0826126264874509,6,2,0,0.123696733724294
9038,15,456,0.0826126264874509,3,2,0,-1.0933999753339263
9039,15,456,0.0826126264874509,7,4,1,-0.4633759293168711
9040,15,456,0.0826126264874509,6,8,1,-0.7614581049293663
9041,15,456,0.0826126264874509,5,6,1,-0.2716530866000031
9042,15,456,0.0826126264874509,6,4,0,0.4533984292106691
9043,15,456,0.0826126264874509,4,4,0,-0.9923595111846552
9044,15,456,0.0826126264874509,5,4,1,-0.207130410547696
9045,15,456,0.0826126264874509,5,8,0,-0.3927087095654537
9046,15,456,0.0826126264874509,4,4,1,-0.4327738856165937
9047,15,456,0.0826126264874509,6,1,1,0.1432246681555642
9048,15,456,0.0826126264874509,4,1,1,-0.8499965834715189
9049,15,456,0.0826126264874509,7,4,0,-0.2970633933481382
9050,15,456,0.0826126264874509,6,8,1,-1.2173332411438695
9051,15,456,0.0826126264874509,4,2,1,-1.8669616075268916
9052,15,456,0.0826126264874509,7,1,1,-1.1925477818825982
9053,15,456,0.0826126264874509,5,2,0,-0.959303795840715
9054,15,456,0.0826126264874509,3,2,0,-1.47911099918637
9055,15,456,0.0826126264874509,4,8,0,-0.8743137951516041
9056,15,456,0.0826126264874509,6,5,1,0.6504501615237976
9057,15,456,0.0826126264874509,5,2,0,0.2151620886074805
9058,15,456,0.0826126264874509,6,8,0,0.1114291505592333
9059,15,456,0.0826126264874509,5,4,0,-1.353417608934352
9060,15,456,0.0826126264874509,5,2,0,-1.314934303982514
9061,15,456,0.0826126264874509,5,8,0,-0.0196180679908883
9062,15,456,0.0826126264874509,5,4,0,-1.5887646912434925
9063,15,456,0.0826126264874509,5,4,1,0.0461482148361867
9064,15,456,0.0826126264874509,6,4,1,0.7747304010190932
9065,15,456,0.0826126264874509,3,8,0,-0.2108767047296088
9066,15,456,0.0826126264874509,6,4,0,-0.70629092166715
9067,15,456,0.0826126264874509,6,4,0,-1.0485416060705752
9068,15,456,0.0826126264874509,5,4,0,-0.2532872845970784
9069,15,456,0.0826126264874509,6,8,0,0.3640637395908609
9070,15,456,0.0826126264874509,5,4,0,1.050156918261368
9071,15,456,0.0826126264874509,6,4,0,-0.444038399097906
9072,15,456,0.0826126264874509,6,4,0,0.5757590776259283
9073,15,456,0.0826126264874509,6,2,1,0.605244548331477
9074,15,456,0.0826126264874509,5,4,0,-1.799110115086915
9075,15,456,0.0826126264874509,5,4,0,-0.9919284191645388
9076,15,456,0.0826126264874509,5,8,0,-1.0180026611750943
9077,15,456,0.0826126264874509,6,4,0,0.5140950134728223
9078,15,456,0.0826126264874509,6,4,0,-1.4208178322664486
9079,15,456,0.0826126264874509,3,4,0,-0.2979620672455461
9080,15,456,0.0826126264874509,5,4,1,-0.2977431608458916
9081,15,456,0.0826126264874509,6,4,0,0.9984096715646856
9082,15,456,0.0826126264874509,6,4,0,0.082139026773061
9083,15,456,0.0826126264874509,7,5,0,-0.1068600923345972
9084,15,456,0.0826126264874509,5,4,0,-2.422627012291765
9085,15,456,0.0826126264874509,7,4,0,1.8203903170293847
9086,15,456,0.0826126264874509,5,4,1,-1.583321471582384
9087,15,456,0.0826126264874509,5,8,0,-1.3034085857748263
9088,15,456,0.0826126264874509,6,2,0,-0.1382128774004643
9089,15,456,0.0826126264874509,6,4,0,0.6115240433883992
9090,15,456,0.0826126264874509,6,4,1,-1.033726760178902
9091,15,456,0.0826126264874509,6,4,1,0.8193840767361394
9092,15,456,0.0826126264874509,6,4,0,0.2011067337260606
9093,15,456,0.0826126264874509,5,4,0,0.0467179304270838
9094,15,456,0.0826126264874509,5,2,0,1.385583409697819
9095,15,456,0.0826126264874509,6,4,0,-0.2066530917855371
9096,15,456,0.0826126264874509,5,4,0,-0.399337659088836
9097,15,456,0.0826126264874509,5,8,1,-0.1569838332089058
9098,15,456,0.0826126264874509,3,8,1,-0.4258118760078393
9099,15,456,0.0826126264874509,7,8,1,-1.0342231049923634
9100,15,456,0.0826126264874509,6,8,1,-0.1457527193781394
9101,15,456,0.0826126264874509,2,2,1,0.6388131782067406
9102,15,456,0.0826126264874509,3,4,0,-1.7958461187113854
9103,15,456,0.0826126264874509,6,4,0,-1.3768513293921871
9104,15,456,0.0826126264874509,2,4,0,-1.4761019795269266
9105,14,110,-0.8866614326838009,5,4,0,-1.022416605782153
9106,14,110,-0.8866614326838009,4,4,0,-1.0595770918614555
9107,14,110,-0.8866614326838009,5,4,0,-0.5335501561571295
9108,14,110,-0.8866614326838009,5,4,0,-0.206377035532169
9109,14,110,-0.8866614326838009,2,8,0,-0.8153457276195004
9110,14,110,-0.8866614326838009,6,4,1,0.6238757269004906
9111,14,110,-0.8866614326838009,5,4,1,-1.602792967342222
9112,14,110,-0.8866614326838009,5,4,0,-0.7673380933749997
9113,14,110,-0.8866614326838009,1,8,0,-0.9203680387591692
9114,14,110,-0.8866614326838009,3,4,0,-1.9770090740298645
9115,14,110,-0.8866614326838009,2,4,0,-0.2513088471781445
9116,14,110,-0.8866614326838009,5,4,0,-2.2472896347750577
9117,14,110,-0.8866614326838009,5,8,0,-1.0505291519907838
9118,14,110,-0.8866614326838009,5,4,0,-0.5750113200585895
9119,14,110,-0.8866614326838009,4,4,0,-0.6595365942419675
9120,14,110,-0.8866614326838009,5,4,1,-0.4659241802579162
9121,14,110,-0.8866614326838009,6,4,0,-0.3683396579937207
9122,14,110,-0.8866614326838009,6,4,0,-0.0699724943103854
9123,14,110,-0.8866614326838009,5,8,0,-0.1851371223139268
9124,14,110,-0.8866614326838009,5,4,0,-0.3028264019893856
9125,13,228,-1.04782184097524,5,4,0,-1.3629959042973685
9126,13,228,-1.04782184097524,6,4,0,-0.9355720392860344
9127,13,228,-1.04782184097524,5,8,0,-0.1669355518228294
9128,13,228,-1.04782184097524,6,4,0,-0.604157938458333
9129,13,228,-1.04782184097524,6,4,0,-0.4058816386536892
9130,13,228,-1.04782184097524,6,4,0,1.0754621274515783
9131,13,228,-1.04782184097524,5,4,0,-0.4497200412743269
9132,13,228,-1.04782184097524,3,4,0,-1.4499036783154933
9133,13,228,-1.04782184097524,6,4,0,-1.0638020170600002
9134,13,228,-1.04782184097524,5,4,0,-0.2453201529995606
9135,13,228,-1.04782184097524,6,4,0,0.9229415889574047
9136,13,228,-1.04782184097524,5,4,0,0.1986016447565989
9137,13,228,-1.04782184097524,5,4,1,-0.3598277558574796
9138,13,228,-1.04782184097524,6,4,0,-0.1601883782609755
9139,13,228,-1.04782184097524,5,8,1,0.0729113822326576
9140,13,228,-1.04782184097524,6,4,1,-0.1643026150711987
9141,13,228,-1.04782184097524,6,4,1,-1.2128348709781631
9142,13,228,-1.04782184097524,6,4,0,-0.5924894072004399
9143,13,228,-1.04782184097524,5,4,1,-2.048324418747327
9144,13,228,-1.04782184097524,7,4,1,1.3506938635951748
9145,13,228,-1.04782184097524,5,4,0,-0.7239567172581238
9146,13,228,-1.04782184097524,6,4,1,0.8052921055193072
9147,13,228,-1.04782184097524,6,4,0,-0.7448564320797846
9148,13,228,-1.04782184097524,5,8,0,0.9706139997976247
9149,13,228,-1.04782184097524,6,8,0,-0.3611290764886264
9150,13,228,-1.04782184097524,5,5,0,-0.6190888142346598
9151,13,228,-1.04782184097524,5,4,1,-0.7342242132561722
9152,13,228,-1.04782184097524,6,8,1,-0.1591049800130423
9153,13,228,-1.04782184097524,6,3,0,-0.2048122857610028
9154,13,228,-1.04782184097524,4,4,0,-0.1114271314388267
9155,12,32,2.65586349193358,6,1,0,1.4721676801721812
9156,12,32,2.65586349193358,5,1,0,-0.2534882239349702
9157,12,32,2.65586349193358,5,1,0,-0.217616106895227
9158,12,32,2.65586349193358,5,1,0,-0.8087461282643583
9159,12,32,2.65586349193358,6,1,0,0.1139460695385648
9160,12,32,2.65586349193358,7,1,0,0.909486778029772
9161,12,32,2.65586349193358,5,1,1,-0.7354017130127184
9162,12,32,2.65586349193358,7,1,1,-0.7074663021620876
9163,12,32,2.65586349193358,6,1,1,0.1682795570727791
9164,12,32,2.65586349193358,6,1,1,0.2875370523291314
9165,12,32,2.65586349193358,5,1,0,-0.5787572424742626
9166,12,32,2.65586349193358,5,1,0,0.9772731575660412
9167,12,32,2.65586349193358,5,1,0,0.0990400246573865
9168,12,32,2.65586349193358,5,1,0,-2.046891658385148
9169,12,32,2.65586349193358,7,1,0,0.3145748461605935
9170,12,32,2.65586349193358,5,4,0,-0.9664713740676408
9171,11,75,2.53823497780226,4,2,0,-0.5092252918037535
9172,11,75,2.53823497780226,5,1,0,0.9367909676911242
9173,11,75,2.53823497780226,6,4,0,0.0637078081320666
9174,11,75,2.53823497780226,7,1,0,-0.0438315575310487
9175,11,75,2.53823497780226,1,1,0,1.297445556690435
9176,11,75,2.53823497780226,6,4,0,1.457370852744111
9177,11,75,2.53823497780226,4,8,0,-0.0863740548994618
9178,11,75,2.53823497780226,6,8,0,0.1587472772510565
9179,11,75,2.53823497780226,6,8,0,0.9607653502093576
9180,11,75,2.53823497780226,4,1,0,0.1752081691778729
9181,11,75,2.53823497780226,5,1,0,-0.398405100808165
9182,11,75,2.53823497780226,6,1,0,1.0781015370700031
9183,11,75,2.53823497780226,4,4,1,-1.8423704111319097
9184,11,75,2.53823497780226,5,1,0,-0.2437465033956754
9185,11,75,2.53823497780226,3,8,0,-1.2120510995675366
9186,10,899,-0.0547807275431046,1,4,0,0.5994982822608711
9187,10,899,-0.0547807275431046,5,4,1,-1.3876013470461506
9188,10,899,-0.0547807275431046,4,5,0,0.3618647082806542
9189,10,899,-0.0547807275431046,3,8,0,0.1119839922005944
9190,10,899,-0.0547807275431046,4,4,0,-1.5554133696473302
9191,10,899,-0.0547807275431046,5,4,0,0.5469392968539009
9192,10,899,-0.0547807275431046,5,2,0,-1.2264582159673012
9193,10,899,-0.0547807275431046,5,5,0,0.1478270390461006
9194,10,899,-0.0547807275431046,2,2,0,-2.461831650286664
9195,10,899,-0.0547807275431046,4,8,0,-0.8479528335428463
9196,10,899,-0.0547807275431046,6,4,0,0.4783009494496145
9197,10,899,-0.0547807275431046,4,4,0,-1.767429002674437
9198,10,899,-0.0547807275431046,5,4,0,-1.444466488712313
9199,10,899,-0.0547807275431046,6,8,0,0.4300918249991303
9200,10,899,-0.0547807275431046,5,8,1,-0.4001723271202465
9201,10,899,-0.0547807275431046,5,4,0,-0.1371355483151527
9202,10,899,-0.0547807275431046,5,4,0,0.4655046357576313
9203,10,899,-0.0547807275431046,5,8,1,-0.2564288391360349
9204,10,899,-0.0547807275431046,4,4,0,-0.6190534583722491
9205,10,899,-0.0547807275431046,6,4,0,-0.16175457824124
9206,10,899,-0.0547807275431046,6,4,0,-0.4817949898870871
9207,10,899,-0.0547807275431046,6,4,0,0.2416817455024967
9208,10,899,-0.0547807275431046,7,4,1,1.0866625602264048
9209,10,899,-0.0547807275431046,6,4,0,1.0299693532024483
9210,10,899,-0.0547807275431046,5,4,0,0.1824302882265206
9211,10,899,-0.0547807275431046,6,4,0,-1.2760959489956356
9212,10,899,-0.0547807275431046,5,4,0,-0.2192425531344126
9213,10,899,-0.0547807275431046,5,4,0,0.1689430634426638
9214,10,899,-0.0547807275431046,1,4,0,-1.0834918562919782
9215,10,899,-0.0547807275431046,6,4,0,1.8457016318648647
9216,10,899,-0.0547807275431046,3,8,0,-0.966475852592997
9217,10,899,-0.0547807275431046,5,4,0,-1.599541789289444
9218,10,899,-0.0547807275431046,4,4,0,-0.658357702836159
9219,10,899,-0.0547807275431046,7,4,0,2.1634389166719785
9220,10,899,-0.0547807275431046,5,4,0,-0.0760139788410602
9221,10,899,-0.0547807275431046,5,7,1,-2.2321113036246305
9222,10,899,-0.0547807275431046,6,4,1,0.3589660488645053
9223,10,899,-0.0547807275431046,6,4,1,-0.2855208521775355
9224,10,899,-0.0547807275431046,5,4,0,0.6577590695114068
9225,10,899,-0.0547807275431046,5,2,0,-0.3150264233399992
9226,10,899,-0.0547807275431046,5,4,0,-1.1551452258111718
9227,10,899,-0.0547807275431046,6,4,0,-0.3551763385703875
9228,10,899,-0.0547807275431046,5,4,1,-0.4795289413143992
9229,10,899,-0.0547807275431046,5,2,0,0.0786223275397697
9230,10,899,-0.0547807275431046,4,8,0,-0.4032664372675436
9231,10,899,-0.0547807275431046,6,4,0,-0.10937901987997
9232,10,899,-0.0547807275431046,5,4,0,-0.7632976983621949
9233,10,899,-0.0547807275431046,4,4,0,-0.7067706438358998
9234,10,899,-0.0547807275431046,6,4,1,-1.19639667463262
9235,10,899,-0.0547807275431046,4,4,0,-0.628413754514005
9236,10,899,-0.0547807275431046,6,8,0,-1.305561551434219
9237,10,899,-0.0547807275431046,3,4,0,-1.098005388986131
9238,10,899,-0.0547807275431046,5,4,1,0.2818268114939773
9239,10,899,-0.0547807275431046,6,1,1,-0.9235005898861736
9240,10,899,-0.0547807275431046,4,8,0,0.6687263643721459
9241,10,899,-0.0547807275431046,5,2,0,0.4835131104445108
9242,10,899,-0.0547807275431046,5,4,0,-0.5802324809927201
9243,10,899,-0.0547807275431046,3,4,0,-1.22228359747776
9244,10,899,-0.0547807275431046,6,4,0,-0.7488130920537445
9245,10,899,-0.0547807275431046,6,3,0,1.206200287223885
9246,10,899,-0.0547807275431046,6,8,0,0.2550909566015296
9247,10,899,-0.0547807275431046,5,4,1,-0.2570536838654603
9248,10,899,-0.0547807275431046,5,4,0,-0.099820777856714
9249,10,899,-0.0547807275431046,6,4,1,-1.0206777614068798
9250,10,899,-0.0547807275431046,5,2,0,-0.9702879575819888
9251,10,899,-0.0547807275431046,7,4,1,0.6116745432230584
9252,10,899,-0.0547807275431046,5,4,0,-0.6078074624934349
9253,10,899,-0.0547807275431046,5,4,0,-1.9926874399595185
9254,10,899,-0.0547807275431046,6,8,0,-1.289948053091332
9255,10,899,-0.0547807275431046,6,4,1,0.6709178873575017
9256,10,899,-0.0547807275431046,5,4,0,1.3764528178453168
9257,10,899,-0.0547807275431046,6,4,0,0.9233795082591196
9258,10,899,-0.0547807275431046,5,8,0,1.234494258051796
9259,10,899,-0.0547807275431046,3,4,0,-0.7114213465392591
9260,10,899,-0.0547807275431046,3,4,0,0.3790448405279281
9261,10,899,-0.0547807275431046,6,4,0,-0.0070501842889893
9262,10,899,-0.0547807275431046,2,4,0,-0.7986152242471021
9263,10,899,-0.0547807275431046,5,4,1,0.0955896129611171
9264,10,899,-0.0547807275431046,5,4,0,-0.3138573162372737
9265,10,899,-0.0547807275431046,5,4,1,-0.4146093414574506
9266,10,899,-0.0547807275431046,7,4,0,1.4642510254396996
9267,10,899,-0.0547807275431046,5,8,0,0.1548251942667869
9268,10,899,-0.0547807275431046,5,4,1,0.0344660326824656
9269,10,899,-0.0547807275431046,5,4,1,-1.3541003764585755
9270,10,899,-0.0547807275431046,4,4,0,-1.5199070643369756
9271,10,899,-0.0547807275431046,4,4,1,-1.4555453113431518
9272,10,899,-0.0547807275431046,6,4,1,0.2949582359999779
9273,10,899,-0.0547807275431046,5,4,0,0.2428450745613759
9274,10,899,-0.0547807275431046,5,4,1,-0.7169213171087425
9275,10,899,-0.0547807275431046,5,8,0,1.0999343456362738
9276,10,899,-0.0547807275431046,5,4,0,-0.000711815490264
9277,10,899,-0.0547807275431046,4,4,0,-1.458077444334789
9278,10,899,-0.0547807275431046,5,8,1,-0.0603143279876982
9279,10,899,-0.0547807275431046,4,4,0,-1.1425359348474715
9280,10,899,-0.0547807275431046,5,4,0,0.2338425649939694
9281,10,899,-0.0547807275431046,6,4,1,0.8160108554747895
9282,10,899,-0.0547807275431046,5,4,0,-0.1042242297820041
9283,10,899,-0.0547807275431046,6,4,0,0.2272191339371919
9284,10,899,-0.0547807275431046,5,4,0,0.0001344263306414
9285,10,899,-0.0547807275431046,6,4,0,-0.0056420232752346
9286,10,899,-0.0547807275431046,5,4,0,-0.0990459447407588
9287,10,899,-0.0547807275431046,3,4,1,-0.7304831135354887
9288,10,899,-0.0547807275431046,6,4,1,0.4680502576112524
9289,10,899,-0.0547807275431046,3,4,0,0.1516799133197692
9290,10,899,-0.0547807275431046,4,4,0,-0.8411260631333859
9291,10,899,-0.0547807275431046,5,4,0,0.0464596005210323
9292,10,899,-0.0547807275431046,5,4,0,-1.4870581852562712
9293,10,899,-0.0547807275431046,5,8,0,-1.5527098544781288
9294,10,899,-0.0547807275431046,5,4,0,-0.8110363368315516
9295,10,899,-0.0547807275431046,6,3,0,-0.7415953206857239
9296,10,899,-0.0547807275431046,5,4,0,-0.9247361236985838
9297,10,899,-0.0547807275431046,5,4,0,-1.050900510618492
9298,10,899,-0.0547807275431046,5,4,0,-1.6369873580343133
9299,10,899,-0.0547807275431046,5,8,0,-1.3432952490411094
9300,10,899,-0.0547807275431046,5,4,0,-0.6107559036536521
9301,10,899,-0.0547807275431046,7,4,1,-0.1175245445991207
9302,10,899,-0.0547807275431046,6,4,0,-0.3045734562253355
9303,10,899,-0.0547807275431046,5,4,0,-0.551688796850965
9304,10,899,-0.0547807275431046,4,8,0,-0.8554593449706485
9305,10,899,-0.0547807275431046,6,8,0,-0.0721286015409252
9306,10,899,-0.0547807275431046,7,4,0,1.3503742347569252
9307,10,899,-0.0547807275431046,6,8,0,-0.6523047188491382
9308,10,899,-0.0547807275431046,5,4,0,0.3777918393861807
9309,10,899,-0.0547807275431046,4,8,0,-0.8800248398350541
9310,10,899,-0.0547807275431046,5,8,0,-0.4787299600968748
9311,10,899,-0.0547807275431046,5,4,0,-0.7647369185198734
9312,10,899,-0.0547807275431046,5,8,0,-1.7891135710732229
9313,10,899,-0.0547807275431046,5,4,0,-2.036886981471331
9314,10,899,-0.0547807275431046,6,2,0,0.5061187040781497
9315,10,899,-0.0547807275431046,3,8,0,-0.6799798977553216
9316,10,899,-0.0547807275431046,5,4,0,-0.8447848626805207
9317,10,899,-0.0547807275431046,5,4,1,-0.8329207583920858
9318,10,899,-0.0547807275431046,5,4,0,-0.0717348759475791
9319,10,899,-0.0547807275431046,5,4,0,-0.0507280780285815
9320,10,899,-0.0547807275431046,5,8,0,-0.1204596321060517
9321,10,899,-0.0547807275431046,5,4,0,-0.4746438843268042
9322,9,501,0.281143045640023,5,8,0,-0.3425692510375988
9323,9,501,0.281143045640023,6,2,0,0.747035602288896
9324,9,501,0.281143045640023,7,1,0,1.838443108360108
9325,9,501,0.281143045640023,5,1,0,0.795325210874552
9326,9,501,0.281143045640023,4,8,0,-0.409257631593364
9327,9,501,0.281143045640023,7,2,1,1.2123449933798998
9328,9,501,0.281143045640023,5,3,0,-0.0917969314351313
9329,9,501,0.281143045640023,7,8,0,1.4753029561757554
9330,9,501,0.281143045640023,5,2,0,-0.4050563680057109
9331,9,501,0.281143045640023,6,8,0,0.1029433103525326
9332,9,501,0.281143045640023,7,8,1,2.2405551752691064
9333,9,501,0.281143045640023,6,1,0,-1.101771688347472
9334,9,501,0.281143045640023,6,1,1,-0.928652426954252
9335,9,501,0.281143045640023,6,8,0,0.5164196492902564
9336,9,501,0.281143045640023,6,1,1,1.1665212515762835
9337,9,501,0.281143045640023,5,8,0,0.0174026599681885
9338,9,501,0.281143045640023,6,1,0,0.9080435388500974
9339,9,501,0.281143045640023,6,1,0,-0.6375115609944708
9340,9,501,0.281143045640023,5,2,1,0.3697421924346411
9341,9,501,0.281143045640023,4,2,1,-2.1358826534729447
9342,9,501,0.281143045640023,5,8,0,0.2394537368061226
9343,9,501,0.281143045640023,6,8,0,-0.5742390839991828
9344,9,501,0.281143045640023,3,1,0,-0.1201096575547296
9345,9,501,0.281143045640023,5,8,0,-0.9526220279943776
9346,9,501,0.281143045640023,6,1,0,1.654414991890644
9347,9,501,0.281143045640023,5,1,0,-0.344103105172753
9348,9,501,0.281143045640023,4,1,0,-0.1324663091273363
9349,9,501,0.281143045640023,5,2,0,-0.2470935810438757
9350,9,501,0.281143045640023,5,2,0,5.8566735804578645e-05
9351,9,501,0.281143045640023,2,2,0,-0.7487825793617553
9352,9,501,0.281143045640023,6,1,1,0.417111820776844
9353,9,501,0.281143045640023,5,1,0,-1.5225628267638294
9354,9,501,0.281143045640023,4,1,0,-0.9704523624287422
9355,9,501,0.281143045640023,7,1,0,0.5554701025224105
9356,9,501,0.281143045640023,5,8,0,-0.9537308556739922
9357,9,501,0.281143045640023,2,1,0,1.1819854785246604
9358,9,501,0.281143045640023,5,5,0,2.0603655574419064
9359,9,501,0.281143045640023,5,1,0,-1.4712570423317484
9360,9,501,0.281143045640023,6,8,1,1.5736632078583757
9361,9,501,0.281143045640023,5,8,0,-1.378345577926794
9362,9,501,0.281143045640023,6,2,0,-1.2531625083237916
9363,9,501,0.281143045640023,7,8,1,2.159500008238397
9364,9,501,0.281143045640023,5,2,1,0.4806451992688622
9365,9,501,0.281143045640023,3,2,0,-0.2850049655635764
9366,9,501,0.281143045640023,6,1,0,1.1371918947217263
9367,9,501,0.281143045640023,5,2,0,0.4953310562549576
9368,9,501,0.281143045640023,5,1,0,0.1513062172076197
9369,9,501,0.281143045640023,6,1,0,-0.5765354911967785
9370,9,501,0.281143045640023,4,1,0,-2.148077383902134
9371,9,501,0.281143045640023,5,8,1,-0.0311071227417604
9372,9,501,0.281143045640023,6,8,0,0.639323691689023
9373,9,501,0.281143045640023,5,8,0,-0.8568698232438567
9374,9,501,0.281143045640023,5,4,0,-0.3846010772716087
9375,9,501,0.281143045640023,6,2,1,1.5152937014510113
9376,9,501,0.281143045640023,5,1,0,-0.2848659844723426
9377,9,501,0.281143045640023,6,1,1,-0.2851775157400261
9378,9,501,0.281143045640023,5,2,0,0.0656356251083276
9379,9,501,0.281143045640023,5,4,0,0.8147853662450506
9380,9,501,0.281143045640023,1,2,0,-1.9956211924822391
9381,9,501,0.281143045640023,5,1,0,0.0974701362862847
9382,9,501,0.281143045640023,5,8,0,0.3845278798248317
9383,9,501,0.281143045640023,7,1,0,0.5668675949647264
9384,9,501,0.281143045640023,6,1,0,0.4911760432494039
9385,9,501,0.281143045640023,4,1,0,-1.3685125761965875
9386,9,501,0.281143045640023,5,1,0,-0.028846600826544
9387,9,501,0.281143045640023,6,1,0,0.4767720487108264
9388,9,501,0.281143045640023,7,1,1,0.7033924417322597
9389,9,501,0.281143045640023,6,2,1,1.134912732094847
9390,9,501,0.281143045640023,2,2,0,-0.3727857328171586
9391,9,501,0.281143045640023,7,1,1,-0.1835700523627698
9392,9,501,0.281143045640023,5,1,0,1.008108207728524
9393,9,501,0.281143045640023,1,1,0,0.037171966076854
9394,9,501,0.281143045640023,6,1,1,0.4382938766412785
9395,9,501,0.281143045640023,3,4,0,-1.4969978769900456
9396,9,501,0.281143045640023,4,1,0,-0.0782014539904409
9397,9,501,0.281143045640023,5,2,0,0.3577217353542445
9398,9,501,0.281143045640023,5,5,0,-0.279020292484038
9399,9,501,0.281143045640023,7,1,0,0.9250590871317876
9400,9,501,0.281143045640023,4,1,0,-0.6031801773117048
9401,9,501,0.281143045640023,5,1,0,-0.7734926334435797
9402,9,501,0.281143045640023,3,1,0,-0.7900049890469385
9403,9,501,0.281143045640023,6,1,0,0.7809863638062375
9404,9,501,0.281143045640023,6,1,0,0.7700095644383546
9405,9,501,0.281143045640023,3,2,0,-0.6666477281304739
9406,9,501,0.281143045640023,5,1,0,0.2563333494789662
9407,9,501,0.281143045640023,5,8,0,1.4315080745077091
9408,9,501,0.281143045640023,4,1,0,0.3465460177082415
9409,9,501,0.281143045640023,5,8,0,-0.0012091806417432
9410,9,501,0.281143045640023,5,1,0,-0.1913712525012008
9411,9,501,0.281143045640023,5,1,0,-0.5681327176627604
9412,9,501,0.281143045640023,7,1,0,1.2382963782590193
9413,9,501,0.281143045640023,3,2,0,0.6279068043967695
9414,9,501,0.281143045640023,5,1,0,0.1203473961766021
9415,9,501,0.281143045640023,6,1,0,-0.2295388620525318
9416,9,501,0.281143045640023,7,1,1,1.7969220900054514
9417,9,501,0.281143045640023,5,1,0,-0.4462480927459514
9418,9,501,0.281143045640023,7,1,1,0.1141778208875063
9419,9,501,0.281143045640023,5,1,0,0.8361809110270625
9420,9,501,0.281143045640023,5,2,0,0.2279996073876025
9421,9,501,0.281143045640023,5,1,0,1.0343769079293466
9422,9,501,0.281143045640023,7,8,0,1.0274947761507005
9423,9,501,0.281143045640023,3,1,0,-0.5272971702498016
9424,9,501,0.281143045640023,6,8,0,0.9333871493898256
9425,9,501,0.281143045640023,5,2,0,-0.4808233506252108
9426,9,501,0.281143045640023,4,1,0,-1.3155218300209188
9427,9,501,0.281143045640023,6,2,1,0.4408688234706294
9428,9,501,0.281143045640023,1,4,0,-0.7173136737152309
9429,9,501,0.281143045640023,6,1,1,1.2395995639673538
9430,9,501,0.281143045640023,5,1,1,-0.0578068903981342
9431,8,510,0.226545340021282,5,8,0,0.3668278712457421
9432,8,510,0.226545340021282,7,2,1,-0.1571989320132687
9433,8,510,0.226545340021282,5,1,1,-1.5798674747649144
9434,8,510,0.226545340021282,6,1,1,0.4296823081614047
9435,8,510,0.226545340021282,6,8,0,-0.3485599692631047
9436,8,510,0.226545340021282,6,4,0,0.892577545106443
9437,8,510,0.226545340021282,6,2,0,-0.8484358520140508
9438,8,510,0.226545340021282,6,1,1,0.1519951791894196
9439,8,510,0.226545340021282,4,1,1,-1.4521308710655376
9440,8,510,0.226545340021282,7,2,1,0.744168807254484
9441,8,510,0.226545340021282,2,1,0,0.2816018795605064
9442,8,510,0.226545340021282,5,8,0,-0.96656448403204
9443,8,510,0.226545340021282,7,2,1,-0.0168004232553525
9444,8,510,0.226545340021282,5,8,0,-0.1510101298531381
9445,8,510,0.226545340021282,5,1,0,-0.6969194974784761
9446,8,510,0.226545340021282,6,2,0,-0.4011432584339382
9447,8,510,0.226545340021282,3,2,0,-0.5707214778142327
9448,8,510,0.226545340021282,5,2,0,-1.345849495279066
9449,8,510,0.226545340021282,6,5,0,-0.2465754274158058
9450,8,510,0.226545340021282,3,8,0,-1.177403730042932
9451,8,510,0.226545340021282,5,1,1,0.1990696725019555
9452,8,510,0.226545340021282,3,2,0,-1.883691853893212
9453,8,510,0.226545340021282,7,1,0,1.8007062504287097
9454,8,510,0.226545340021282,6,2,0,0.0012143350502766
9455,8,510,0.226545340021282,2,1,0,-0.6386119619964155
9456,8,510,0.226545340021282,6,2,1,0.38934691274783
9457,8,510,0.226545340021282,6,1,1,-0.9743040970168516
9458,8,510,0.226545340021282,7,2,0,0.1253636312681445
9459,8,510,0.226545340021282,6,1,1,-0.0282938051628734
9460,8,510,0.226545340021282,6,8,0,-0.3533787967537734
9461,8,510,0.226545340021282,5,8,0,-0.776630115891719
9462,8,510,0.226545340021282,6,1,0,1.8575834665690512
9463,8,510,0.226545340021282,4,4,0,-0.1980066258327319
9464,8,510,0.226545340021282,6,1,1,0.3570075827130908
9465,8,510,0.226545340021282,7,1,1,0.6970057460966409
9466,8,510,0.226545340021282,5,2,0,-0.8519285469794192
9467,8,510,0.226545340021282,5,2,0,-0.3166413806210263
9468,8,510,0.226545340021282,6,4,0,1.0449365069647392
9469,8,510,0.226545340021282,6,1,0,-0.5992931008324817
9470,8,510,0.226545340021282,6,8,0,-1.1871236351749637
9471,8,510,0.226545340021282,1,5,0,-0.2085797376046068
9472,8,510,0.226545340021282,5,1,0,0.8420938719455912
9473,8,510,0.226545340021282,5,2,1,-1.6463156237276706
9474,8,510,0.226545340021282,5,8,0,-0.7385629484496857
9475,8,510,0.226545340021282,5,2,0,-0.6165493410907485
9476,8,510,0.226545340021282,3,2,0,-1.3172949000431158
9477,8,510,0.226545340021282,5,1,0,-0.3560505977534267
9478,8,510,0.226545340021282,6,8,1,-0.9047655894856924
9479,8,510,0.226545340021282,5,2,0,-1.0860889848581754
9480,8,510,0.226545340021282,5,2,0,-0.6045905534623771
9481,8,510,0.226545340021282,7,8,1,1.397143509005763
9482,8,510,0.226545340021282,7,5,0,0.9205961173619353
9483,8,510,0.226545340021282,6,2,0,0.0097770777339973
9484,8,510,0.226545340021282,5,1,0,-0.7202139212905874
9485,8,510,0.226545340021282,4,1,0,-1.7531957359245864
9486,8,510,0.226545340021282,3,1,0,-0.8827319268902962
9487,8,510,0.226545340021282,5,4,0,-0.5889051327185764
9488,8,510,0.226545340021282,5,8,0,-1.014492889057946
9489,8,510,0.226545340021282,3,2,0,-1.3087321366325582
9490,8,510,0.226545340021282,6,1,0,-1.286762016798085
9491,8,510,0.226545340021282,5,1,0,-0.594169891251711
9492,8,510,0.226545340021282,5,4,0,-0.4228018378699741
9493,8,510,0.226545340021282,6,4,0,0.7711357953367328
9494,8,510,0.226545340021282,5,8,0,-0.1873152886315058
9495,8,510,0.226545340021282,3,8,0,-1.386741359509012
9496,8,510,0.226545340021282,5,1,0,-0.3710343727733453
9497,8,510,0.226545340021282,5,8,0,-2.1313998755547368
9498,8,510,0.226545340021282,6,1,0,-0.4135037165693576
9499,8,510,0.226545340021282,2,8,0,-1.1161988345127072
9500,8,510,0.226545340021282,5,1,0,-0.2484894609725865
9501,8,510,0.226545340021282,5,1,1,-0.4380304449219961
9502,8,510,0.226545340021282,5,4,0,-1.5198803364429023
9503,8,510,0.226545340021282,5,1,1,-0.8354830453375774
9504,8,510,0.226545340021282,5,1,1,-1.0968885997524878
9505,8,510,0.226545340021282,6,4,0,1.2132588944100628
9506,8,510,0.226545340021282,3,1,0,-1.8715558688721976
9507,8,510,0.226545340021282,6,1,0,1.122207362126849
9508,8,510,0.226545340021282,5,1,0,-0.6168776931708572
9509,8,510,0.226545340021282,5,1,0,0.0248108074330392
9510,8,510,0.226545340021282,4,8,1,-1.965809403207057
9511,8,510,0.226545340021282,6,1,0,0.8554344866024628
9512,8,510,0.226545340021282,5,2,0,-1.2266143418358535
9513,8,510,0.226545340021282,5,2,0,0.1130239064829225
9514,8,510,0.226545340021282,5,2,0,-0.1566186259959803
9515,8,510,0.226545340021282,4,2,0,0.1389716578730335
9516,8,510,0.226545340021282,5,1,1,-0.7955200953098216
9517,8,510,0.226545340021282,7,1,1,-0.6038014212197873
9518,8,510,0.226545340021282,7,2,1,-0.2061743101883332
9519,8,510,0.226545340021282,4,1,0,-1.001425653693131
9520,8,510,0.226545340021282,7,8,1,0.6489192386229421
9521,8,510,0.226545340021282,5,8,0,-1.1126786067058017
9522,8,510,0.226545340021282,5,1,0,0.7705892905663441
9523,8,510,0.226545340021282,6,1,0,-0.4514789218335474
9524,8,510,0.226545340021282,3,4,0,-1.5959560651112867
9525,8,510,0.226545340021282,5,1,1,-0.6600491247430413
9526,8,510,0.226545340021282,6,2,0,0.4086883690002751
9527,7,547,-1.1733906420030702,1,8,0,-0.4832670809030027
9528,7,547,-1.1733906420030702,5,8,1,0.558461598702209
9529,7,547,-1.1733906420030702,6,4,0,-0.4375145548870373
9530,7,547,-1.1733906420030702,2,2,0,-0.3914563134788021
9531,7,547,-1.1733906420030702,6,4,1,0.8313935196022719
9532,7,547,-1.1733906420030702,4,8,0,-0.6644317309489172
9533,7,547,-1.1733906420030702,5,4,0,0.0106105543263582
9534,7,547,-1.1733906420030702,5,4,0,0.1177955226637849
9535,7,547,-1.1733906420030702,5,5,0,-0.2467695959078957
9536,7,547,-1.1733906420030702,7,4,0,1.2752592506153493
9537,7,547,-1.1733906420030702,6,5,1,1.3000195489444442
9538,7,547,-1.1733906420030702,4,4,0,0.1488504400540785
9539,7,547,-1.1733906420030702,5,2,0,-0.5946723189463374
9540,7,547,-1.1733906420030702,6,4,0,0.7571875676738512
9541,7,547,-1.1733906420030702,4,8,0,-0.839004320919342
9542,7,547,-1.1733906420030702,5,4,1,-0.5147891147354421
9543,7,547,-1.1733906420030702,6,4,1,0.9702804856521322
9544,7,547,-1.1733906420030702,5,8,1,-0.4777443364181099
9545,7,547,-1.1733906420030702,6,4,1,0.1101253623003295
9546,7,547,-1.1733906420030702,2,8,0,-0.9440488330678156
9547,7,547,-1.1733906420030702,5,4,0,0.2631977033830624
9548,7,547,-1.1733906420030702,7,4,1,1.3911389475792864
9549,7,547,-1.1733906420030702,5,2,0,-0.3827906824038368
9550,7,547,-1.1733906420030702,7,5,1,2.2156953278104328
9551,7,547,-1.1733906420030702,5,8,0,1.5894909814994993
9552,7,547,-1.1733906420030702,7,4,1,1.7130026655710904
9553,7,547,-1.1733906420030702,5,4,0,1.2943780170558497
9554,7,547,-1.1733906420030702,5,4,0,0.1468074706948087
9555,7,547,-1.1733906420030702,5,8,0,-0.7769098011624355
9556,7,547,-1.1733906420030702,6,4,0,0.1761730924664301
9557,7,547,-1.1733906420030702,6,4,0,-0.109829756322448
9558,7,547,-1.1733906420030702,6,6,0,-0.7072335644405116
9559,7,547,-1.1733906420030702,6,4,0,0.0020159345607609
9560,7,547,-1.1733906420030702,7,4,1,1.6973335833520478
9561,7,547,-1.1733906420030702,4,4,0,-0.936231816722064
9562,7,547,-1.1733906420030702,6,4,0,1.10737736968913
9563,7,547,-1.1733906420030702,6,8,0,-0.3263990004178886
9564,7,547,-1.1733906420030702,1,4,0,-1.1102686394381531
9565,7,547,-1.1733906420030702,6,4,0,1.1332256014845838
9566,7,547,-1.1733906420030702,6,4,0,-0.8466373110444981
9567,7,547,-1.1733906420030702,6,4,0,-0.3927478224355207
9568,7,547,-1.1733906420030702,6,8,0,0.1658827458925365
9569,7,547,-1.1733906420030702,5,4,0,-0.8756974792410304
9570,7,547,-1.1733906420030702,5,4,0,-1.0907854476682284
9571,7,547,-1.1733906420030702,5,4,1,-1.0705728028406334
9572,7,547,-1.1733906420030702,5,4,0,1.002569535423772
9573,7,547,-1.1733906420030702,4,4,1,0.6328422553508023
9574,7,547,-1.1733906420030702,5,4,0,0.5576797335358348
9575,7,547,-1.1733906420030702,1,4,0,0.1267478938232544
9576,7,547,-1.1733906420030702,5,4,0,0.3436633142552319
9577,7,547,-1.1733906420030702,7,4,1,0.5290230651726893
9578,7,547,-1.1733906420030702,5,4,0,-0.8282093493772622
9579,7,547,-1.1733906420030702,5,4,0,0.0871975942107824
9580,7,547,-1.1733906420030702,6,8,0,1.4448633989877122
9581,7,547,-1.1733906420030702,4,4,0,0.0230034369823881
9582,7,547,-1.1733906420030702,5,5,0,-1.0626774862842163
9583,7,547,-1.1733906420030702,5,4,0,0.8489649064739647
9584,7,547,-1.1733906420030702,7,4,1,0.1750666741520311
9585,7,547,-1.1733906420030702,6,4,1,-1.312123874747642
9586,7,547,-1.1733906420030702,5,4,0,-1.1154671973673689
9587,7,547,-1.1733906420030702,6,4,0,0.666617672156525
9588,7,547,-1.1733906420030702,4,4,0,-0.5451033279322901
9589,7,547,-1.1733906420030702,4,4,0,0.044921888724758
9590,7,547,-1.1733906420030702,5,4,0,1.764361337407048
9591,7,547,-1.1733906420030702,5,4,0,-0.3920181057799858
9592,7,547,-1.1733906420030702,5,8,0,1.8666648770259036
9593,7,547,-1.1733906420030702,6,4,0,0.3370327807476346
9594,7,547,-1.1733906420030702,7,4,1,0.4546239020355206
9595,7,547,-1.1733906420030702,6,4,1,0.771547877191704
9596,7,547,-1.1733906420030702,5,4,0,0.359164793202132
9597,7,547,-1.1733906420030702,6,4,0,-0.4248544992564472
9598,7,547,-1.1733906420030702,5,4,1,-0.0762345597210524
9599,7,547,-1.1733906420030702,5,4,0,0.8369251163227192
9600,7,547,-1.1733906420030702,5,8,0,-0.4341737249688683
9601,7,547,-1.1733906420030702,5,4,0,0.1337584850229131
9602,7,547,-1.1733906420030702,7,4,1,-0.2090499036200401
9603,7,547,-1.1733906420030702,6,4,1,-0.2190950658568291
9604,7,547,-1.1733906420030702,5,4,0,0.2174446864375331
9605,7,547,-1.1733906420030702,6,4,0,0.6116708178229583
9606,7,547,-1.1733906420030702,4,4,0,-0.0128033967509306
9607,7,547,-1.1733906420030702,5,4,1,0.849138258572777
9608,7,547,-1.1733906420030702,5,4,0,-0.4552242710733147
9609,6,685,-1.3611836377815902,5,2,1,-1.6449333179422982
9610,6,685,-1.3611836377815902,5,4,1,0.0471782711288805
9611,6,685,-1.3611836377815902,6,2,0,-0.0693654308609327
9612,6,685,-1.3611836377815902,4,4,0,-0.9731317132067768
9613,6,685,-1.3611836377815902,7,4,1,0.4506859391036123
9614,6,685,-1.3611836377815902,5,4,0,-0.9024380377584204
9615,6,685,-1.3611836377815902,6,3,1,-0.2397481676626678
9616,6,685,-1.3611836377815902,5,4,1,-0.2356620037520625
9617,6,685,-1.3611836377815902,4,4,0,0.3794449780110978
9618,6,685,-1.3611836377815902,6,4,0,0.4947687894052749
9619,6,685,-1.3611836377815902,6,8,0,0.5747193168895396
9620,6,685,-1.3611836377815902,6,4,1,-0.3921006219575033
9621,6,685,-1.3611836377815902,5,4,0,-1.7261179444259522
9622,6,685,-1.3611836377815902,5,8,0,0.8857918769056786
9623,6,685,-1.3611836377815902,4,4,0,-1.330705322651508
9624,6,685,-1.3611836377815902,5,4,1,0.9561673333205322
9625,6,685,-1.3611836377815902,5,4,1,-0.7367642668356613
9626,6,685,-1.3611836377815902,5,2,0,-1.794531173143497
9627,6,685,-1.3611836377815902,5,8,1,-0.3982755696557415
9628,6,685,-1.3611836377815902,6,4,0,0.1314438948412123
9629,6,685,-1.3611836377815902,1,8,1,-0.5880001734548483
9630,6,685,-1.3611836377815902,4,4,0,-1.4759009175986564
9631,6,685,-1.3611836377815902,6,4,0,-1.912067932268117
9632,6,685,-1.3611836377815902,5,8,0,-1.054547453263489
9633,6,685,-1.3611836377815902,5,4,1,-0.2100717047621642
9634,6,685,-1.3611836377815902,5,8,1,-0.2335477524613923
9635,6,685,-1.3611836377815902,6,5,0,-0.025305049477065
9636,6,685,-1.3611836377815902,5,4,1,-1.3140528388235275
9637,6,685,-1.3611836377815902,5,5,0,-0.0440232359530781
9638,6,685,-1.3611836377815902,6,2,0,0.4576002937641913
9639,6,685,-1.3611836377815902,6,4,1,-0.0752005330045083
9640,6,685,-1.3611836377815902,6,8,1,-0.8093110900977352
9641,6,685,-1.3611836377815902,6,4,0,-0.2670525076834071
9642,6,685,-1.3611836377815902,6,4,0,-0.2858094130007718
9643,6,685,-1.3611836377815902,5,8,1,-1.6838582772273327
9644,6,685,-1.3611836377815902,4,8,0,-1.4624253417398636
9645,6,685,-1.3611836377815902,5,4,0,-1.047363506464675
9646,6,685,-1.3611836377815902,6,4,1,-1.6940383652229605
9647,6,685,-1.3611836377815902,7,4,0,0.5329502030024097
9648,6,685,-1.3611836377815902,6,8,0,0.8520912941716794
9649,6,685,-1.3611836377815902,6,4,1,0.7013592133408689
9650,6,685,-1.3611836377815902,6,4,0,-0.5783397892238786
9651,6,685,-1.3611836377815902,6,4,1,-1.1067668987991357
9652,6,685,-1.3611836377815902,4,8,0,-0.9096320053317832
9653,6,685,-1.3611836377815902,6,4,0,-0.9291977257145014
9654,6,685,-1.3611836377815902,6,4,0,1.4637334690423107
9655,6,685,-1.3611836377815902,5,8,0,-0.7112501705032015
9656,6,685,-1.3611836377815902,6,4,0,-0.2560538380391886
9657,6,685,-1.3611836377815902,6,4,0,1.227268839692716
9658,6,685,-1.3611836377815902,3,4,1,-1.982237555635012
9659,6,685,-1.3611836377815902,6,8,1,0.0755232067594384
9660,6,685,-1.3611836377815902,5,4,1,0.0448341241824367
9661,6,685,-1.3611836377815902,6,8,0,-0.7454770522279386
9662,6,685,-1.3611836377815902,5,4,0,-1.7718328854199186
9663,6,685,-1.3611836377815902,5,4,0,-0.1113834225568163
9664,6,685,-1.3611836377815902,6,4,0,0.2578763367297399
9665,6,685,-1.3611836377815902,6,4,1,1.0054989682014086
9666,6,685,-1.3611836377815902,6,4,0,-0.6619788370003947
9667,6,685,-1.3611836377815902,4,4,0,-1.9737037406417255
9668,6,685,-1.3611836377815902,6,5,1,-0.2984863712169424
9669,6,685,-1.3611836377815902,2,4,0,-0.7935111298608815
9670,6,685,-1.3611836377815902,5,8,1,-0.2937795501836039
9671,6,685,-1.3611836377815902,5,4,0,-0.7379693331519747
9672,6,685,-1.3611836377815902,5,4,0,-1.8349780246399756
9673,6,685,-1.3611836377815902,6,2,1,1.623681705532468
9674,6,685,-1.3611836377815902,5,4,0,-0.90616286387329
9675,6,685,-1.3611836377815902,5,4,0,-0.423089874244172
9676,6,685,-1.3611836377815902,6,4,1,1.1422832810424646
9677,6,685,-1.3611836377815902,5,4,1,-0.6006776105739158
9678,6,685,-1.3611836377815902,5,8,1,-1.3285584902523522
9679,6,685,-1.3611836377815902,1,8,0,-1.835588942558378
9680,6,685,-1.3611836377815902,4,4,0,0.5443212137836615
9681,6,685,-1.3611836377815902,5,8,0,0.654275998406701
9682,6,685,-1.3611836377815902,5,4,0,-0.2327679389728492
9683,6,685,-1.3611836377815902,5,4,1,-0.5499631028154146
9684,6,685,-1.3611836377815902,6,4,1,0.2109844372962648
9685,6,685,-1.3611836377815902,6,8,1,-0.2458202984818551
9686,6,685,-1.3611836377815902,6,8,1,0.0477118794623744
9687,6,685,-1.3611836377815902,4,4,1,0.4782832125276969
9688,6,685,-1.3611836377815902,6,4,0,0.5227169302340522
9689,6,685,-1.3611836377815902,5,4,0,-0.6283106034781141
9690,6,685,-1.3611836377815902,4,8,0,-1.702691934692511
9691,6,685,-1.3611836377815902,6,4,1,0.6721659231289102
9692,6,685,-1.3611836377815902,5,8,1,-2.397547153826935
9693,6,685,-1.3611836377815902,6,4,0,-1.0424734666377768
9694,6,685,-1.3611836377815902,6,8,1,-1.9143840855989007
9695,6,685,-1.3611836377815902,7,4,1,0.8293089900133834
9696,6,685,-1.3611836377815902,4,4,1,-0.9586917079065151
9697,6,685,-1.3611836377815902,6,4,1,0.7074318408631137
9698,6,685,-1.3611836377815902,6,2,0,1.132389508661598
9699,6,685,-1.3611836377815902,5,8,0,0.7856630678343216
9700,5,698,-1.73516400239606,5,1,0,-1.3984232756790442
9701,5,698,-1.73516400239606,3,8,0,-0.555219451924058
9702,5,698,-1.73516400239606,5,4,0,-0.4255703710469194
9703,5,698,-1.73516400239606,1,8,0,-0.8591638015338579
9704,5,698,-1.73516400239606,3,2,0,-1.417151876490649
9705,5,698,-1.73516400239606,1,8,0,-0.2904383060338282
9706,5,698,-1.73516400239606,5,5,0,0.0149660434002515
9707,5,698,-1.73516400239606,6,2,0,0.5015725968488731
9708,5,698,-1.73516400239606,5,2,0,0.0465200588634184
9709,5,698,-1.73516400239606,3,8,0,-1.6186779731041736
9710,5,698,-1.73516400239606,4,2,0,1.1438727982105783
9711,5,698,-1.73516400239606,6,8,0,0.4857356143403452
9712,5,698,-1.73516400239606,7,2,1,0.5157218620196052
9713,5,698,-1.73516400239606,7,8,1,0.780063505707312
9714,5,698,-1.73516400239606,6,8,1,1.1440418050821697
9715,5,698,-1.73516400239606,5,2,0,0.5484844943637036
9716,5,698,-1.73516400239606,4,4,0,-0.4932579499108386
9717,5,698,-1.73516400239606,7,5,0,0.9442626826804744
9718,5,698,-1.73516400239606,5,2,0,-1.0234792296531694
9719,5,698,-1.73516400239606,6,5,0,1.5842798299353351
9720,5,698,-1.73516400239606,4,8,0,-1.3829445647406409
9721,5,698,-1.73516400239606,4,4,1,-1.9802726787015208
9722,5,698,-1.73516400239606,6,4,0,-0.3495750957929643
9723,5,698,-1.73516400239606,7,2,0,0.1659508774236436
9724,5,698,-1.73516400239606,4,2,1,0.7186427450060726
9725,5,698,-1.73516400239606,6,1,0,0.9283751660580412
9726,5,698,-1.73516400239606,5,8,0,-0.0129196136155475
9727,5,698,-1.73516400239606,5,4,0,-1.6147628795683542
9728,5,698,-1.73516400239606,6,8,0,-0.6162996931247277
9729,5,698,-1.73516400239606,6,4,1,-0.3648017221393789
9730,5,698,-1.73516400239606,6,4,0,1.922124645610492
9731,5,698,-1.73516400239606,6,4,0,1.1874793492624756
9732,5,698,-1.73516400239606,6,4,1,-1.048807213932773
9733,5,698,-1.73516400239606,5,5,0,-0.4599352854492621
9734,5,698,-1.73516400239606,5,5,0,-1.2653333127308886
9735,5,698,-1.73516400239606,6,5,0,0.5777544371028186
9736,5,698,-1.73516400239606,6,2,1,0.6133037913842388
9737,5,698,-1.73516400239606,5,2,0,-0.239862264939735
9738,5,698,-1.73516400239606,5,4,0,-1.0230540099570666
9739,5,698,-1.73516400239606,6,2,0,0.5414314149713922
9740,5,698,-1.73516400239606,6,5,0,-1.2689006420647084
9741,5,698,-1.73516400239606,4,4,1,-2.000293822431092
9742,5,698,-1.73516400239606,5,8,0,0.2809600020963468
9743,5,698,-1.73516400239606,4,1,0,-0.319098271621154
9744,5,698,-1.73516400239606,7,4,0,0.7774280522255937
9745,5,698,-1.73516400239606,5,8,1,-0.1886258564288867
9746,5,698,-1.73516400239606,5,8,0,-0.8462891252811305
9747,5,698,-1.73516400239606,3,2,0,0.1360427389851393
9748,5,698,-1.73516400239606,3,2,0,-1.3640335287143108
9749,5,698,-1.73516400239606,5,2,1,0.4555784784131438
9750,5,698,-1.73516400239606,5,4,0,0.3279661385474318
9751,5,698,-1.73516400239606,6,2,0,1.7347548914941744
9752,5,698,-1.73516400239606,5,8,0,0.749813039009088
9753,5,698,-1.73516400239606,6,5,1,-0.8700589709613981
9754,5,698,-1.73516400239606,5,2,0,-0.5304425319462347
9755,5,698,-1.73516400239606,7,8,0,1.0296539303296628
9756,5,698,-1.73516400239606,5,2,0,-0.1792044820750406
9757,5,698,-1.73516400239606,5,4,0,-1.2941047215308177
9758,5,698,-1.73516400239606,5,8,0,-0.8913171408222536
9759,5,698,-1.73516400239606,4,8,0,-0.4429715046189749
9760,5,698,-1.73516400239606,6,5,0,2.0580693638839542
9761,5,698,-1.73516400239606,5,7,0,-0.3833046691629961
9762,5,698,-1.73516400239606,5,2,1,1.242135092199946
9763,5,698,-1.73516400239606,5,2,0,-1.4586665925592075
9764,5,698,-1.73516400239606,5,2,0,-1.2388458570746668
9765,5,698,-1.73516400239606,2,4,0,-0.9798227141522472
9766,5,698,-1.73516400239606,5,8,0,-0.3354810620209477
9767,5,698,-1.73516400239606,4,2,0,-2.3704252169318374
9768,5,698,-1.73516400239606,3,2,0,-0.6836118531135718
9769,5,698,-1.73516400239606,4,2,0,-0.9530260203446296
9770,5,698,-1.73516400239606,7,5,1,0.96083858919118
9771,5,698,-1.73516400239606,2,2,0,0.1881361959267288
9772,5,698,-1.73516400239606,5,8,0,-1.7301346872166177
9773,5,698,-1.73516400239606,6,2,0,0.1726853334398538
9774,5,698,-1.73516400239606,4,2,0,0.6684729248543915
9775,5,698,-1.73516400239606,6,2,0,0.0944971666531761
9776,5,698,-1.73516400239606,5,2,0,1.0792935083872202
9777,5,698,-1.73516400239606,1,2,0,-0.6335147384828275
9778,5,698,-1.73516400239606,5,2,1,-0.1947131021177138
9779,5,698,-1.73516400239606,2,2,0,-2.0693705664624
9780,5,698,-1.73516400239606,1,5,0,-1.3184291977100586
9781,5,698,-1.73516400239606,5,2,0,-0.4716301530637377
9782,5,698,-1.73516400239606,4,2,0,-1.71337974382869
9783,5,698,-1.73516400239606,5,2,0,-0.1434531269064506
9784,5,698,-1.73516400239606,2,2,0,-0.4332581265455007
9785,5,698,-1.73516400239606,3,2,0,-0.4686112949402749
9786,5,698,-1.73516400239606,4,3,0,-1.5700031371497505
9787,5,698,-1.73516400239606,2,2,0,-0.6753742627035847
9788,5,698,-1.73516400239606,6,2,0,1.4339144099262038
9789,5,698,-1.73516400239606,5,2,0,-1.4034384938012174
9790,5,698,-1.73516400239606,3,2,0,-0.963028972819736
9791,5,698,-1.73516400239606,6,1,0,1.769860356823329
9792,5,698,-1.73516400239606,5,2,0,0.8036206567362437
9793,5,698,-1.73516400239606,3,2,0,-1.073748851579837
9794,5,698,-1.73516400239606,4,2,0,0.2963816542652122
9795,5,698,-1.73516400239606,5,2,1,1.2104880139868754
9796,5,698,-1.73516400239606,6,2,0,0.0486637238928135
9797,5,698,-1.73516400239606,5,2,0,-0.1201397737488941
9798,5,698,-1.73516400239606,5,2,0,-0.6424072412587645
9799,5,698,-1.73516400239606,5,2,0,-0.7920890635981956
9800,5,698,-1.73516400239606,5,2,0,1.289729189250779
9801,5,698,-1.73516400239606,6,2,0,0.4739271657010243
9802,5,698,-1.73516400239606,5,2,1,1.8423862603150436
9803,5,698,-1.73516400239606,4,4,0,-1.258298974711064
9804,5,698,-1.73516400239606,4,2,0,-0.3337560549442299
9805,5,698,-1.73516400239606,6,8,1,0.7264437828071003
9806,5,698,-1.73516400239606,6,5,0,1.373359180843025
9807,5,698,-1.73516400239606,5,2,0,0.0509894545322278
9808,5,698,-1.73516400239606,6,2,0,0.8535707678482756
9809,5,698,-1.73516400239606,5,8,0,-1.0187941487448386
9810,5,698,-1.73516400239606,3,2,0,-1.2545008539076326
9811,5,698,-1.73516400239606,5,8,0,1.3060229075869716
9812,5,698,-1.73516400239606,4,2,0,0.7215436853316305
9813,5,698,-1.73516400239606,5,2,1,0.064549942058685
9814,5,698,-1.73516400239606,4,2,0,-0.3511852156878964
9815,5,698,-1.73516400239606,4,2,0,-0.0681578062378668
9816,5,698,-1.73516400239606,4,2,0,-0.7806152339234775
9817,5,698,-1.73516400239606,6,2,1,-0.3090918611444181
9818,5,698,-1.73516400239606,5,8,1,-0.5113550291073863
9819,5,698,-1.73516400239606,6,2,0,-0.6049892987982353
9820,5,698,-1.73516400239606,4,2,0,-0.3103165094221408
9821,5,698,-1.73516400239606,5,2,1,-0.162126898924432
9822,5,698,-1.73516400239606,5,2,0,0.2590372181215646
9823,5,698,-1.73516400239606,3,2,0,-0.745094958448465
9824,5,698,-1.73516400239606,2,2,0,-0.3630994561571064
9825,5,698,-1.73516400239606,2,2,0,-0.6063750288054736
9826,5,698,-1.73516400239606,6,2,0,0.4504793001214735
9827,4,1070,-0.7248013785492359,4,2,0,-0.525469471850161
9828,4,1070,-0.7248013785492359,5,2,0,-0.2962301928359234
9829,4,1070,-0.7248013785492359,5,5,0,1.5133402673437053
9830,4,1070,-0.7248013785492359,3,2,0,0.0138126430405277
9831,4,1070,-0.7248013785492359,6,4,0,-0.0179941050442325
9832,4,1070,-0.7248013785492359,4,2,1,0.2083043711433357
9833,4,1070,-0.7248013785492359,6,2,1,1.0877938257410258
9834,4,1070,-0.7248013785492359,6,2,1,-0.5815153899634311
9835,4,1070,-0.7248013785492359,4,4,0,-0.2727038352321264
9836,4,1070,-0.7248013785492359,5,8,0,-1.2577519868655522
9837,4,1070,-0.7248013785492359,5,2,0,0.6165187298279814
9838,4,1070,-0.7248013785492359,5,2,0,-0.7112514842386338
9839,4,1070,-0.7248013785492359,6,8,0,0.6992736067890755
9840,4,1070,-0.7248013785492359,6,6,0,0.3065842344233632
9841,4,1070,-0.7248013785492359,4,4,0,0.595758618388293
9842,4,1070,-0.7248013785492359,5,5,0,0.0795011829360656
9843,4,1070,-0.7248013785492359,6,8,1,0.1365451705597233
9844,4,1070,-0.7248013785492359,6,2,0,1.2170685639271932
9845,4,1070,-0.7248013785492359,5,4,0,2.038305718849335
9846,4,1070,-0.7248013785492359,3,2,1,-0.8344629858219745
9847,4,1070,-0.7248013785492359,5,4,0,0.311259155290612
9848,4,1070,-0.7248013785492359,6,4,1,0.5495029214597351
9849,4,1070,-0.7248013785492359,7,5,1,1.2469336734505208
9850,4,1070,-0.7248013785492359,7,2,0,2.398687678937418
9851,4,1070,-0.7248013785492359,6,4,0,2.408138462732705
9852,4,1070,-0.7248013785492359,5,8,0,0.7373645987378873
9853,4,1070,-0.7248013785492359,6,4,0,-0.2501487163713504
9854,4,1070,-0.7248013785492359,6,4,1,0.2608867572282545
9855,4,1070,-0.7248013785492359,5,2,0,0.1551216983396342
9856,4,1070,-0.7248013785492359,7,4,1,1.172895673311497
9857,4,1070,-0.7248013785492359,6,4,0,0.4753745957219396
9858,4,1070,-0.7248013785492359,7,4,1,1.3470323036849043
9859,4,1070,-0.7248013785492359,6,4,1,0.819822417799389
9860,4,1070,-0.7248013785492359,6,4,1,0.0392523552589706
9861,4,1070,-0.7248013785492359,6,4,0,0.965895973693114
9862,4,1070,-0.7248013785492359,6,4,0,0.6171619887849739
9863,4,1070,-0.7248013785492359,3,4,0,-1.21817191255315
9864,4,1070,-0.7248013785492359,6,4,0,0.1120137594794874
9865,4,1070,-0.7248013785492359,5,4,0,0.2039483202752587
9866,4,1070,-0.7248013785492359,4,4,0,-0.2185699246925487
9867,4,1070,-0.7248013785492359,6,4,1,0.3865406663891193
9868,4,1070,-0.7248013785492359,7,8,0,1.2926054796482
9869,4,1070,-0.7248013785492359,5,4,0,0.7082544635812529
9870,4,1070,-0.7248013785492359,5,4,0,-0.4526946051186116
9871,4,1070,-0.7248013785492359,3,4,0,-0.0749330322629824
9872,4,1070,-0.7248013785492359,3,4,0,-1.3306753071106183
9873,4,1070,-0.7248013785492359,4,8,0,0.2072267737463121
9874,4,1070,-0.7248013785492359,6,8,0,0.4195627015487748
9875,4,1070,-0.7248013785492359,6,4,1,1.4264960063939665
9876,4,1070,-0.7248013785492359,4,5,0,0.7206136170043341
9877,4,1070,-0.7248013785492359,5,2,1,0.3425016313594066
9878,4,1070,-0.7248013785492359,6,4,1,-0.1209359962594134
9879,4,1070,-0.7248013785492359,6,4,0,1.1434801610378236
9880,4,1070,-0.7248013785492359,7,8,0,1.1454413087234572
9881,4,1070,-0.7248013785492359,4,2,0,1.6581121381506865
9882,4,1070,-0.7248013785492359,7,8,1,0.6834626055838312
9883,4,1070,-0.7248013785492359,4,2,1,-0.8036536609823888
9884,4,1070,-0.7248013785492359,3,2,0,-0.685231974676405
9885,4,1070,-0.7248013785492359,5,2,0,-0.3228137107738998
9886,4,1070,-0.7248013785492359,4,2,0,0.0884898509962432
9887,4,1070,-0.7248013785492359,5,2,0,1.7881611007186708
9888,4,1070,-0.7248013785492359,6,2,0,1.3177553157476751
9889,4,1070,-0.7248013785492359,5,8,1,0.5362687018555722
9890,4,1070,-0.7248013785492359,6,2,1,2.773734641535891
9891,4,1070,-0.7248013785492359,5,2,0,-1.947576058889376
9892,4,1070,-0.7248013785492359,5,2,0,-0.225735175862032
9893,4,1070,-0.7248013785492359,4,8,0,-0.734683259391781
9894,4,1070,-0.7248013785492359,2,7,0,-1.1760040876383675
9895,4,1070,-0.7248013785492359,6,4,0,0.8067820130692632
9896,4,1070,-0.7248013785492359,5,7,0,-1.313737915507185
9897,4,1070,-0.7248013785492359,6,4,0,0.811462796702133
9898,4,1070,-0.7248013785492359,6,4,1,0.556340435253744
9899,4,1070,-0.7248013785492359,6,8,0,-1.0466128572977529
9900,4,1070,-0.7248013785492359,6,2,0,1.12414809647638
9901,4,1070,-0.7248013785492359,6,8,0,1.8644752381204368
9902,4,1070,-0.7248013785492359,3,2,0,-0.3166749044859268
9903,4,1070,-0.7248013785492359,6,2,0,1.7576161247459157
9904,4,1070,-0.7248013785492359,6,2,0,0.3362795812704129
9905,4,1070,-0.7248013785492359,5,2,1,-0.0742482816571174
9906,4,1070,-0.7248013785492359,3,2,0,-1.7939797177072272
9907,4,1070,-0.7248013785492359,5,8,0,-0.1149356854298848
9908,4,1070,-0.7248013785492359,6,4,1,0.8597328790540562
9909,4,1070,-0.7248013785492359,5,2,0,0.6426648724037967
9910,4,1070,-0.7248013785492359,7,2,0,1.2004093751165037
9911,4,1070,-0.7248013785492359,6,7,0,-0.1244738415230611
9912,4,1070,-0.7248013785492359,7,4,1,1.9194632366073625
9913,4,1070,-0.7248013785492359,6,5,1,-0.018768452907703
9914,4,1070,-0.7248013785492359,4,2,0,-0.2550228223402795
9915,4,1070,-0.7248013785492359,5,2,0,-0.978512091137996
9916,4,1070,-0.7248013785492359,4,2,0,-0.36404148080226
9917,4,1070,-0.7248013785492359,6,2,0,-0.7155006274896495
9918,4,1070,-0.7248013785492359,5,8,0,-0.3690217239139198
9919,4,1070,-0.7248013785492359,4,2,0,-1.7307555382788875
9920,4,1070,-0.7248013785492359,6,4,1,0.8978351378356534
9921,4,1070,-0.7248013785492359,6,2,1,-0.0034329859256153
9922,4,1070,-0.7248013785492359,4,2,0,0.6390917177959861
9923,4,1070,-0.7248013785492359,6,2,0,-0.2852011913385873
9924,4,1070,-0.7248013785492359,4,2,0,-1.9231467147373127
9925,4,1070,-0.7248013785492359,5,2,1,0.8955930645844297
9926,4,1070,-0.7248013785492359,6,8,0,-0.0172549800163865
9927,4,1070,-0.7248013785492359,4,5,0,-0.3486678049810204
9928,4,1070,-0.7248013785492359,4,4,0,-1.70796950533424
9929,4,1070,-0.7248013785492359,4,2,0,-1.1483603111220786
9930,4,1070,-0.7248013785492359,5,2,0,-0.4282572133928525
9931,4,1070,-0.7248013785492359,2,2,0,-0.0839881157778386
9932,4,1070,-0.7248013785492359,5,2,0,0.5637929584138768
9933,4,1070,-0.7248013785492359,5,2,0,2.252849207663967
9934,4,1070,-0.7248013785492359,5,4,0,0.0010674923080341
9935,4,1070,-0.7248013785492359,5,2,0,-1.279109236133875
9936,4,1070,-0.7248013785492359,5,7,1,-0.2396289615263681
9937,4,1070,-0.7248013785492359,5,8,0,-0.8969460392516376
9938,4,1070,-0.7248013785492359,5,2,1,-1.4307442689538417
9939,4,1070,-0.7248013785492359,6,2,0,0.4346869620252323
9940,4,1070,-0.7248013785492359,6,4,0,0.6080493395458507
9941,4,1070,-0.7248013785492359,5,5,0,0.6618987047070526
9942,4,1070,-0.7248013785492359,4,8,0,0.8355382877206541
9943,4,1070,-0.7248013785492359,6,2,0,-0.1288261695709876
9944,4,1070,-0.7248013785492359,6,8,0,1.8023426589397589
9945,4,1070,-0.7248013785492359,7,2,1,1.7623687000230035
9946,4,1070,-0.7248013785492359,6,8,0,-0.2236876031577814
9947,4,1070,-0.7248013785492359,7,5,1,1.6585903679023273
9948,4,1070,-0.7248013785492359,6,4,0,0.5978014817988795
9949,4,1070,-0.7248013785492359,5,4,1,0.0948684716546266
9950,4,1070,-0.7248013785492359,5,2,0,0.196596748109066
9951,4,1070,-0.7248013785492359,6,2,1,0.1169945239845299
9952,4,1070,-0.7248013785492359,4,2,0,0.4634482444535151
9953,4,1070,-0.7248013785492359,5,2,0,-0.2402386416573808
9954,4,1070,-0.7248013785492359,6,2,0,0.3280397654954647
9955,4,1070,-0.7248013785492359,4,4,0,0.6846420332799795
9956,4,1070,-0.7248013785492359,2,2,0,-1.6042180391910992
9957,4,1070,-0.7248013785492359,5,8,0,-0.716906097540563
9958,4,1070,-0.7248013785492359,2,2,0,-1.686881652056038
9959,4,1070,-0.7248013785492359,5,2,0,-1.0606362813684886
9960,4,1070,-0.7248013785492359,5,2,0,-0.8897635469126787
9961,4,1070,-0.7248013785492359,3,2,0,-0.9565420308889476
9962,4,1070,-0.7248013785492359,5,4,0,0.212379817224554
9963,4,1070,-0.7248013785492359,5,2,0,-0.152340358899561
9964,4,1070,-0.7248013785492359,5,2,1,0.4615043041570281
9965,4,1070,-0.7248013785492359,3,5,0,-0.1596274493272509
9966,4,1070,-0.7248013785492359,6,2,0,1.7890023305359328
9967,4,1070,-0.7248013785492359,6,2,0,0.8214500089898052
9968,4,1070,-0.7248013785492359,4,2,0,-0.5590164494290599
9969,4,1070,-0.7248013785492359,3,2,0,-1.3498836358691193
9970,4,1070,-0.7248013785492359,5,2,1,-1.3160436537517326
9971,4,1070,-0.7248013785492359,5,2,0,0.6212950825697423
9972,4,1070,-0.7248013785492359,5,2,0,-0.9190403354351492
9973,4,1070,-0.7248013785492359,6,8,0,-0.7677578452691995
9974,4,1070,-0.7248013785492359,5,2,0,0.8650272347648136
9975,4,1070,-0.7248013785492359,4,2,0,-0.3991212020013805
9976,4,1070,-0.7248013785492359,3,2,0,-0.4145384818027562
9977,4,1070,-0.7248013785492359,3,8,0,-1.4440253147264
9978,4,1070,-0.7248013785492359,6,2,1,0.9555411391062324
9979,4,1070,-0.7248013785492359,5,2,0,-0.4732819444456814
9980,4,1070,-0.7248013785492359,5,5,0,0.5938265537538595
9981,4,1070,-0.7248013785492359,6,2,0,-0.1955119268346211
9982,4,1070,-0.7248013785492359,6,2,0,-0.0125962868623236
9983,4,1070,-0.7248013785492359,5,4,1,-0.4547565645772327
9984,4,1070,-0.7248013785492359,4,2,0,0.4481811329103569
9985,4,1070,-0.7248013785492359,5,2,0,-0.2575253231986862
9986,4,1070,-0.7248013785492359,4,2,0,-1.2228761056334796
9987,4,1070,-0.7248013785492359,7,2,1,1.328120273900676
9988,4,1070,-0.7248013785492359,4,2,0,0.5094750092335892
9989,4,1070,-0.7248013785492359,6,4,0,1.917313880468788
9990,4,1070,-0.7248013785492359,6,2,1,1.0820870787664914
9991,4,1070,-0.7248013785492359,3,2,0,0.4556852390197805
9992,4,1070,-0.7248013785492359,6,1,0,1.2262314368973266
9993,4,1070,-0.7248013785492359,4,2,1,-0.6637370903211587
9994,4,1070,-0.7248013785492359,5,4,0,-0.0721601584895521
9995,4,1070,-0.7248013785492359,7,2,1,2.4717722395343453
9996,4,1070,-0.7248013785492359,5,8,0,-0.2059791016559164
9997,4,1070,-0.7248013785492359,4,2,0,-0.7985869730262883
9998,4,1070,-0.7248013785492359,6,4,0,0.1255952992879557
9999,4,1070,-0.7248013785492359,5,2,0,0.9865958996877234
10000,4,1070,-0.7248013785492359,5,8,0,0.7969945434173695
10001,4,1070,-0.7248013785492359,5,2,1,-0.9753605456841592
10002,4,1070,-0.7248013785492359,7,7,0,1.255257658685322
10003,4,1070,-0.7248013785492359,5,4,1,-0.4524272395077605
10004,4,1070,-0.7248013785492359,5,8,0,0.5664154381023581
10005,4,1070,-0.7248013785492359,4,7,0,0.0269298177618929
10006,4,1070,-0.7248013785492359,6,4,0,-0.2787239150433242
10007,4,1070,-0.7248013785492359,7,4,1,1.6157779176737206
10008,3,851,-0.7853215678982359,4,8,1,-0.2185443281780761
10009,3,851,-0.7853215678982359,6,7,1,-0.6455854547580596
10010,3,851,-0.7853215678982359,6,2,1,0.0705437751079649
10011,3,851,-0.7853215678982359,5,8,1,-0.8517768782717855
10012,3,851,-0.7853215678982359,6,2,1,0.2067385799595493
10013,3,851,-0.7853215678982359,6,4,1,0.1452718163309073
10014,3,851,-0.7853215678982359,6,5,1,1.2716621520686433
10015,3,851,-0.7853215678982359,5,8,1,-0.1933850202185331
10016,3,851,-0.7853215678982359,5,4,0,0.5931893376924365
10017,3,851,-0.7853215678982359,5,2,0,0.9633349119759383
10018,3,851,-0.7853215678982359,6,5,1,1.7232277351767693
10019,3,851,-0.7853215678982359,7,4,1,1.6227829054937148
10020,3,851,-0.7853215678982359,5,2,1,-0.6529926214120906
10021,3,851,-0.7853215678982359,5,8,1,1.7907397158646765
10022,3,851,-0.7853215678982359,6,2,0,1.3572847984929284
10023,3,851,-0.7853215678982359,3,2,1,-0.8642610836079967
10024,3,851,-0.7853215678982359,5,2,1,0.6991942889187368
10025,3,851,-0.7853215678982359,5,4,0,0.1882742037491082
10026,3,851,-0.7853215678982359,7,8,1,2.6088072978594155
10027,3,851,-0.7853215678982359,6,7,1,2.641078248885535
10028,3,851,-0.7853215678982359,5,1,1,-0.1489163110599893
10029,3,851,-0.7853215678982359,5,8,0,-1.118902350813671
10030,3,851,-0.7853215678982359,5,5,1,0.1350216864310411
10031,3,851,-0.7853215678982359,7,8,1,1.674335544959367
10032,3,851,-0.7853215678982359,5,8,1,0.1782389658895546
10033,3,851,-0.7853215678982359,6,2,1,0.900918348298751
10034,3,851,-0.7853215678982359,6,4,1,-0.1378839096985613
10035,3,851,-0.7853215678982359,6,4,1,0.4057745072468351
10036,3,851,-0.7853215678982359,6,7,1,0.4016555898851793
10037,3,851,-0.7853215678982359,7,4,1,0.569898362040513
10038,3,851,-0.7853215678982359,5,2,1,-0.6379280661779775
10039,3,851,-0.7853215678982359,6,4,1,0.5183455622026015
10040,3,851,-0.7853215678982359,6,4,0,0.6349132912125266
10041,3,851,-0.7853215678982359,6,4,1,0.0934571041430249
10042,3,851,-0.7853215678982359,6,4,1,0.4160707622678012
10043,3,851,-0.7853215678982359,5,8,1,-0.714198400320069
10044,3,851,-0.7853215678982359,5,4,1,0.0430419499186257
10045,3,851,-0.7853215678982359,6,4,0,0.3400790492993745
10046,3,851,-0.7853215678982359,4,4,1,-1.9363210699010207
10047,3,851,-0.7853215678982359,5,8,1,0.7245578936533486
10048,3,851,-0.7853215678982359,6,4,1,1.1704693444029055
10049,3,851,-0.7853215678982359,6,4,1,0.4211321540032275
10050,3,851,-0.7853215678982359,4,4,0,-0.2391128132074738
10051,3,851,-0.7853215678982359,7,8,1,0.3645553650855205
10052,3,851,-0.7853215678982359,6,4,1,-0.611817719187431
10053,3,851,-0.7853215678982359,6,8,1,0.668379228247728
10054,3,851,-0.7853215678982359,5,7,1,-0.56655672530943
10055,3,851,-0.7853215678982359,7,4,1,0.2384312285440325
10056,3,851,-0.7853215678982359,4,4,1,0.7051189895094802
10057,3,851,-0.7853215678982359,6,4,0,-0.3827098439629702
10058,3,851,-0.7853215678982359,3,4,1,-0.3215957769490313
10059,3,851,-0.7853215678982359,6,4,1,1.4850409587461666
10060,3,851,-0.7853215678982359,5,5,0,1.16814409262185
10061,3,851,-0.7853215678982359,6,4,1,1.4052165380251076
10062,3,851,-0.7853215678982359,6,4,1,0.3983628842080247
10063,3,851,-0.7853215678982359,6,4,1,2.483361909467182
10064,3,851,-0.7853215678982359,7,4,1,0.8086427471005515
10065,3,851,-0.7853215678982359,7,4,1,2.996551579843703
10066,3,851,-0.7853215678982359,5,4,1,-0.6806782145230973
10067,3,851,-0.7853215678982359,5,4,1,-0.3783760821208699
10068,3,851,-0.7853215678982359,4,8,0,-0.1273115150095484
10069,3,851,-0.7853215678982359,6,4,0,1.266666312651609
10070,3,851,-0.7853215678982359,5,8,1,-1.828656163046548
10071,3,851,-0.7853215678982359,5,5,1,1.624482820993432
10072,3,851,-0.7853215678982359,7,4,1,2.4031020590028813
10073,3,851,-0.7853215678982359,7,4,1,1.625586223407501
10074,3,851,-0.7853215678982359,6,4,1,0.1261872415124625
10075,3,851,-0.7853215678982359,7,4,1,1.4145133532269167
10076,3,851,-0.7853215678982359,6,4,0,0.4574716719502594
10077,3,851,-0.7853215678982359,7,4,1,2.153774512091043
10078,3,851,-0.7853215678982359,5,4,1,0.5989461094867725
10079,3,851,-0.7853215678982359,6,4,1,0.4485642601078051
10080,3,851,-0.7853215678982359,4,2,1,0.3621032277167514
10081,3,851,-0.7853215678982359,4,1,1,-0.1319901214855276
10082,3,851,-0.7853215678982359,4,2,1,-0.9497220375113944
10083,3,851,-0.7853215678982359,7,4,1,1.842357358113657
10084,3,851,-0.7853215678982359,6,1,0,1.401935510050186
10085,3,851,-0.7853215678982359,5,2,1,0.5945191620240166
10086,3,851,-0.7853215678982359,5,2,1,1.0111699334497195
10087,3,851,-0.7853215678982359,5,2,1,-0.0770202401315622
10088,3,851,-0.7853215678982359,5,1,1,-0.7430547463569329
10089,3,851,-0.7853215678982359,5,1,1,0.1655746142126131
10090,3,851,-0.7853215678982359,6,2,1,2.136380505017881
10091,3,851,-0.7853215678982359,5,7,0,-1.1668013055126512
10092,3,851,-0.7853215678982359,6,2,1,0.4437864532504737
10093,3,851,-0.7853215678982359,5,2,0,-1.5682422975001873
10094,3,851,-0.7853215678982359,5,7,1,0.7818863234367103
10095,3,851,-0.7853215678982359,4,2,1,1.3187428156019407
10096,3,851,-0.7853215678982359,5,1,1,0.0956088329111505
10097,3,851,-0.7853215678982359,6,2,1,1.6011764762976497
10098,3,851,-0.7853215678982359,7,2,1,0.1653772072746257
10099,3,851,-0.7853215678982359,6,8,0,2.045367326132201
10100,3,851,-0.7853215678982359,6,2,0,1.0003094302038629
10101,3,851,-0.7853215678982359,5,2,1,0.5927732476294638
10102,3,851,-0.7853215678982359,5,2,1,1.7690502240331951
10103,3,851,-0.7853215678982359,5,2,1,-0.5214085685308251
10104,3,851,-0.7853215678982359,6,2,1,0.9693823555402288
10105,3,851,-0.7853215678982359,2,2,1,-0.386383018726145
10106,3,851,-0.7853215678982359,3,2,1,1.0610153621996563
10107,3,851,-0.7853215678982359,4,8,1,-1.2265701971980998
10108,3,851,-0.7853215678982359,5,4,1,-0.7499522792216379
10109,3,851,-0.7853215678982359,5,4,1,-0.2316426458780335
10110,3,851,-0.7853215678982359,4,8,1,-0.3482649253846728
10111,3,851,-0.7853215678982359,7,4,1,1.8623580902451549
10112,3,851,-0.7853215678982359,6,4,1,0.9536611440120324
10113,3,851,-0.7853215678982359,3,4,1,-0.3108936289441911
10114,3,851,-0.7853215678982359,4,2,0,0.0090424193957409
10115,3,851,-0.7853215678982359,6,4,1,-0.0894881953749438
10116,3,851,-0.7853215678982359,7,4,1,0.5588476776644226
10117,3,851,-0.7853215678982359,5,1,1,-0.2435376622562749
10118,3,851,-0.7853215678982359,5,4,1,0.3896469057916253
10119,3,851,-0.7853215678982359,5,4,0,1.1323372399312996
10120,3,851,-0.7853215678982359,4,8,1,-0.9502318640393616
10121,3,851,-0.7853215678982359,6,4,0,-0.1601495767693718
10122,3,851,-0.7853215678982359,6,4,1,-0.12060965520831
10123,3,851,-0.7853215678982359,5,8,0,-0.3711123800753498
10124,3,851,-0.7853215678982359,6,8,1,0.7936370524412625
10125,3,851,-0.7853215678982359,6,4,1,1.3988543026939797
10126,3,851,-0.7853215678982359,5,4,0,-1.079560652636786
10127,3,851,-0.7853215678982359,5,4,1,1.2752032213192763
10128,3,851,-0.7853215678982359,6,4,1,0.9804187179875522
10129,3,851,-0.7853215678982359,6,2,1,0.8313953797898331
10130,3,851,-0.7853215678982359,4,2,0,1.5286811894207784
10131,3,851,-0.7853215678982359,7,2,1,2.081601701566299
10132,3,851,-0.7853215678982359,7,2,1,1.8579803945933608
10133,3,851,-0.7853215678982359,6,7,1,0.2560604460696128
10134,3,851,-0.7853215678982359,7,7,1,1.456002247375073
10135,3,851,-0.7853215678982359,4,8,0,0.1469019066716511
10136,2,1259,-0.337134287725034,5,4,0,0.4953803637934489
10137,2,1259,-0.337134287725034,4,4,0,-1.9528697612683377
10138,2,1259,-0.337134287725034,7,4,0,1.1182107056945014
10139,2,1259,-0.337134287725034,5,8,0,-1.3092206580079948
10140,2,1259,-0.337134287725034,6,8,0,0.0041619160081379
10141,2,1259,-0.337134287725034,5,4,0,-0.8961253814899235
10142,2,1259,-0.337134287725034,4,2,0,0.3344100789535185
10143,2,1259,-0.337134287725034,7,5,1,1.836514879901292
10144,2,1259,-0.337134287725034,4,8,0,-1.42237250421818
10145,2,1259,-0.337134287725034,5,4,0,-0.680693007293657
10146,2,1259,-0.337134287725034,5,8,0,-0.4353180374942502
10147,2,1259,-0.337134287725034,5,8,1,1.8701225295518449
10148,2,1259,-0.337134287725034,6,5,1,1.21452031226418
10149,2,1259,-0.337134287725034,7,2,1,0.9105768673945012
10150,2,1259,-0.337134287725034,5,2,0,-0.4722739168402704
10151,2,1259,-0.337134287725034,3,4,0,-0.2877954152852331
10152,2,1259,-0.337134287725034,5,4,0,-0.3804265391389107
10153,2,1259,-0.337134287725034,6,4,0,0.4390484290056731
10154,2,1259,-0.337134287725034,5,8,0,1.1512115704785062
10155,2,1259,-0.337134287725034,3,2,1,-0.7943152263076503
10156,2,1259,-0.337134287725034,4,2,0,-0.741908698238179
10157,2,1259,-0.337134287725034,6,8,0,0.7668373619431014
10158,2,1259,-0.337134287725034,6,2,1,-0.3349198834861049
10159,2,1259,-0.337134287725034,6,4,0,1.767022727388696
10160,2,1259,-0.337134287725034,5,4,1,0.0243653722553622
10161,2,1259,-0.337134287725034,6,8,1,-0.2212992235556734
10162,2,1259,-0.337134287725034,6,8,0,0.7093858224558985
10163,2,1259,-0.337134287725034,6,2,0,1.113730260127973
10164,2,1259,-0.337134287725034,7,4,0,0.3974990942575172
10165,2,1259,-0.337134287725034,6,4,1,1.2343252607179216
10166,2,1259,-0.337134287725034,6,2,0,0.6205925383433566
10167,2,1259,-0.337134287725034,5,2,0,-0.4375173006685676
10168,2,1259,-0.337134287725034,6,8,0,0.3855826615152723
10169,2,1259,-0.337134287725034,4,2,0,-0.4153607625429894
10170,2,1259,-0.337134287725034,5,2,0,0.5346453869513101
10171,2,1259,-0.337134287725034,6,8,1,-0.2038580039646159
10172,2,1259,-0.337134287725034,5,2,1,0.3925382353669936
10173,2,1259,-0.337134287725034,5,2,0,-0.9181307159717116
10174,2,1259,-0.337134287725034,6,4,0,-0.3569911191820836
10175,2,1259,-0.337134287725034,5,8,0,-0.4609001816285116
10176,2,1259,-0.337134287725034,6,4,0,-0.6228964334907561
10177,2,1259,-0.337134287725034,7,5,0,1.9018654312725665
10178,2,1259,-0.337134287725034,6,4,1,-0.400711256074541
10179,2,1259,-0.337134287725034,7,2,1,0.5712508812874322
10180,2,1259,-0.337134287725034,5,8,0,0.5128937772005212
10181,2,1259,-0.337134287725034,6,8,1,-0.4174311499809908
10182,2,1259,-0.337134287725034,5,8,0,1.287928874566347
10183,2,1259,-0.337134287725034,5,2,0,-0.4091393087533825
10184,2,1259,-0.337134287725034,5,8,0,1.7136250862343363
10185,2,1259,-0.337134287725034,6,2,0,1.0979651373434558
10186,2,1259,-0.337134287725034,6,2,1,-0.1821442791378747
10187,2,1259,-0.337134287725034,6,2,1,0.8522867181994295
10188,2,1259,-0.337134287725034,5,4,0,-0.0502912282846119
10189,2,1259,-0.337134287725034,5,2,0,0.3231379923308232
10190,2,1259,-0.337134287725034,6,4,0,0.6468324515112577
10191,2,1259,-0.337134287725034,5,2,0,0.0182462202066455
10192,2,1259,-0.337134287725034,6,8,0,0.7524266141782786
10193,2,1259,-0.337134287725034,4,5,0,-0.0792515465459802
10194,2,1259,-0.337134287725034,6,2,0,-0.6429544839130928
10195,2,1259,-0.337134287725034,6,4,1,-0.2889310895242801
10196,2,1259,-0.337134287725034,6,8,1,-0.6749784800758291
10197,2,1259,-0.337134287725034,6,8,0,0.1893170912395523
10198,2,1259,-0.337134287725034,6,8,0,1.0819077009248343
10199,2,1259,-0.337134287725034,5,8,0,-0.0104669581796761
10200,2,1259,-0.337134287725034,5,2,0,-1.4082473847190036
10201,2,1259,-0.337134287725034,6,2,1,0.6829418334316092
10202,2,1259,-0.337134287725034,6,2,0,0.9005105142115314
10203,2,1259,-0.337134287725034,7,4,1,1.1051504285071378
10204,2,1259,-0.337134287725034,6,2,0,1.7131250548374128
10205,2,1259,-0.337134287725034,4,8,0,-1.0045160559979414
10206,2,1259,-0.337134287725034,5,8,0,0.240842442919235
10207,2,1259,-0.337134287725034,6,4,1,0.20575199577973
10208,2,1259,-0.337134287725034,5,4,0,0.355668332197694
10209,2,1259,-0.337134287725034,5,8,0,-0.5738898460697738
10210,2,1259,-0.337134287725034,5,4,0,-1.6178722322329102
10211,2,1259,-0.337134287725034,5,4,1,-1.196379277004743
10212,2,1259,-0.337134287725034,6,5,0,-0.0563191034171749
10213,2,1259,-0.337134287725034,5,4,0,-0.4812205043211781
10214,2,1259,-0.337134287725034,5,4,0,0.0475878538282556
10215,2,1259,-0.337134287725034,4,2,0,-0.3552741569673134
10216,2,1259,-0.337134287725034,7,4,0,0.6132022077036238
10217,2,1259,-0.337134287725034,6,2,0,0.4691089037563645
10218,2,1259,-0.337134287725034,5,8,0,-1.334728223701523
10219,2,1259,-0.337134287725034,5,4,0,-0.1306559846990772
10220,2,1259,-0.337134287725034,6,4,0,-0.3263590455897724
10221,2,1259,-0.337134287725034,5,2,0,-0.068257626036807
10222,2,1259,-0.337134287725034,6,2,0,1.5018105518739584
10223,2,1259,-0.337134287725034,6,8,1,1.2480308426221278
10224,2,1259,-0.337134287725034,6,8,0,1.4756562994594882
10225,2,1259,-0.337134287725034,6,2,0,0.563030169130188
10226,2,1259,-0.337134287725034,6,2,0,1.1471879328757886
10227,2,1259,-0.337134287725034,5,8,1,0.287533145399249
10228,2,1259,-0.337134287725034,6,4,0,0.2806103040715724
10229,2,1259,-0.337134287725034,6,6,0,-0.0813606383821547
10230,2,1259,-0.337134287725034,5,2,0,-1.0042553622534358
10231,2,1259,-0.337134287725034,6,2,0,0.2147391184952602
10232,2,1259,-0.337134287725034,5,2,0,0.8777929991230092
10233,2,1259,-0.337134287725034,6,8,0,0.9301130380832092
10234,2,1259,-0.337134287725034,6,4,0,0.6492822989727087
10235,2,1259,-0.337134287725034,6,2,0,0.5220520665165498
10236,2,1259,-0.337134287725034,6,8,1,0.0583592822693817
10237,2,1259,-0.337134287725034,5,2,0,-0.2662649348906885
10238,2,1259,-0.337134287725034,6,2,1,0.3569637875131909
10239,2,1259,-0.337134287725034,7,2,0,0.3045423361804446
10240,2,1259,-0.337134287725034,5,2,0,-1.1325544504491525
10241,2,1259,-0.337134287725034,6,8,0,2.2594102292680915
10242,2,1259,-0.337134287725034,4,2,0,-1.824868308419265
10243,2,1259,-0.337134287725034,4,2,0,-1.2201255138086429
10244,2,1259,-0.337134287725034,5,8,0,-0.5624765833716091
10245,2,1259,-0.337134287725034,4,8,1,-1.5479126963184373
10246,2,1259,-0.337134287725034,5,4,0,-1.2425692981389809
10247,2,1259,-0.337134287725034,6,2,0,-0.2669466846275631
10248,2,1259,-0.337134287725034,4,2,0,-0.6804865840967124
10249,2,1259,-0.337134287725034,5,2,0,-0.7999302974922873
10250,2,1259,-0.337134287725034,6,8,0,-1.0809418679037053
10251,2,1259,-0.337134287725034,5,2,0,1.5294036196892082
10252,2,1259,-0.337134287725034,6,2,1,-0.0278576792217763
10253,2,1259,-0.337134287725034,6,2,1,-0.3854462969976453
10254,2,1259,-0.337134287725034,6,2,1,0.9172102504609714
10255,2,1259,-0.337134287725034,5,2,0,0.2533378497299437
10256,2,1259,-0.337134287725034,6,4,1,0.9956884053482328
10257,2,1259,-0.337134287725034,6,2,0,0.1583782564823005
10258,2,1259,-0.337134287725034,2,4,0,0.2937976152790783
10259,2,1259,-0.337134287725034,5,2,0,0.035981160976474
10260,2,1259,-0.337134287725034,6,2,1,-0.3707580992717909
10261,2,1259,-0.337134287725034,6,2,0,0.0078708238826521
10262,2,1259,-0.337134287725034,5,2,0,0.4041945588818226
10263,2,1259,-0.337134287725034,6,2,0,-0.8093047435659885
10264,2,1259,-0.337134287725034,7,2,0,1.0408146119098165
10265,2,1259,-0.337134287725034,5,4,0,-0.3168250941044677
10266,2,1259,-0.337134287725034,5,4,0,-0.5147687406783505
10267,2,1259,-0.337134287725034,5,4,0,-0.2435191842843196
10268,2,1259,-0.337134287725034,5,4,1,-0.4510118819823541
10269,2,1259,-0.337134287725034,5,4,0,-0.571881158511336
10270,2,1259,-0.337134287725034,4,4,0,-0.7026036709610584
10271,2,1259,-0.337134287725034,6,2,0,-1.46758889735408
10272,2,1259,-0.337134287725034,6,2,0,0.6458998958205246
10273,2,1259,-0.337134287725034,6,2,1,0.8483103813214085
10274,2,1259,-0.337134287725034,5,8,0,-0.2194736700238445
10275,2,1259,-0.337134287725034,6,2,0,-0.0490458495175904
10276,2,1259,-0.337134287725034,6,2,0,-1.454663857354867
10277,2,1259,-0.337134287725034,6,2,0,-1.2057950546054883
10278,2,1259,-0.337134287725034,4,2,0,0.688874620500609
10279,2,1259,-0.337134287725034,6,2,0,-0.2535949313112302
10280,2,1259,-0.337134287725034,6,2,1,0.2803242664124293
10281,2,1259,-0.337134287725034,4,2,0,-0.8740938506229916
10282,2,1259,-0.337134287725034,7,4,1,-0.0108624485119169
10283,2,1259,-0.337134287725034,5,2,0,0.6213507236186981
10284,2,1259,-0.337134287725034,6,2,1,1.3557176268744608
10285,2,1259,-0.337134287725034,5,8,0,-0.3696737171582652
10286,2,1259,-0.337134287725034,2,2,0,-0.2550107369707185
10287,2,1259,-0.337134287725034,4,8,0,-1.3437117712712912
10288,2,1259,-0.337134287725034,6,2,0,0.7336881151714838
10289,2,1259,-0.337134287725034,6,2,1,0.676652919023752
10290,2,1259,-0.337134287725034,5,2,0,-0.2141510563794061
10291,2,1259,-0.337134287725034,5,2,1,-0.2657250467832984
10292,2,1259,-0.337134287725034,6,8,0,0.567756471805347
10293,2,1259,-0.337134287725034,5,2,0,-0.0413280088032669
10294,2,1259,-0.337134287725034,4,2,0,-1.5722148723202185
10295,2,1259,-0.337134287725034,6,8,0,-0.451744266328189
10296,2,1259,-0.337134287725034,5,8,0,0.3687629562974952
10297,2,1259,-0.337134287725034,6,4,0,-0.0720567815654901
10298,2,1259,-0.337134287725034,6,2,1,0.5214204831309066
10299,2,1259,-0.337134287725034,5,4,0,-0.5972674873290161
10300,2,1259,-0.337134287725034,7,4,0,0.9322735779698522
10301,2,1259,-0.337134287725034,3,4,0,-2.131908448839729
10302,2,1259,-0.337134287725034,7,8,1,0.9546327189429408
10303,2,1259,-0.337134287725034,6,8,0,-0.5514712798880638
10304,2,1259,-0.337134287725034,2,8,0,0.4498734318218736
10305,2,1259,-0.337134287725034,3,8,0,-1.692870673096668
10306,2,1259,-0.337134287725034,5,2,0,0.9564853737864448
10307,2,1259,-0.337134287725034,6,8,1,-0.5475098149451375
10308,2,1259,-0.337134287725034,5,2,0,0.9735875110619824
10309,2,1259,-0.337134287725034,6,8,0,-0.0723575554137272
10310,2,1259,-0.337134287725034,5,2,0,-0.5021267051962581
10311,2,1259,-0.337134287725034,5,3,0,-0.1278804335703643
10312,2,1259,-0.337134287725034,7,4,0,0.7354883353228195
10313,2,1259,-0.337134287725034,5,2,0,0.053169742752254
10314,2,1259,-0.337134287725034,5,2,0,0.339967870687201
10315,2,1259,-0.337134287725034,3,2,0,0.5495466174578895
10316,2,1259,-0.337134287725034,4,2,0,-0.3918924783575885
10317,2,1259,-0.337134287725034,4,2,0,1.234163135398731
10318,2,1259,-0.337134287725034,5,4,0,-0.9189997461828512
10319,2,1259,-0.337134287725034,5,8,0,-0.8020023991550307
10320,2,1259,-0.337134287725034,4,2,1,-0.3405776734638187
10321,2,1259,-0.337134287725034,5,2,0,-1.8481257955746568
10322,2,1259,-0.337134287725034,1,2,0,-0.3379503553840338
10323,2,1259,-0.337134287725034,5,2,0,-0.0721150131124873
10324,2,1259,-0.337134287725034,6,2,0,1.0182716777825358
10325,2,1259,-0.337134287725034,3,2,1,-1.2804593056398628
10326,2,1259,-0.337134287725034,5,2,1,-0.0856141854673864
10327,2,1259,-0.337134287725034,5,2,0,-0.0153146915353386
10328,2,1259,-0.337134287725034,5,2,0,0.3609095401895097
10329,2,1259,-0.337134287725034,4,2,0,-0.1925038887600174
10330,2,1259,-0.337134287725034,4,2,0,0.4995588817925426
10331,2,1259,-0.337134287725034,5,8,0,0.7011483500949836
10332,2,1259,-0.337134287725034,7,2,1,0.8356732918632295
10333,2,1259,-0.337134287725034,5,2,1,-0.6225958056995373
10334,2,1259,-0.337134287725034,4,2,0,-0.7238132238811438
10335,2,1259,-0.337134287725034,5,4,0,-0.135473330299814
10336,2,1259,-0.337134287725034,5,2,0,-0.8085077514442444
10337,2,1259,-0.337134287725034,5,3,0,-0.1989453181209904
10338,2,1259,-0.337134287725034,5,2,0,0.4329232532456407
10339,2,1259,-0.337134287725034,4,2,0,0.9418165269434232
10340,2,1259,-0.337134287725034,3,5,0,-1.6680192001439236
10341,2,1259,-0.337134287725034,5,8,0,-0.2678624896010289
10342,2,1259,-0.337134287725034,5,2,1,1.1120567041056433
10343,1,323,1.00506302134088,3,3,0,-0.6729857278041511
10344,1,323,1.00506302134088,7,8,0,-0.1498710599352732
10345,1,323,1.00506302134088,6,8,1,0.0083138957169316
10346,1,323,1.00506302134088,3,8,0,-0.6982944069266042
10347,1,323,1.00506302134088,7,2,1,-0.311644216898451
10348,1,323,1.00506302134088,5,4,0,-0.8885143700074488
10349,1,323,1.00506302134088,5,3,0,-0.3653371967296886
10350,1,323,1.00506302134088,6,3,0,-0.9831708720592328
10351,1,323,1.00506302134088,5,4,0,-1.2413258684624633
10352,1,323,1.00506302134088,6,4,0,-1.5479239606304658
10353,1,323,1.00506302134088,5,5,0,0.1352775018630167
10354,1,323,1.00506302134088,5,4,0,-0.2832036730728864
10355,1,323,1.00506302134088,6,3,1,-0.6987976810375218
10356,1,323,1.00506302134088,5,3,0,0.5595668812539564
10357,1,323,1.00506302134088,5,8,0,-0.9230807373699568
10358,1,323,1.00506302134088,7,4,1,0.5069608666719138
10359,1,323,1.00506302134088,5,8,0,-0.4934981327608279
10360,1,323,1.00506302134088,5,3,1,-1.4754777203605236
10361,1,323,1.00506302134088,6,3,0,0.0639473428888638
10362,1,323,1.00506302134088,5,8,0,-1.408578221700951
10363,1,323,1.00506302134088,3,3,0,-2.396070099380903
10364,1,323,1.00506302134088,5,3,0,0.4389298049899704
10365,1,323,1.00506302134088,6,4,0,0.4392315166802046
10366,1,323,1.00506302134088,3,8,0,-0.6579364770993305
10367,1,323,1.00506302134088,4,2,0,-1.920788572840293
10368,1,323,1.00506302134088,2,3,0,-1.764776018759343
10369,1,323,1.00506302134088,6,2,0,-0.3342260462448958
10370,1,323,1.00506302134088,5,2,0,-1.0247956473275517
10371,1,323,1.00506302134088,4,3,1,-1.3385100992863506
10372,1,323,1.00506302134088,6,3,0,-0.1420015003516762
10373,1,323,1.00506302134088,6,8,1,-0.6484563019516069
10374,1,323,1.00506302134088,5,3,0,-0.0351888378489956
10375,1,323,1.00506302134088,5,3,0,-1.3886731373406505
10376,1,323,1.00506302134088,3,4,0,-2.017820219246289
10377,1,323,1.00506302134088,6,4,0,-0.2979267193895
10378,1,323,1.00506302134088,6,4,1,0.0936425477103033
10379,1,323,1.00506302134088,3,2,0,-0.8382571639583789
10380,1,323,1.00506302134088,3,4,0,-0.8825651881196516
10381,1,323,1.00506302134088,5,2,0,-0.4026442804823459
10382,1,323,1.00506302134088,5,8,0,-1.3971908805672149
10383,1,323,1.00506302134088,5,4,0,0.2331895124965558
10384,1,323,1.00506302134088,5,4,0,-0.6093326799830339
10385,1,323,1.00506302134088,5,4,0,-0.2394274314588948
10386,1,323,1.00506302134088,7,4,0,0.8088667165617359
10387,1,323,1.00506302134088,7,4,0,-0.1560629732794462
10388,1,323,1.00506302134088,2,8,0,0.3708200932516202
10389,1,323,1.00506302134088,5,4,0,-0.3962967072434492
10390,1,323,1.00506302134088,5,1,1,0.4789700572029168
